{
  "accuracy": 0.9048,
  "report": {
    "0": {
      "precision": 1.0,
      "recall": 0.8888888888888888,
      "f1-score": 0.9411764705882353,
      "support": 36.0
    },
    "1": {
      "precision": 0.8679245283018868,
      "recall": 0.9387755102040817,
      "f1-score": 0.9019607843137255,
      "support": 49.0
    },
    "2": {
      "precision": 0.85,
      "recall": 0.85,
      "f1-score": 0.85,
      "support": 20.0
    },
    "accuracy": 0.9047619047619048,
    "macro avg": {
      "precision": 0.9059748427672956,
      "recall": 0.8925547996976569,
      "f1-score": 0.8977124183006536,
      "support": 105.0
    },
    "weighted avg": {
      "precision": 0.9097933513027854,
      "recall": 0.9047619047619048,
      "f1-score": 0.9055088702147526,
      "support": 105.0
    }
  }
}