farm_id,crop,date,sm_avg_7d,rain_sum_7d,temp_var_7d,humidity_avg_7d,n_avg_7d,p_avg_7d,k_avg_7d,sm_deviation,rain_deviation,days_since_planting,yield_idx,yield_kg,tier,days_to_harvest
UG-GUL-0001,maize,2025-12-13T00:00:00,15.141,9.91,5.19,49.513,49.2,19.7,179.3,6.859,15.757,6,0.517,4034.6,1,113
UG-GUL-0001,maize,2025-12-14T00:00:00,14.829,8.64,4.685,48.044,49.0,19.6,179.3,7.171,17.027,7,0.481,3754.5,1,113
UG-GUL-0001,maize,2025-12-15T00:00:00,14.963,8.23,5.655,47.701,48.9,19.8,179.3,7.037,17.437,8,0.504,3932.9,1,112
UG-GUL-0001,maize,2025-12-16T00:00:00,14.974,9.7,4.102,46.926,48.7,19.7,178.8,7.026,15.967,9,0.509,3970.6,1,110
UG-GUL-0001,maize,2025-12-17T00:00:00,15.064,10.33,3.282,46.816,48.6,19.7,178.4,6.936,15.337,10,0.55,4291.7,1,109
UG-GUL-0001,maize,2025-12-18T00:00:00,15.104,14.39,2.273,44.707,48.5,19.7,178.3,6.896,11.277,11,0.547,4269.6,1,106
UG-GUL-0001,maize,2025-12-19T00:00:00,14.861,17.18,2.131,45.624,48.3,19.4,178.7,7.139,8.487,12,0.595,4637.8,1,105
UG-GUL-0001,maize,2025-12-20T00:00:00,15.011,19.09,1.753,45.544,48.1,19.6,178.7,6.989,6.577,13,0.588,4586.0,1,103
UG-GUL-0001,maize,2025-12-21T00:00:00,15.504,19.09,2.031,46.621,48.0,19.7,178.5,6.496,6.577,14,0.6,4677.5,1,102
UG-GUL-0001,maize,2025-12-22T00:00:00,16.199,15.69,1.711,48.026,48.1,19.5,178.5,5.801,9.977,15,0.611,4768.9,1,101
UG-GUL-0001,maize,2025-12-23T00:00:00,16.59,13.45,1.711,49.581,47.9,19.7,178.8,5.41,12.217,16,0.598,4665.8,1,101
UG-GUL-0001,maize,2025-12-24T00:00:00,16.756,15.47,1.426,51.259,47.8,19.6,179.2,5.244,10.197,17,0.599,4669.1,1,99
UG-GUL-0001,maize,2025-12-25T00:00:00,17.183,13.75,2.485,52.159,47.6,19.5,179.3,4.817,11.917,18,0.587,4581.0,1,99
UG-GUL-0001,maize,2025-12-26T00:00:00,17.643,9.47,3.507,53.044,47.2,19.6,178.9,4.357,16.197,19,0.518,4038.1,1,99
UG-GUL-0001,maize,2025-12-27T00:00:00,17.831,6.93,2.938,54.156,47.2,19.7,178.5,4.169,18.737,20,0.589,4594.0,1,98
UG-GUL-0001,maize,2025-12-28T00:00:00,17.767,7.92,1.6,55.014,46.9,19.5,178.2,4.233,17.747,21,0.581,4535.2,1,96
UG-GUL-0001,maize,2025-12-29T00:00:00,17.291,12.97,1.656,55.053,46.4,19.6,178.6,4.709,12.697,22,0.612,4776.1,1,94
UG-GUL-0001,maize,2025-12-30T00:00:00,17.187,15.38,1.471,56.147,46.1,19.4,178.3,4.813,10.287,23,0.562,4383.7,1,93
UG-GUL-0001,maize,2025-12-31T00:00:00,17.393,14.55,1.126,56.849,46.0,19.3,177.9,4.607,11.117,24,0.59,4604.6,1,92
UG-GUL-0001,maize,2026-01-01T00:00:00,17.131,14.72,1.226,57.371,45.9,19.3,177.8,4.869,10.947,25,0.594,4632.2,1,91
UG-GUL-0001,maize,2026-01-02T00:00:00,17.366,18.9,0.324,57.36,46.0,19.2,177.5,4.634,6.767,26,0.593,4625.4,1,88
UG-GUL-0001,maize,2026-01-03T00:00:00,17.39,21.36,0.397,58.801,45.8,19.0,177.7,4.61,4.307,27,0.695,5421.3,1,87
UG-GUL-0001,maize,2026-01-04T00:00:00,17.531,23.99,0.38,59.311,45.7,19.0,178.1,4.469,1.677,28,0.736,5737.9,2,85
UG-GUL-0001,maize,2026-01-05T00:00:00,17.907,23.02,0.353,59.719,45.7,18.9,177.4,4.093,2.647,29,0.751,5856.5,2,84
UG-GUL-0001,maize,2026-01-06T00:00:00,17.996,20.95,1.185,58.777,45.6,18.9,176.6,4.004,4.717,30,0.632,4928.7,1,84
UG-GUL-0001,maize,2026-01-07T00:00:00,18.24,23.67,1.51,59.77,45.3,19.1,176.2,3.76,1.997,31,0.689,5375.2,1,82
UG-GUL-0001,maize,2026-01-08T00:00:00,18.597,24.94,1.858,60.696,45.2,19.1,175.9,3.403,0.727,32,0.737,5752.3,2,81
UG-GUL-0001,maize,2026-01-09T00:00:00,18.577,25.74,1.914,60.28,45.1,19.1,175.5,3.423,0.073,33,0.695,5417.8,1,80
UG-GUL-0001,maize,2026-01-10T00:00:00,18.799,27.73,3.442,59.637,45.0,19.1,175.2,3.201,2.063,34,0.663,5167.6,1,80
UG-GUL-0001,maize,2026-01-11T00:00:00,18.733,29.15,3.348,59.489,44.9,19.1,174.8,3.267,3.483,35,0.611,4763.2,1,79
UG-GUL-0001,maize,2026-01-12T00:00:00,19.096,29.61,3.357,59.837,44.6,19.2,174.7,2.904,3.943,36,0.702,5477.9,2,78
UG-GUL-0001,maize,2026-01-13T00:00:00,19.209,28.05,2.889,59.821,44.4,19.2,175.0,2.791,2.383,37,0.684,5335.9,1,76
UG-GUL-0001,maize,2026-01-14T00:00:00,19.241,29.4,2.9,58.627,44.3,19.0,175.0,2.759,3.733,38,0.651,5075.1,1,76
UG-GUL-0001,maize,2026-01-15T00:00:00,19.216,35.18,2.159,59.026,44.0,18.8,174.9,2.784,9.513,39,0.637,4970.8,1,76
UG-GUL-0001,maize,2026-01-16T00:00:00,19.426,34.7,2.526,58.917,43.7,18.8,175.0,2.574,9.033,40,0.636,4964.6,1,75
UG-GUL-0001,maize,2026-01-17T00:00:00,19.466,38.37,2.048,58.243,43.4,18.8,174.7,2.534,12.703,41,0.61,4761.0,1,74
UG-GUL-0001,maize,2026-01-18T00:00:00,19.789,39.93,2.093,58.741,43.1,18.8,175.2,2.211,14.263,42,0.59,4604.9,1,73
UG-GUL-0001,maize,2026-01-19T00:00:00,19.776,40.35,2.465,58.846,43.0,18.6,175.1,2.224,14.683,43,0.638,4975.1,1,73
UG-GUL-0001,maize,2026-01-20T00:00:00,20.299,40.12,2.528,60.47,43.1,18.5,175.3,1.701,14.453,44,0.594,4633.7,1,71
UG-GUL-0001,maize,2026-01-21T00:00:00,20.169,42.15,1.618,60.713,42.7,18.5,175.2,1.831,16.483,45,0.634,4946.2,1,71
UG-GUL-0001,maize,2026-01-22T00:00:00,20.564,36.74,1.169,61.379,42.8,18.5,175.4,1.436,11.073,46,0.655,5112.0,1,68
UG-GUL-0001,maize,2026-01-23T00:00:00,20.686,37.17,1.14,61.77,42.7,18.4,175.4,1.314,11.503,47,0.647,5046.2,1,67
UG-GUL-0001,maize,2026-01-24T00:00:00,20.893,35.9,0.679,62.591,42.6,18.4,175.5,1.107,10.233,48,0.651,5077.1,1,65
UG-GUL-0001,maize,2026-01-25T00:00:00,20.973,35.52,0.781,62.25,42.5,18.4,174.5,1.027,9.853,49,0.686,5348.6,1,64
UG-GUL-0001,maize,2026-01-26T00:00:00,20.88,36.47,0.957,62.7,42.4,18.5,174.1,1.12,10.803,50,0.649,5060.2,1,64
UG-GUL-0001,maize,2026-01-27T00:00:00,20.676,40.49,1.547,61.84,42.1,18.5,173.7,1.324,14.823,51,0.576,4489.1,1,64
UG-GUL-0001,maize,2026-01-28T00:00:00,20.954,39.51,1.415,61.511,42.0,18.4,173.7,1.046,13.843,52,0.587,4581.2,1,62
UG-GUL-0001,maize,2026-01-29T00:00:00,20.766,43.19,1.469,60.277,41.8,18.4,173.9,1.234,17.523,53,0.596,4646.3,1,62
UG-GUL-0001,maize,2026-01-30T00:00:00,20.764,40.75,1.796,60.546,41.7,18.3,173.8,1.236,15.083,54,0.571,4457.5,1,61
UG-GUL-0001,maize,2026-01-31T00:00:00,20.569,41.78,2.615,61.614,41.5,18.3,173.7,1.431,16.113,55,0.579,4519.8,1,61
UG-GUL-0001,maize,2026-02-01T00:00:00,20.577,41.9,2.806,60.996,41.3,18.3,174.3,1.423,16.233,56,0.611,4763.1,1,60
UG-GUL-0001,maize,2026-02-02T00:00:00,20.763,41.15,2.771,60.256,41.2,18.3,174.6,1.237,15.483,57,0.597,4655.4,1,58
UG-GUL-0001,maize,2026-02-03T00:00:00,20.846,40.85,2.279,60.101,41.0,18.3,174.3,1.154,15.183,58,0.572,4461.3,1,57
UG-GUL-0001,maize,2026-02-04T00:00:00,20.747,39.12,2.775,59.95,40.9,18.3,174.1,1.253,13.453,59,0.645,5032.1,1,56
UG-GUL-0001,maize,2026-02-05T00:00:00,21.131,38.62,2.94,60.86,40.8,18.4,173.3,0.869,12.953,60,0.628,4894.8,1,55
UG-GUL-0001,maize,2026-02-06T00:00:00,20.986,39.18,2.148,61.019,40.7,18.4,172.9,1.014,13.513,61,0.64,4989.3,1,54
UG-GUL-0001,maize,2026-02-07T00:00:00,21.159,34.87,1.834,61.181,40.4,18.5,172.7,0.841,9.203,62,0.579,4519.9,1,51
UG-GUL-0001,maize,2026-02-08T00:00:00,21.296,34.26,3.262,62.3,40.3,18.3,171.9,0.704,8.593,63,0.654,5099.4,1,51
UG-GUL-0001,maize,2026-02-09T00:00:00,21.44,38.06,2.972,62.986,40.1,18.3,171.4,0.56,12.393,64,0.641,5002.7,1,50
UG-GUL-0001,maize,2026-02-10T00:00:00,21.343,37.89,3.002,62.334,40.2,18.2,171.6,0.657,12.223,65,0.667,5198.9,1,49
UG-GUL-0001,maize,2026-02-11T00:00:00,21.481,38.06,5.931,63.8,40.1,18.1,171.4,0.519,12.393,66,0.557,4347.7,1,49
UG-GUL-0001,maize,2026-02-12T00:00:00,21.396,33.83,5.014,62.891,39.8,18.1,171.0,0.604,8.163,67,0.673,5247.6,1,47
UG-GUL-0001,maize,2026-02-13T00:00:00,21.719,36.01,4.66,64.613,39.6,18.1,171.2,0.281,10.343,68,0.675,5261.6,1,46
UG-GUL-0001,maize,2026-02-14T00:00:00,21.694,35.49,6.644,64.673,39.7,17.9,171.6,0.306,9.823,69,0.559,4362.6,1,46
UG-GUL-0001,maize,2026-02-15T00:00:00,21.431,33.28,5.66,64.841,39.5,18.0,171.6,0.569,7.613,70,0.651,5081.4,1,44
UG-GUL-0001,maize,2026-02-16T00:00:00,21.219,29.71,5.74,64.466,39.6,17.8,171.4,0.781,4.043,71,0.68,5306.4,1,42
UG-GUL-0001,maize,2026-02-17T00:00:00,21.276,33.74,5.45,66.007,39.4,17.9,171.1,0.724,8.073,72,0.621,4844.2,1,42
UG-GUL-0001,maize,2026-02-18T00:00:00,21.214,35.94,2.943,65.929,39.2,17.8,171.3,0.786,10.273,73,0.609,4753.2,1,41
UG-GUL-0001,maize,2026-02-19T00:00:00,21.15,41.12,2.771,66.37,39.2,17.6,171.6,0.85,15.453,74,0.602,4691.9,1,41
UG-GUL-0001,maize,2026-02-20T00:00:00,20.846,41.06,2.727,66.184,39.0,17.6,171.7,1.154,15.393,75,0.558,4354.8,1,40
UG-GUL-0001,maize,2026-02-21T00:00:00,21.046,44.23,0.971,65.44,38.8,17.5,171.5,0.954,18.563,76,0.56,4371.3,1,39
UG-GUL-0001,maize,2026-02-22T00:00:00,21.023,47.44,0.942,65.427,38.9,17.6,171.4,0.977,21.773,77,0.566,4413.7,1,39
UG-GUL-0001,maize,2026-02-23T00:00:00,21.247,49.72,0.863,67.44,38.6,17.6,171.7,0.753,24.053,78,0.579,4519.7,1,38
UG-GUL-0001,maize,2026-02-24T00:00:00,21.124,45.69,0.557,66.576,38.3,17.5,171.7,0.876,20.023,79,0.576,4491.3,1,36
UG-GUL-0001,maize,2026-02-25T00:00:00,21.181,45.99,0.619,66.107,38.1,17.5,171.8,0.819,20.323,80,0.56,4370.5,1,35
UG-GUL-0001,maize,2026-02-26T00:00:00,21.151,40.36,0.505,66.334,38.1,17.5,171.3,0.849,14.693,81,0.587,4575.9,1,33
UG-GUL-0001,maize,2026-02-27T00:00:00,21.25,43.23,1.467,64.787,38.0,17.4,171.2,0.75,17.563,82,0.54,4209.3,1,33
UG-GUL-0001,maize,2026-02-28T00:00:00,21.046,39.2,1.686,64.947,37.9,17.5,171.0,0.954,13.533,83,0.63,4917.1,1,31
UG-GUL-0001,maize,2026-03-01T00:00:00,21.266,39.6,1.712,64.451,37.6,17.3,170.6,0.734,13.933,84,0.59,4602.5,1,30
UG-GUL-0001,maize,2026-03-02T00:00:00,20.96,37.81,1.724,62.643,37.4,17.2,170.6,1.04,12.143,85,0.638,4973.9,1,29
UG-GUL-0001,maize,2026-03-03T00:00:00,21.089,36.57,1.812,62.454,37.2,17.2,170.8,0.911,10.903,86,0.604,4710.6,1,28
UG-GUL-0001,maize,2026-03-04T00:00:00,20.917,35.85,1.647,63.209,37.2,17.2,169.9,1.083,10.183,87,0.598,4664.8,1,27
UG-GUL-0001,maize,2026-03-05T00:00:00,20.996,39.6,2.283,61.707,36.9,17.2,170.1,1.004,13.933,88,0.596,4652.5,1,27
UG-GUL-0001,maize,2026-03-06T00:00:00,21.219,34.95,2.111,62.186,36.7,17.3,169.6,0.781,9.283,89,0.622,4853.7,1,25
UG-GUL-0001,maize,2026-03-07T00:00:00,21.273,35.12,2.938,60.139,36.5,17.1,169.2,0.727,9.453,90,0.581,4529.7,1,24
UG-GUL-0001,maize,2026-03-08T00:00:00,21.289,33.55,2.081,59.846,36.3,17.1,169.5,0.711,7.883,91,0.689,5375.7,1,22
UG-GUL-0001,maize,2026-03-09T00:00:00,21.364,31.89,3.018,58.961,35.9,17.1,169.0,0.636,6.223,92,0.622,4855.2,1,21
UG-GUL-0001,maize,2026-03-10T00:00:00,21.349,33.52,3.522,58.649,35.6,17.2,168.4,0.651,7.853,93,0.652,5088.4,1,21
UG-GUL-0001,maize,2026-03-11T00:00:00,21.271,33.24,4.386,57.761,35.4,17.0,168.9,0.729,7.573,94,0.646,5035.3,1,20
UG-GUL-0001,maize,2026-03-12T00:00:00,20.976,29.82,3.388,57.663,35.3,17.0,169.1,1.024,4.153,95,0.61,4759.0,1,18
UG-GUL-0001,maize,2026-03-13T00:00:00,20.39,29.56,3.76,57.394,35.2,17.0,169.2,1.61,3.893,96,0.609,4749.3,1,17
UG-GUL-0001,maize,2026-03-14T00:00:00,20.0,32.76,2.573,58.289,35.3,17.2,169.3,2.0,7.093,97,0.606,4730.4,1,17
UG-GUL-0001,maize,2026-03-15T00:00:00,19.373,33.4,3.004,59.6,35.5,17.2,169.4,2.627,7.733,98,0.574,4473.6,1,17
UG-GUL-0001,maize,2026-03-16T00:00:00,19.364,34.14,4.475,59.266,35.5,17.3,169.7,2.636,8.473,99,0.638,4979.6,1,16
UG-GUL-0001,maize,2026-03-17T00:00:00,19.034,33.15,5.226,60.271,35.8,17.2,170.0,2.966,7.483,100,0.581,4531.6,1,15
UG-GUL-0001,maize,2026-03-18T00:00:00,18.969,29.71,5.258,59.703,35.7,17.3,169.6,3.031,4.043,101,0.64,4988.7,1,14
UG-GUL-0001,maize,2026-03-19T00:00:00,18.981,27.18,5.233,60.423,35.6,17.3,169.1,3.019,1.513,102,0.648,5057.1,1,12
UG-GUL-0001,maize,2026-03-20T00:00:00,19.247,27.81,4.628,60.796,35.5,17.2,168.9,2.753,2.143,103,0.641,5003.7,1,11
UG-GUL-0001,maize,2026-03-21T00:00:00,19.164,24.89,4.563,60.886,35.2,17.1,168.5,2.836,0.777,104,0.643,5013.9,1,10
UG-GUL-0001,maize,2026-03-22T00:00:00,19.414,23.06,3.804,59.144,35.1,16.9,168.2,2.586,2.607,105,0.67,5224.5,1,9
UG-GUL-0001,maize,2026-03-23T00:00:00,18.884,19.74,2.394,59.757,35.0,16.8,167.9,3.116,5.927,106,0.581,4529.1,1,8
UG-GUL-0001,maize,2026-03-24T00:00:00,18.849,21.13,2.459,58.464,34.7,16.9,167.5,3.151,4.537,107,0.666,5197.5,1,7
UG-GUL-0001,maize,2026-03-25T00:00:00,18.636,20.27,1.046,57.904,34.5,16.8,167.1,3.364,5.397,108,0.575,4486.7,1,6
UG-GUL-0001,maize,2026-03-26T00:00:00,18.47,22.98,0.961,58.833,34.5,16.6,166.9,3.53,2.687,109,0.656,5120.1,1,4
UG-GUL-0001,maize,2026-03-27T00:00:00,18.147,21.79,1.084,57.564,34.4,16.6,166.9,3.853,3.877,110,0.575,4481.5,1,4
UG-GUL-0001,maize,2026-03-28T00:00:00,17.92,21.45,1.339,56.964,34.1,16.5,166.8,4.08,4.217,111,0.598,4662.4,1,3
UG-GUL-0001,maize,2026-03-29T00:00:00,17.827,20.7,1.75,56.064,33.8,16.6,167.0,4.173,4.967,112,0.599,4671.1,1,2
UG-GUL-0001,maize,2026-03-30T00:00:00,17.95,23.44,1.727,56.94,33.5,16.6,167.3,4.05,2.227,113,0.605,4716.9,1,1
UG-GUL-0001,maize,2026-03-31T00:00:00,17.711,20.46,1.967,56.481,33.4,16.5,167.4,4.289,5.207,114,0.584,4551.8,1,1
UG-GUL-0001,maize,2026-04-01T00:00:00,17.821,19.15,1.84,57.506,33.4,16.6,167.6,4.179,6.517,115,0.54,4213.2,1,0
UG-GUL-0001,maize,2026-04-02T00:00:00,17.599,18.17,1.617,56.449,33.1,16.5,167.5,4.401,7.497,116,0.541,4220.1,1,0
UG-GUL-0001,maize,2026-04-03T00:00:00,17.53,16.8,1.988,55.3,33.1,16.5,166.9,4.47,8.867,117,0.571,4450.4,1,0
UG-GUL-0001,maize,2026-04-04T00:00:00,17.46,16.06,1.844,54.566,33.1,16.5,166.5,4.54,9.607,118,0.55,4292.5,1,0
UG-GUL-0001,maize,2026-04-05T00:00:00,17.406,14.95,1.196,54.766,33.0,16.4,166.1,4.594,10.717,119,0.523,4078.0,1,0
UG-GUL-0001,maize,2026-04-06T00:00:00,17.456,16.4,1.092,53.223,33.0,16.2,165.6,4.544,9.267,120,0.596,4645.4,1,0
UG-GUL-0001,maize,2026-04-07T00:00:00,17.434,16.97,1.047,53.11,33.1,16.1,165.3,4.566,8.697,121,0.523,4081.5,1,0
UG-GUL-0001,maize,2026-04-08T00:00:00,17.181,19.32,1.024,51.544,32.7,16.1,164.8,4.819,6.347,122,0.563,4389.3,1,0
UG-GUL-0001,maize,2026-04-09T00:00:00,16.904,18.59,1.462,51.667,32.9,16.1,165.0,5.096,7.077,123,0.545,4250.0,1,0
UG-GUL-0001,maize,2026-04-10T00:00:00,16.716,17.56,4.126,53.143,32.8,16.1,165.1,5.284,8.107,124,0.551,4296.1,1,0
UG-GUL-0001,maize,2026-04-11T00:00:00,16.677,18.39,5.083,53.554,32.7,15.8,165.1,5.323,7.277,125,0.533,4161.0,1,0
UG-GUL-0001,maize,2026-04-12T00:00:00,16.364,18.31,5.26,53.124,32.7,15.8,165.2,5.636,7.357,126,0.523,4075.5,1,0
UG-GUL-0001,maize,2026-04-13T00:00:00,16.073,13.87,4.839,54.289,32.6,15.8,165.3,5.927,11.797,127,0.432,3370.2,1,0
UG-GUL-0001,maize,2026-04-14T00:00:00,16.117,15.78,4.404,54.526,32.1,15.8,165.0,5.883,9.887,128,0.53,4134.0,1,0
UG-GUL-0001,maize,2026-04-15T00:00:00,16.029,14.12,4.1,55.677,32.2,15.8,165.4,5.971,11.547,129,0.485,3780.4,1,0
UG-GUL-0001,maize,2026-04-16T00:00:00,16.033,12.96,4.236,54.401,31.8,15.8,165.1,5.967,12.707,130,0.484,3772.9,1,0
UG-GUL-0001,maize,2026-04-17T00:00:00,16.176,13.12,3.081,52.514,31.7,15.9,165.4,5.824,12.547,131,0.467,3643.2,1,0
UG-GUL-0001,maize,2026-04-18T00:00:00,16.223,11.09,0.764,51.43,31.6,16.0,165.6,5.777,14.577,132,0.465,3628.7,1,0
UG-GUL-0001,maize,2026-04-19T00:00:00,16.187,8.66,0.788,51.921,31.4,16.1,165.2,5.813,17.007,133,0.517,4028.8,1,0
UG-GUL-0001,maize,2026-04-20T00:00:00,15.817,9.51,1.237,49.156,31.3,16.2,165.0,6.183,16.157,134,0.415,3240.3,1,0
UG-GUL-0001,maize,2026-04-21T00:00:00,15.819,5.67,0.706,48.853,31.4,16.1,165.2,6.181,19.997,135,0.412,3211.3,1,0
UG-GUL-0001,maize,2026-04-22T00:00:00,15.399,3.71,0.808,46.674,31.3,16.1,164.9,6.601,21.957,136,0.464,3618.3,1,0
UG-GUL-0001,maize,2026-04-23T00:00:00,15.199,3.42,1.048,46.539,31.4,16.0,164.9,6.801,22.247,137,0.431,3361.8,1,0
UG-GUL-0001,maize,2026-04-24T00:00:00,15.129,3.04,1.178,48.66,31.4,15.8,164.7,6.871,22.627,138,0.395,3082.8,0,0
UG-GUL-0001,maize,2026-04-25T00:00:00,14.873,2.68,1.25,48.324,31.3,15.7,164.8,7.127,22.987,139,0.434,3386.4,1,0
UG-GUL-0001,maize,2026-04-26T00:00:00,14.624,2.68,1.373,48.116,31.3,15.7,164.7,7.376,22.987,140,0.405,3160.4,1,0
UG-GUL-0001,maize,2026-04-27T00:00:00,14.773,1.87,1.711,48.53,30.9,15.5,164.6,7.227,23.797,141,0.39,3039.0,0,0
UG-GUL-0001,maize,2026-04-28T00:00:00,14.364,1.87,1.703,47.274,30.7,15.7,164.6,7.636,23.797,142,0.383,2989.1,0,0
UG-GUL-0001,maize,2026-04-29T00:00:00,14.744,1.87,1.605,48.693,30.6,15.6,164.4,7.256,23.797,143,0.396,3090.2,0,0
UG-GUL-0001,maize,2026-04-30T00:00:00,14.349,3.28,1.963,48.867,30.4,15.6,164.0,7.651,22.387,144,0.399,3112.1,0,0
UG-GUL-0001,maize,2026-05-01T00:00:00,14.147,3.58,2.505,47.504,30.1,15.7,163.5,7.853,22.087,145,0.445,3471.1,1,0
UG-GUL-0001,maize,2026-05-02T00:00:00,13.931,5.26,2.45,46.561,30.1,15.7,163.2,8.069,20.407,146,0.383,2991.2,0,0
UG-GUL-0001,maize,2026-05-03T00:00:00,13.833,7.46,2.486,45.671,29.9,15.7,163.3,8.167,18.207,147,0.399,3115.6,0,0
UG-GUL-0001,maize,2026-05-04T00:00:00,13.757,8.44,1.934,46.68,30.0,15.7,163.3,8.243,17.227,148,0.378,2950.8,0,0
UG-GUL-0001,maize,2026-05-05T00:00:00,13.823,10.42,2.331,46.534,29.9,15.6,163.2,8.177,15.247,149,0.427,3327.2,1,0
UG-GUL-0001,maize,2026-05-06T00:00:00,13.299,11.29,2.332,46.257,29.8,15.4,162.9,8.701,14.377,150,0.482,3757.7,1,0
UG-GUL-0001,maize,2026-05-07T00:00:00,13.483,9.88,1.538,45.037,29.8,15.3,163.2,8.517,15.787,151,0.452,3527.3,1,0
UG-GUL-0001,maize,2026-05-08T00:00:00,13.506,9.14,1.163,44.74,29.6,15.3,163.3,8.494,16.527,152,0.404,3147.7,1,0
UG-GUL-0001,maize,2026-05-09T00:00:00,13.531,7.46,1.721,45.206,29.6,15.3,163.2,8.469,18.207,153,0.403,3141.1,1,0
UG-GUL-0001,maize,2026-05-10T00:00:00,13.76,7.93,2.405,44.369,29.3,15.4,163.5,8.24,17.737,154,0.366,2851.7,0,0
UG-GUL-0001,maize,2026-05-11T00:00:00,13.681,7.44,3.164,43.489,29.2,15.5,163.4,8.319,18.227,155,0.365,2849.4,0,0
UG-GUL-0001,maize,2026-05-12T00:00:00,13.433,6.76,2.871,44.483,29.2,15.5,162.9,8.567,18.907,156,0.392,3055.4,0,0
UG-GUL-0001,maize,2026-05-13T00:00:00,13.641,5.89,6.16,44.111,29.0,15.6,162.8,8.359,19.777,157,0.353,2749.7,0,0
UG-GUL-0001,maize,2026-05-14T00:00:00,13.914,7.49,6.591,43.636,28.8,15.6,162.3,8.086,18.177,158,0.35,2732.5,0,0
UG-GUL-0001,maize,2026-05-15T00:00:00,13.639,9.13,5.901,41.961,29.0,15.6,162.2,8.361,16.537,159,0.408,3184.6,1,0
UG-GUL-0001,maize,2026-05-16T00:00:00,13.8,9.13,5.999,42.566,28.9,15.6,162.3,8.2,16.537,160,0.393,3064.9,0,0
UG-GUL-0001,maize,2026-05-17T00:00:00,13.611,9.75,4.209,43.931,29.0,15.4,161.8,8.389,15.917,161,0.357,2788.5,0,0
UG-GUL-0001,maize,2026-05-18T00:00:00,13.646,9.97,5.229,43.89,28.9,15.3,161.4,8.354,15.697,162,0.339,2642.6,0,0
UG-GUL-0001,maize,2026-05-19T00:00:00,13.767,8.67,5.28,44.124,28.6,15.4,161.7,8.233,16.997,163,0.375,2922.9,0,0
UG-GUL-0001,maize,2026-05-20T00:00:00,13.704,9.23,1.499,43.153,28.5,15.4,161.8,8.296,16.437,164,0.369,2878.1,0,0
UG-GUL-0001,maize,2026-05-21T00:00:00,13.594,7.67,1.915,44.51,28.4,15.4,162.0,8.406,17.997,165,0.343,2676.0,0,0
UG-GUL-0001,maize,2026-05-22T00:00:00,13.639,8.6,1.965,45.839,28.2,15.3,162.2,8.361,17.067,166,0.44,3429.5,1,0
UG-GUL-0001,maize,2026-05-23T00:00:00,13.49,8.6,1.675,45.341,28.0,15.3,162.1,8.51,17.067,167,0.402,3135.6,1,0
UG-GUL-0001,maize,2026-05-24T00:00:00,13.21,5.31,1.664,43.913,27.9,15.2,161.9,8.79,20.357,168,0.365,2848.8,0,0
UG-GUL-0001,maize,2026-05-25T00:00:00,12.971,5.95,1.29,44.259,27.8,15.2,162.3,9.029,19.717,169,0.373,2906.1,0,0
UG-GUL-0001,maize,2026-05-26T00:00:00,13.294,5.95,1.41,44.27,28.0,15.1,162.2,8.706,19.717,170,0.348,2711.2,0,0
UG-GUL-0001,maize,2026-05-27T00:00:00,13.363,5.39,1.457,46.294,27.9,15.0,162.1,8.637,20.277,171,0.389,3038.0,0,0
UG-GUL-0001,maize,2026-05-28T00:00:00,13.283,5.35,1.032,45.291,27.7,15.2,161.9,8.717,20.317,172,0.376,2929.5,0,0
UG-GUL-0001,maize,2026-05-29T00:00:00,13.5,6.64,1.339,44.183,27.5,15.1,161.4,8.5,19.027,173,0.366,2854.7,0,0
UG-GUL-0001,maize,2026-05-30T00:00:00,13.539,7.31,0.99,44.934,27.2,14.9,160.9,8.461,18.357,174,0.378,2945.7,0,0
UG-GUL-0001,maize,2026-05-31T00:00:00,13.89,7.31,1.03,45.467,27.1,14.9,160.5,8.11,18.357,175,0.363,2833.7,0,0
UG-GUL-0001,maize,2026-06-01T00:00:00,14.016,4.55,1.536,44.781,27.0,14.9,160.1,7.984,21.117,176,0.362,2825.8,0,0
UG-GUL-0001,maize,2026-06-02T00:00:00,13.704,6.32,1.594,44.469,27.0,14.8,159.8,8.296,19.347,177,0.376,2931.1,0,0
UG-GUL-0001,maize,2026-06-03T00:00:00,13.784,6.32,1.645,42.771,26.9,14.8,159.9,8.216,19.347,178,0.371,2892.6,0,0
UG-GUL-0001,maize,2026-06-04T00:00:00,14.093,6.32,2.255,44.076,26.9,14.9,159.7,7.907,19.347,179,0.386,3009.0,0,0
UG-GUL-0002,maize,2025-12-13T00:00:00,14.561,7.26,3.283,46.771,49.7,20.0,180.4,7.439,18.407,6,0.515,6487.4,1,114
UG-GUL-0002,maize,2025-12-14T00:00:00,14.639,9.36,4.176,47.386,49.3,20.0,180.2,7.361,16.307,7,0.536,6753.9,1,112
UG-GUL-0002,maize,2025-12-15T00:00:00,14.583,9.35,3.467,48.461,49.0,19.8,179.7,7.417,16.317,8,0.558,7030.7,1,111
UG-GUL-0002,maize,2025-12-16T00:00:00,14.451,10.96,2.266,47.739,49.0,19.7,179.6,7.549,14.707,9,0.565,7119.8,1,110
UG-GUL-0002,maize,2025-12-17T00:00:00,14.559,12.17,3.29,48.361,48.8,19.7,179.1,7.441,13.497,10,0.58,7304.1,1,109
UG-GUL-0002,maize,2025-12-18T00:00:00,14.779,15.49,1.708,50.064,48.7,19.6,179.1,7.221,10.177,11,0.565,7119.3,1,106
UG-GUL-0002,maize,2025-12-19T00:00:00,14.967,12.43,1.41,49.52,48.5,19.6,178.9,7.033,13.237,12,0.555,6993.6,1,106
UG-GUL-0002,maize,2025-12-20T00:00:00,15.326,13.36,2.114,48.737,48.1,19.5,179.0,6.674,12.307,13,0.596,7506.6,1,104
UG-GUL-0002,maize,2025-12-21T00:00:00,15.536,13.14,2.255,48.16,48.1,19.6,178.7,6.464,12.527,14,0.597,7519.9,1,103
UG-GUL-0002,maize,2025-12-22T00:00:00,15.723,15.52,2.267,49.31,47.8,19.5,178.5,6.277,10.147,15,0.577,7268.2,1,102
UG-GUL-0002,maize,2025-12-23T00:00:00,15.751,19.93,1.666,50.613,47.7,19.6,177.9,6.249,5.737,16,0.655,8252.8,1,100
UG-GUL-0002,maize,2025-12-24T00:00:00,15.914,20.67,1.648,50.344,47.4,19.8,177.8,6.086,4.997,17,0.617,7776.1,1,98
UG-GUL-0002,maize,2025-12-25T00:00:00,16.07,19.18,1.681,50.626,47.3,19.8,177.5,5.93,6.487,18,0.649,8181.2,1,98
UG-GUL-0002,maize,2025-12-26T00:00:00,16.333,24.45,1.665,52.213,47.1,19.6,177.1,5.667,1.217,19,0.679,8550.9,1,95
UG-GUL-0002,maize,2025-12-27T00:00:00,16.421,24.51,0.63,53.401,47.0,19.6,176.2,5.579,1.157,20,0.648,8171.0,1,94
UG-GUL-0002,maize,2025-12-28T00:00:00,16.359,27.67,0.731,53.664,46.9,19.5,176.7,5.641,2.003,21,0.668,8414.2,1,93
UG-GUL-0002,maize,2025-12-29T00:00:00,16.583,25.78,0.731,52.84,46.9,19.5,176.9,5.417,0.113,22,0.765,9634.9,2,91
UG-GUL-0002,maize,2025-12-30T00:00:00,17.016,24.13,0.562,54.074,46.5,19.5,176.8,4.984,1.537,23,0.701,8836.9,2,90
UG-GUL-0002,maize,2025-12-31T00:00:00,17.361,25.99,0.645,54.894,46.4,19.2,176.7,4.639,0.323,24,0.776,9772.3,2,89
UG-GUL-0002,maize,2026-01-01T00:00:00,17.746,28.77,0.758,55.751,46.1,19.2,176.2,4.254,3.103,25,0.645,8121.3,1,88
UG-GUL-0002,maize,2026-01-02T00:00:00,17.741,25.0,1.184,55.499,46.0,19.3,176.5,4.259,0.667,26,0.726,9143.0,2,87
UG-GUL-0002,maize,2026-01-03T00:00:00,17.75,27.27,1.663,55.734,45.8,19.3,177.2,4.25,1.603,27,0.616,7757.1,1,87
UG-GUL-0002,maize,2026-01-04T00:00:00,18.241,26.83,1.638,57.637,45.5,19.4,176.9,3.759,1.163,28,0.702,8844.1,2,85
UG-GUL-0002,maize,2026-01-05T00:00:00,18.333,31.09,1.631,58.614,45.2,19.5,176.4,3.667,5.423,29,0.688,8663.2,1,85
UG-GUL-0002,maize,2026-01-06T00:00:00,18.581,31.64,1.36,58.436,45.1,19.4,176.5,3.419,5.973,30,0.694,8750.6,1,84
UG-GUL-0002,maize,2026-01-07T00:00:00,18.29,28.11,0.592,58.831,44.9,19.4,176.7,3.71,2.443,31,0.677,8525.5,1,82
UG-GUL-0002,maize,2026-01-08T00:00:00,18.364,27.62,0.59,58.391,44.8,19.2,177.5,3.636,1.953,32,0.736,9273.8,2,81
UG-GUL-0002,maize,2026-01-09T00:00:00,18.629,30.01,0.529,58.066,44.7,19.1,177.3,3.371,4.343,33,0.673,8484.7,1,80
UG-GUL-0002,maize,2026-01-10T00:00:00,19.051,29.65,0.414,59.18,44.6,19.0,177.0,2.949,3.983,34,0.695,8751.6,1,79
UG-GUL-0002,maize,2026-01-11T00:00:00,19.121,27.21,0.451,58.314,44.4,19.0,176.6,2.879,1.543,35,0.705,8885.2,2,77
UG-GUL-0002,maize,2026-01-12T00:00:00,19.441,25.33,0.981,59.103,44.3,19.0,176.6,2.559,0.337,36,0.692,8717.3,1,76
UG-GUL-0002,maize,2026-01-13T00:00:00,19.389,24.63,2.199,57.829,44.1,18.9,176.1,2.611,1.037,37,0.755,9516.7,2,76
UG-GUL-0002,maize,2026-01-14T00:00:00,19.679,24.97,2.13,57.493,44.1,19.1,175.7,2.321,0.697,38,0.718,9051.2,2,75
UG-GUL-0002,maize,2026-01-15T00:00:00,19.54,25.33,2.06,57.737,44.0,19.2,175.6,2.46,0.337,39,0.751,9456.6,2,74
UG-GUL-0002,maize,2026-01-16T00:00:00,19.657,25.61,2.801,57.779,44.0,19.0,175.2,2.343,0.057,40,0.747,9418.4,2,73
UG-GUL-0002,maize,2026-01-17T00:00:00,19.533,30.13,4.498,58.823,43.8,19.1,175.1,2.467,4.463,41,0.641,8077.7,1,73
UG-GUL-0002,maize,2026-01-18T00:00:00,19.64,32.55,4.26,59.164,43.8,19.1,175.3,2.36,6.883,42,0.69,8690.3,1,73
UG-GUL-0002,maize,2026-01-19T00:00:00,19.443,28.39,4.219,59.204,43.8,19.0,175.3,2.557,2.723,43,0.698,8798.0,1,71
UG-GUL-0002,maize,2026-01-20T00:00:00,19.603,31.01,2.022,60.069,43.7,19.1,174.9,2.397,5.343,44,0.646,8139.5,1,70
UG-GUL-0002,maize,2026-01-21T00:00:00,19.731,36.35,1.913,61.26,43.4,18.8,174.6,2.269,10.683,45,0.648,8164.6,1,70
UG-GUL-0002,maize,2026-01-22T00:00:00,20.17,37.07,2.523,61.247,43.3,18.7,174.2,1.83,11.403,46,0.599,7551.3,1,69
UG-GUL-0002,maize,2026-01-23T00:00:00,20.094,37.98,4.866,61.263,43.1,18.7,174.1,1.906,12.313,47,0.657,8272.8,1,69
UG-GUL-0002,maize,2026-01-24T00:00:00,20.286,32.71,3.343,59.773,42.9,18.5,174.3,1.714,7.043,48,0.684,8612.7,1,66
UG-GUL-0002,maize,2026-01-25T00:00:00,20.267,34.35,3.571,61.001,42.5,18.4,174.4,1.733,8.683,49,0.641,8073.3,1,65
UG-GUL-0002,maize,2026-01-26T00:00:00,20.294,42.59,3.59,60.549,42.3,18.2,174.2,1.706,16.923,50,0.613,7726.2,1,66
UG-GUL-0002,maize,2026-01-27T00:00:00,20.196,37.2,3.383,61.431,42.1,18.0,174.9,1.804,11.533,51,0.569,7171.6,1,64
UG-GUL-0002,maize,2026-01-28T00:00:00,20.449,33.98,2.791,61.731,42.1,18.0,175.3,1.551,8.313,52,0.628,7907.2,1,62
UG-GUL-0002,maize,2026-01-29T00:00:00,20.336,34.82,2.694,62.907,41.8,18.0,175.1,1.664,9.153,53,0.633,7981.4,1,61
UG-GUL-0002,maize,2026-01-30T00:00:00,20.531,34.82,1.184,63.347,41.4,18.1,175.4,1.469,9.153,54,0.721,9087.6,2,60
UG-GUL-0002,maize,2026-01-31T00:00:00,20.516,40.16,0.692,63.876,41.4,18.0,175.4,1.484,14.493,55,0.584,7354.1,1,59
UG-GUL-0002,maize,2026-02-01T00:00:00,20.706,38.0,1.247,63.19,41.5,18.1,174.8,1.294,12.333,56,0.579,7301.0,1,58
UG-GUL-0002,maize,2026-02-02T00:00:00,20.871,35.18,1.066,63.629,41.4,18.2,174.9,1.129,9.513,57,0.614,7742.0,1,56
UG-GUL-0002,maize,2026-02-03T00:00:00,21.161,39.05,5.615,62.186,41.2,18.4,174.3,0.839,13.383,58,0.632,7960.1,1,58
UG-GUL-0002,maize,2026-02-04T00:00:00,21.121,43.38,5.565,61.969,41.1,18.4,173.8,0.879,17.713,59,0.551,6943.3,1,57
UG-GUL-0002,maize,2026-02-05T00:00:00,21.186,39.63,5.196,61.761,41.1,18.4,173.8,0.814,13.963,60,0.597,7518.1,1,56
UG-GUL-0002,maize,2026-02-06T00:00:00,21.216,38.19,3.637,61.243,41.1,18.5,173.4,0.784,12.523,61,0.644,8114.3,1,54
UG-GUL-0002,maize,2026-02-07T00:00:00,21.534,32.89,3.266,61.679,40.9,18.4,172.8,0.466,7.223,62,0.664,8370.3,1,51
UG-GUL-0002,maize,2026-02-08T00:00:00,21.376,33.8,3.744,61.066,40.8,18.2,173.2,0.624,8.133,63,0.662,8337.7,1,51
UG-GUL-0002,maize,2026-02-09T00:00:00,21.614,31.16,4.216,62.324,40.8,18.1,173.2,0.386,5.493,64,0.693,8737.0,1,49
UG-GUL-0002,maize,2026-02-10T00:00:00,21.521,29.23,2.706,64.837,40.4,18.0,173.3,0.479,3.563,65,0.685,8629.6,1,47
UG-GUL-0002,maize,2026-02-11T00:00:00,21.521,27.07,2.704,64.451,40.0,18.0,173.4,0.479,1.403,66,0.709,8927.9,2,46
UG-GUL-0002,maize,2026-02-12T00:00:00,21.657,28.2,1.941,64.26,40.0,17.9,173.4,0.343,2.533,67,0.719,9054.7,2,45
UG-GUL-0002,maize,2026-02-13T00:00:00,21.939,30.73,2.178,66.169,39.8,17.8,173.4,0.061,5.063,68,0.718,9045.0,2,44
UG-GUL-0002,maize,2026-02-14T00:00:00,21.95,35.34,2.256,67.467,39.6,17.7,173.3,0.05,9.673,69,0.63,7940.8,1,44
UG-GUL-0002,maize,2026-02-15T00:00:00,21.973,37.17,1.727,67.17,39.4,17.7,172.9,0.027,11.503,70,0.552,6952.2,1,43
UG-GUL-0002,maize,2026-02-16T00:00:00,21.816,40.53,3.256,66.547,39.0,17.8,172.4,0.184,14.863,71,0.622,7842.2,1,44
UG-GUL-0002,maize,2026-02-17T00:00:00,21.904,44.15,2.289,64.39,38.8,17.7,172.4,0.096,18.483,72,0.607,7649.3,1,43
UG-GUL-0002,maize,2026-02-18T00:00:00,21.994,44.89,2.785,64.39,38.6,17.7,172.3,0.006,19.223,73,0.576,7261.8,1,43
UG-GUL-0002,maize,2026-02-19T00:00:00,21.821,48.21,2.421,63.857,38.3,17.7,172.0,0.179,22.543,74,0.551,6940.1,1,42
UG-GUL-0002,maize,2026-02-20T00:00:00,21.544,43.47,2.432,63.601,38.3,17.9,171.6,0.456,17.803,75,0.56,7059.5,1,40
UG-GUL-0002,maize,2026-02-21T00:00:00,21.42,41.04,2.173,61.277,38.1,17.9,171.6,0.58,15.373,76,0.611,7698.5,1,39
UG-GUL-0002,maize,2026-02-22T00:00:00,21.391,39.41,1.883,62.14,38.1,17.9,171.6,0.609,13.743,77,0.636,8014.7,1,37
UG-GUL-0002,maize,2026-02-23T00:00:00,21.306,38.72,0.876,61.144,38.1,17.9,171.4,0.694,13.053,78,0.625,7876.1,1,36
UG-GUL-0002,maize,2026-02-24T00:00:00,21.231,36.01,0.911,61.774,38.2,17.8,171.4,0.769,10.343,79,0.718,9045.4,2,34
UG-GUL-0002,maize,2026-02-25T00:00:00,21.263,30.43,0.511,61.399,38.2,17.9,171.2,0.737,4.763,80,0.647,8153.5,1,32
UG-GUL-0002,maize,2026-02-26T00:00:00,21.037,29.29,0.45,62.213,37.9,17.8,171.0,0.963,3.623,81,0.704,8864.7,2,31
UG-GUL-0002,maize,2026-02-27T00:00:00,20.999,35.07,0.636,62.47,37.8,17.6,171.1,1.001,9.403,82,0.613,7720.0,1,31
UG-GUL-0002,maize,2026-02-28T00:00:00,20.939,34.32,0.659,63.09,37.7,17.8,170.9,1.061,8.653,83,0.68,8563.5,1,30
UG-GUL-0002,maize,2026-03-01T00:00:00,20.89,33.74,0.653,64.757,37.5,17.8,170.6,1.11,8.073,84,0.609,7674.3,1,29
UG-GUL-0002,maize,2026-03-02T00:00:00,20.887,32.67,1.213,64.674,37.5,17.7,170.8,1.113,7.003,85,0.619,7797.6,1,28
UG-GUL-0002,maize,2026-03-03T00:00:00,20.971,36.89,1.407,64.794,37.4,17.7,170.3,1.029,11.223,86,0.605,7621.6,1,28
UG-GUL-0002,maize,2026-03-04T00:00:00,20.663,35.99,1.409,65.047,37.1,17.4,170.0,1.337,10.323,87,0.631,7956.3,1,27
UG-GUL-0002,maize,2026-03-05T00:00:00,21.021,34.08,1.02,65.459,37.0,17.4,169.7,0.979,8.413,88,0.629,7931.1,1,25
UG-GUL-0002,maize,2026-03-06T00:00:00,20.966,32.25,1.402,64.736,37.0,17.4,168.9,1.034,6.583,89,0.64,8058.0,1,24
UG-GUL-0002,maize,2026-03-07T00:00:00,20.884,31.14,2.181,64.323,36.8,17.1,168.7,1.116,5.473,90,0.651,8202.8,1,23
UG-GUL-0002,maize,2026-03-08T00:00:00,20.699,36.18,1.88,61.62,36.7,16.9,168.6,1.301,10.513,91,0.606,7637.7,1,23
UG-GUL-0002,maize,2026-03-09T00:00:00,20.666,37.04,1.939,62.504,36.6,16.9,168.2,1.334,11.373,92,0.65,8189.2,1,22
UG-GUL-0002,maize,2026-03-10T00:00:00,20.28,30.66,1.96,62.579,36.3,17.0,168.5,1.72,4.993,93,0.671,8449.5,1,20
UG-GUL-0002,maize,2026-03-11T00:00:00,20.337,37.64,1.481,61.299,36.4,17.0,168.5,1.663,11.973,94,0.589,7427.1,1,20
UG-GUL-0002,maize,2026-03-12T00:00:00,20.083,38.74,1.741,60.04,36.3,16.9,168.8,1.917,13.073,95,0.647,8148.7,1,20
UG-GUL-0002,maize,2026-03-13T00:00:00,20.031,38.18,1.988,59.369,36.1,16.8,169.4,1.969,12.513,96,0.6,7554.4,1,19
UG-GUL-0002,maize,2026-03-14T00:00:00,19.924,40.64,1.14,60.087,36.1,16.9,169.4,2.076,14.973,97,0.542,6831.3,1,18
UG-GUL-0002,maize,2026-03-15T00:00:00,19.859,32.81,3.192,61.454,36.1,17.0,169.3,2.141,7.143,98,0.626,7892.8,1,16
UG-GUL-0002,maize,2026-03-16T00:00:00,19.656,30.67,3.565,60.366,35.5,17.0,169.1,2.344,5.003,99,0.645,8123.4,1,15
UG-GUL-0002,maize,2026-03-17T00:00:00,19.783,31.79,3.251,60.347,35.6,17.0,168.9,2.217,6.123,100,0.603,7597.4,1,14
UG-GUL-0002,maize,2026-03-18T00:00:00,19.727,27.92,2.227,62.176,35.7,17.0,168.7,2.273,2.253,101,0.628,7918.9,1,12
UG-GUL-0002,maize,2026-03-19T00:00:00,19.564,24.64,2.252,63.29,35.6,17.0,168.2,2.436,1.027,102,0.669,8434.8,1,11
UG-GUL-0002,maize,2026-03-20T00:00:00,19.356,24.42,2.699,63.849,35.4,17.1,167.9,2.644,1.247,103,0.648,8162.2,1,10
UG-GUL-0002,maize,2026-03-21T00:00:00,19.273,24.15,2.288,63.736,35.2,16.9,167.5,2.727,1.517,104,0.7,8820.4,2,9
UG-GUL-0002,maize,2026-03-22T00:00:00,19.361,27.2,1.362,63.95,35.1,17.0,167.4,2.639,1.533,105,0.686,8648.7,1,8
UG-GUL-0002,maize,2026-03-23T00:00:00,19.14,26.36,1.161,64.939,35.2,16.9,167.8,2.86,0.693,106,0.65,8192.8,1,6
UG-GUL-0002,maize,2026-03-24T00:00:00,18.7,23.27,1.1,64.04,34.9,16.9,167.6,3.3,2.397,107,0.661,8334.5,1,6
UG-GUL-0002,maize,2026-03-25T00:00:00,18.707,24.94,1.155,63.067,34.6,16.7,167.6,3.293,0.727,108,0.698,8788.7,1,5
UG-GUL-0002,maize,2026-03-26T00:00:00,18.749,24.67,1.231,61.503,34.6,16.7,167.5,3.251,0.997,109,0.615,7755.1,1,4
UG-GUL-0002,maize,2026-03-27T00:00:00,18.86,22.63,0.988,61.053,34.5,16.7,167.5,3.14,3.037,110,0.614,7733.5,1,3
UG-GUL-0002,maize,2026-03-28T00:00:00,18.726,18.88,0.773,60.82,34.3,16.8,167.6,3.274,6.787,111,0.615,7743.2,1,3
UG-GUL-0002,maize,2026-03-29T00:00:00,18.651,17.03,0.842,59.85,34.3,16.7,167.9,3.349,8.637,112,0.598,7539.4,1,2
UG-GUL-0002,maize,2026-03-30T00:00:00,18.666,18.67,1.068,58.127,34.1,16.6,167.5,3.334,6.997,113,0.606,7631.3,1,1
UG-GUL-0002,maize,2026-03-31T00:00:00,18.679,18.27,1.572,57.001,34.0,16.6,167.3,3.321,7.397,114,0.59,7438.0,1,0
UG-GUL-0002,maize,2026-04-01T00:00:00,18.457,17.77,1.913,56.323,34.0,16.5,167.1,3.543,7.897,115,0.579,7294.7,1,0
UG-GUL-0002,maize,2026-04-02T00:00:00,18.33,20.79,2.236,55.403,33.7,16.5,166.9,3.67,4.877,116,0.619,7801.6,1,0
UG-GUL-0002,maize,2026-04-03T00:00:00,18.15,22.39,2.003,54.869,33.6,16.6,166.9,3.85,3.277,117,0.653,8231.1,1,0
UG-GUL-0002,maize,2026-04-04T00:00:00,17.857,23.16,1.853,53.907,33.7,16.5,166.4,4.143,2.507,118,0.608,7654.8,1,0
UG-GUL-0002,maize,2026-04-05T00:00:00,17.527,22.05,2.606,51.583,33.4,16.4,166.0,4.473,3.617,119,0.674,8496.7,1,0
UG-GUL-0002,maize,2026-04-06T00:00:00,17.349,20.39,2.475,50.517,33.3,16.5,165.9,4.651,5.277,120,0.645,8128.1,1,0
UG-GUL-0002,maize,2026-04-07T00:00:00,17.277,20.17,2.282,51.29,33.2,16.4,166.1,4.723,5.497,121,0.624,7860.5,1,0
UG-GUL-0002,maize,2026-04-08T00:00:00,17.141,16.51,2.033,51.296,33.1,16.5,166.1,4.859,9.157,122,0.573,7224.8,1,0
UG-GUL-0002,maize,2026-04-09T00:00:00,17.071,15.36,1.975,52.693,33.1,16.5,166.3,4.929,10.307,123,0.605,7622.6,1,0
UG-GUL-0002,maize,2026-04-10T00:00:00,17.087,11.2,1.997,52.183,32.8,16.5,166.3,4.913,14.467,124,0.502,6319.8,1,0
UG-GUL-0002,maize,2026-04-11T00:00:00,16.987,10.5,2.007,51.827,32.4,16.5,166.6,5.013,15.167,125,0.477,6012.6,1,0
UG-GUL-0002,maize,2026-04-12T00:00:00,17.051,9.24,1.696,53.867,32.3,16.5,166.6,4.949,16.427,126,0.48,6041.7,1,0
UG-GUL-0002,maize,2026-04-13T00:00:00,16.823,9.84,1.867,53.919,32.1,16.4,166.3,5.177,15.827,127,0.464,5840.6,1,0
UG-GUL-0002,maize,2026-04-14T00:00:00,17.056,12.98,1.338,52.989,31.8,16.3,166.1,4.944,12.687,128,0.529,6661.8,1,0
UG-GUL-0002,maize,2026-04-15T00:00:00,16.956,19.51,2.647,52.72,31.7,16.3,165.9,5.044,6.157,129,0.575,7245.5,1,0
UG-GUL-0002,maize,2026-04-16T00:00:00,16.729,22.61,2.381,51.956,31.4,16.2,165.8,5.271,3.057,130,0.593,7475.4,1,0
UG-GUL-0002,maize,2026-04-17T00:00:00,16.586,25.42,2.301,50.256,31.5,16.2,165.3,5.414,0.247,131,0.607,7652.9,1,0
UG-GUL-0002,maize,2026-04-18T00:00:00,16.319,23.71,2.328,50.36,31.3,16.0,164.8,5.681,1.957,132,0.592,7461.7,1,0
UG-GUL-0002,maize,2026-04-19T00:00:00,16.094,23.08,2.254,49.241,31.4,16.0,164.5,5.906,2.587,133,0.632,7966.5,1,0
UG-GUL-0002,maize,2026-04-20T00:00:00,16.109,25.48,2.376,49.223,31.3,16.0,164.5,5.891,0.187,134,0.617,7779.8,1,0
UG-GUL-0002,maize,2026-04-21T00:00:00,15.766,21.81,2.467,48.974,31.2,16.0,164.0,6.234,3.857,135,0.591,7440.3,1,0
UG-GUL-0002,maize,2026-04-22T00:00:00,15.679,17.27,2.885,49.419,31.2,15.9,163.7,6.321,8.397,136,0.527,6644.4,1,0
UG-GUL-0002,maize,2026-04-23T00:00:00,15.53,11.8,2.39,49.454,31.2,15.8,163.3,6.47,13.867,137,0.43,5417.1,1,0
UG-GUL-0002,maize,2026-04-24T00:00:00,15.356,10.91,1.952,51.93,31.3,15.8,163.1,6.644,14.757,138,0.417,5251.9,1,0
UG-GUL-0002,maize,2026-04-25T00:00:00,15.277,13.07,2.029,52.521,31.3,15.9,163.4,6.723,12.597,139,0.55,6930.8,1,0
UG-GUL-0002,maize,2026-04-26T00:00:00,15.236,13.07,2.087,51.833,31.2,15.9,163.0,6.764,12.597,140,0.47,5922.4,1,0
UG-GUL-0002,maize,2026-04-27T00:00:00,14.776,8.3,1.14,51.29,31.0,15.8,163.0,7.224,17.367,141,0.429,5409.0,1,0
UG-GUL-0002,maize,2026-04-28T00:00:00,14.284,8.3,2.025,51.697,31.0,15.9,163.1,7.716,17.367,142,0.441,5555.5,1,0
UG-GUL-0002,maize,2026-04-29T00:00:00,13.999,7.4,1.445,49.901,31.0,15.9,163.2,8.001,18.267,143,0.443,5584.3,1,0
UG-GUL-0002,maize,2026-04-30T00:00:00,13.736,6.66,1.811,48.519,30.7,15.9,163.4,8.264,19.007,144,0.433,5460.3,1,0
UG-GUL-0002,maize,2026-05-01T00:00:00,13.636,5.2,1.106,46.554,30.4,16.0,163.7,8.364,20.467,145,0.459,5779.3,1,0
UG-GUL-0002,maize,2026-05-02T00:00:00,13.799,4.77,1.112,43.841,30.3,15.9,163.8,8.201,20.897,146,0.449,5652.8,1,0
UG-GUL-0002,maize,2026-05-03T00:00:00,13.727,4.77,0.812,44.327,30.0,15.8,164.0,8.273,20.897,147,0.38,4786.5,0,0
UG-GUL-0002,maize,2026-05-04T00:00:00,14.001,5.43,1.159,45.327,29.9,15.9,163.6,7.999,20.237,148,0.439,5531.3,1,0
UG-GUL-0002,maize,2026-05-05T00:00:00,14.199,5.46,1.093,44.51,29.6,15.8,163.6,7.801,20.207,149,0.401,5049.2,1,0
UG-GUL-0002,maize,2026-05-06T00:00:00,14.34,6.25,3.946,44.451,29.3,15.7,163.9,7.66,19.417,150,0.397,5000.0,0,0
UG-GUL-0002,maize,2026-05-07T00:00:00,14.344,6.25,3.815,45.076,29.5,15.7,163.7,7.656,19.417,151,0.369,4652.2,0,0
UG-GUL-0002,maize,2026-05-08T00:00:00,13.909,7.58,3.84,44.736,29.3,15.5,163.7,8.091,18.087,152,0.353,4450.2,0,0
UG-GUL-0002,maize,2026-05-09T00:00:00,13.69,7.01,3.854,46.89,29.2,15.4,163.5,8.31,18.657,153,0.394,4963.9,0,0
UG-GUL-0002,maize,2026-05-10T00:00:00,13.724,7.01,3.803,45.286,29.1,15.4,163.3,8.276,18.657,154,0.367,4624.5,0,0
UG-GUL-0002,maize,2026-05-11T00:00:00,13.576,6.04,2.724,44.454,29.0,15.4,163.7,8.424,19.627,155,0.419,5277.9,1,0
UG-GUL-0002,maize,2026-05-12T00:00:00,13.37,6.01,2.673,44.414,29.0,15.4,163.7,8.63,19.657,156,0.38,4784.3,0,0
UG-GUL-0002,maize,2026-05-13T00:00:00,13.261,3.2,0.917,44.431,28.9,15.3,163.6,8.739,22.467,157,0.386,4861.2,0,0
UG-GUL-0002,maize,2026-05-14T00:00:00,13.149,3.79,0.746,43.737,28.7,15.4,163.4,8.851,21.877,158,0.422,5319.9,1,0
UG-GUL-0002,maize,2026-05-15T00:00:00,13.356,2.0,0.736,44.893,28.6,15.3,163.0,8.644,23.667,159,0.325,4093.2,0,0
UG-GUL-0002,maize,2026-05-16T00:00:00,13.227,0.75,2.685,43.646,28.6,15.3,162.8,8.773,24.917,160,0.32,4029.7,0,0
UG-GUL-0002,maize,2026-05-17T00:00:00,13.096,2.22,3.345,45.761,28.5,15.3,162.7,8.904,23.447,161,0.352,4438.4,0,0
UG-GUL-0002,maize,2026-05-18T00:00:00,13.213,2.06,3.17,45.614,28.4,15.0,162.2,8.787,23.607,162,0.356,4482.6,0,0
UG-GUL-0002,maize,2026-05-19T00:00:00,13.404,4.12,3.91,45.017,28.3,15.0,162.4,8.596,21.547,163,0.395,4972.3,0,0
UG-GUL-0002,maize,2026-05-20T00:00:00,13.311,5.47,3.985,45.551,28.2,15.0,161.8,8.689,20.197,164,0.396,4984.0,0,0
UG-GUL-0002,maize,2026-05-21T00:00:00,13.347,6.34,2.735,45.506,28.0,14.9,161.4,8.653,19.327,165,0.385,4855.8,0,0
UG-GUL-0002,maize,2026-05-22T00:00:00,13.324,6.34,3.366,45.737,28.0,14.9,161.0,8.676,19.327,166,0.388,4882.9,0,0
UG-GUL-0002,maize,2026-05-23T00:00:00,13.614,6.57,2.938,45.63,27.9,14.9,160.9,8.386,19.097,167,0.397,4997.8,0,0
UG-GUL-0002,maize,2026-05-24T00:00:00,13.64,6.9,3.535,44.554,27.9,14.9,160.6,8.36,18.767,168,0.342,4304.6,0,0
UG-GUL-0002,maize,2026-05-25T00:00:00,13.541,8.26,3.423,44.133,27.9,15.0,160.5,8.459,17.407,169,0.392,4936.3,0,0
UG-GUL-0002,maize,2026-05-26T00:00:00,13.586,6.82,3.229,45.734,27.7,14.8,160.3,8.414,18.847,170,0.393,4946.2,0,0
UG-GUL-0002,maize,2026-05-27T00:00:00,13.661,5.47,3.352,45.11,27.7,14.9,160.1,8.339,20.197,171,0.389,4895.7,0,0
UG-GUL-0002,maize,2026-05-28T00:00:00,13.683,4.01,2.872,45.45,27.6,14.9,160.3,8.317,21.657,172,0.339,4266.1,0,0
UG-GUL-0002,maize,2026-05-29T00:00:00,13.613,5.41,2.941,44.404,27.4,14.9,160.5,8.387,20.257,173,0.337,4251.3,0,0
UG-GUL-0002,maize,2026-05-30T00:00:00,13.434,5.24,3.455,44.603,27.2,14.9,160.2,8.566,20.427,174,0.36,4542.0,0,0
UG-GUL-0002,maize,2026-05-31T00:00:00,13.361,3.44,1.283,43.594,27.1,14.8,160.3,8.639,22.227,175,0.425,5352.3,1,0
UG-GUL-0002,maize,2026-06-01T00:00:00,13.531,3.93,1.769,43.699,27.0,14.7,159.9,8.469,21.737,176,0.343,4319.1,0,0
UG-GUL-0002,maize,2026-06-02T00:00:00,13.436,3.31,2.038,42.997,27.1,14.8,159.7,8.564,22.357,177,0.395,4973.2,0,0
UG-GUL-0002,maize,2026-06-03T00:00:00,13.644,3.31,2.022,44.127,27.0,14.9,159.5,8.356,22.357,178,0.41,5168.1,1,0
UG-GUL-0002,maize,2026-06-04T00:00:00,14.194,3.31,2.801,44.187,27.0,14.8,159.3,7.806,22.357,179,0.367,4622.5,0,0
UG-GUL-0003,maize,2025-12-13T00:00:00,15.634,16.02,3.09,48.507,50.0,19.5,179.3,6.366,9.647,6,0.495,3071.2,1,111
UG-GUL-0003,maize,2025-12-14T00:00:00,15.764,16.02,3.791,50.094,49.8,19.5,179.6,6.236,9.647,7,0.528,3276.5,1,110
UG-GUL-0003,maize,2025-12-15T00:00:00,15.979,16.91,2.217,50.647,49.3,19.6,178.7,6.021,8.757,8,0.537,3330.2,1,108
UG-GUL-0003,maize,2025-12-16T00:00:00,16.01,12.87,2.406,50.621,49.1,19.6,178.2,5.99,12.797,9,0.471,2921.0,1,108
UG-GUL-0003,maize,2025-12-17T00:00:00,16.107,12.93,2.153,52.45,48.6,19.6,178.4,5.893,12.737,10,0.48,2973.2,1,107
UG-GUL-0003,maize,2025-12-18T00:00:00,16.276,10.08,0.959,53.156,48.5,19.7,177.8,5.724,15.587,11,0.502,3114.3,1,106
UG-GUL-0003,maize,2025-12-19T00:00:00,15.949,7.26,1.075,52.96,48.5,19.8,177.6,6.051,18.407,12,0.489,3029.6,1,106
UG-GUL-0003,maize,2025-12-20T00:00:00,16.141,7.34,1.495,51.623,48.3,19.9,178.0,5.859,18.327,13,0.451,2798.4,1,105
UG-GUL-0003,maize,2025-12-21T00:00:00,15.724,8.89,1.542,51.213,48.0,19.8,177.5,6.276,16.777,14,0.463,2867.8,1,104
UG-GUL-0003,maize,2025-12-22T00:00:00,15.77,6.58,1.782,53.43,48.0,19.8,178.0,6.23,19.087,15,0.465,2882.3,1,104
UG-GUL-0003,maize,2025-12-23T00:00:00,15.937,8.84,1.805,53.714,47.8,19.5,179.0,6.063,16.827,16,0.459,2846.2,1,102
UG-GUL-0003,maize,2025-12-24T00:00:00,15.904,9.71,2.895,53.473,47.9,19.5,179.0,6.096,15.957,17,0.455,2819.1,1,101
UG-GUL-0003,maize,2025-12-25T00:00:00,16.097,10.09,2.44,53.747,47.5,19.5,178.9,5.903,15.577,18,0.448,2778.2,1,100
UG-GUL-0003,maize,2025-12-26T00:00:00,16.801,12.14,1.006,53.627,47.1,19.7,179.3,5.199,13.527,19,0.486,3012.3,1,97
UG-GUL-0003,maize,2025-12-27T00:00:00,16.606,15.16,1.965,54.246,46.8,19.5,179.8,5.394,10.507,20,0.601,3725.2,1,96
UG-GUL-0003,maize,2025-12-28T00:00:00,16.854,15.38,1.934,53.196,47.0,19.5,179.6,5.146,10.287,21,0.521,3229.0,1,95
UG-GUL-0003,maize,2025-12-29T00:00:00,16.467,18.95,1.969,50.599,46.8,19.4,179.6,5.533,6.717,22,0.589,3654.0,1,94
UG-GUL-0003,maize,2025-12-30T00:00:00,16.893,19.49,1.659,51.003,46.8,19.5,178.9,5.107,6.177,23,0.612,3793.5,1,92
UG-GUL-0003,maize,2025-12-31T00:00:00,17.166,23.23,1.202,52.491,46.7,19.5,178.4,4.834,2.437,24,0.593,3676.3,1,90
UG-GUL-0003,maize,2026-01-01T00:00:00,17.206,26.38,1.74,50.554,46.8,19.5,178.3,4.794,0.713,25,0.62,3841.9,1,89
UG-GUL-0003,maize,2026-01-02T00:00:00,17.023,26.73,1.929,52.123,46.7,19.1,177.6,4.977,1.063,26,0.601,3728.1,1,88
UG-GUL-0003,maize,2026-01-03T00:00:00,17.653,28.56,0.7,53.869,46.5,19.3,176.8,4.347,2.893,27,0.556,3445.5,1,86
UG-GUL-0003,maize,2026-01-04T00:00:00,17.757,26.79,0.614,56.384,46.2,19.3,176.6,4.243,1.123,28,0.573,3554.6,1,85
UG-GUL-0003,maize,2026-01-05T00:00:00,18.253,23.22,0.769,57.166,46.0,19.2,176.1,3.747,2.447,29,0.615,3812.6,1,84
UG-GUL-0003,maize,2026-01-06T00:00:00,18.403,24.13,0.768,57.897,45.8,19.1,176.0,3.597,1.537,30,0.609,3776.3,1,83
UG-GUL-0003,maize,2026-01-07T00:00:00,18.693,24.78,0.739,58.799,45.4,19.0,176.1,3.307,0.887,31,0.687,4259.0,1,81
UG-GUL-0003,maize,2026-01-08T00:00:00,18.66,23.29,0.933,60.077,45.4,18.8,176.7,3.34,2.377,32,0.607,3764.9,1,81
UG-GUL-0003,maize,2026-01-09T00:00:00,18.586,27.48,0.924,60.093,45.0,18.9,176.7,3.414,1.813,33,0.676,4189.5,1,80
UG-GUL-0003,maize,2026-01-10T00:00:00,18.607,23.0,0.7,58.393,44.9,18.6,177.3,3.393,2.667,34,0.597,3702.7,1,79
UG-GUL-0003,maize,2026-01-11T00:00:00,18.936,24.7,1.903,56.453,44.4,18.8,177.8,3.064,0.967,35,0.676,4193.4,1,78
UG-GUL-0003,maize,2026-01-12T00:00:00,18.896,26.5,1.793,55.639,44.4,18.8,177.7,3.104,0.833,36,0.635,3939.5,1,77
UG-GUL-0003,maize,2026-01-13T00:00:00,18.474,25.83,2.339,55.826,44.0,18.8,177.6,3.526,0.163,37,0.631,3912.1,1,76
UG-GUL-0003,maize,2026-01-14T00:00:00,18.56,24.96,1.648,54.317,43.9,18.7,177.4,3.44,0.707,38,0.6,3720.2,1,75
UG-GUL-0003,maize,2026-01-15T00:00:00,18.807,22.66,2.902,54.101,43.8,18.9,177.2,3.193,3.007,39,0.61,3782.5,1,75
UG-GUL-0003,maize,2026-01-16T00:00:00,19.123,18.52,5.11,54.181,43.8,18.9,177.4,2.877,7.147,40,0.604,3747.7,1,75
UG-GUL-0003,maize,2026-01-17T00:00:00,19.171,19.57,5.014,56.023,43.6,18.8,176.3,2.829,6.097,41,0.557,3450.6,1,74
UG-GUL-0003,maize,2026-01-18T00:00:00,19.217,22.46,3.788,57.316,43.4,18.7,175.4,2.783,3.207,42,0.579,3588.6,1,72
UG-GUL-0003,maize,2026-01-19T00:00:00,19.469,26.44,4.426,57.741,43.0,18.7,174.9,2.531,0.773,43,0.599,3716.2,1,70
UG-GUL-0003,maize,2026-01-20T00:00:00,19.984,28.39,3.282,57.144,43.2,18.9,174.6,2.016,2.723,44,0.656,4064.9,1,69
UG-GUL-0003,maize,2026-01-21T00:00:00,20.103,27.48,3.229,57.641,42.9,18.8,174.6,1.897,1.813,45,0.64,3968.2,1,68
UG-GUL-0003,maize,2026-01-22T00:00:00,20.099,31.58,5.256,59.471,42.8,18.7,173.7,1.901,5.913,46,0.614,3804.9,1,68
UG-GUL-0003,maize,2026-01-23T00:00:00,19.711,32.95,4.17,60.291,42.7,18.8,173.0,2.289,7.283,47,0.568,3518.6,1,68
UG-GUL-0003,maize,2026-01-24T00:00:00,20.001,30.74,4.293,60.797,42.6,18.9,172.9,1.999,5.073,48,0.581,3603.5,1,66
UG-GUL-0003,maize,2026-01-25T00:00:00,20.42,33.02,4.188,61.77,42.5,19.0,173.0,1.58,7.353,49,0.581,3605.2,1,65
UG-GUL-0003,maize,2026-01-26T00:00:00,20.664,36.75,2.971,62.304,42.7,18.9,173.1,1.336,11.083,50,0.581,3603.4,1,65
UG-GUL-0003,maize,2026-01-27T00:00:00,20.786,34.37,3.664,63.826,42.4,18.5,173.6,1.214,8.703,51,0.556,3446.8,1,63
UG-GUL-0003,maize,2026-01-28T00:00:00,20.524,36.33,3.393,64.039,42.5,18.6,173.3,1.476,10.663,52,0.587,3638.3,1,63
UG-GUL-0003,maize,2026-01-29T00:00:00,20.876,36.37,1.998,65.104,42.2,18.6,173.3,1.124,10.703,53,0.57,3531.6,1,61
UG-GUL-0003,maize,2026-01-30T00:00:00,21.497,35.5,2.111,64.59,42.0,18.6,173.9,0.503,9.833,54,0.501,3106.9,1,60
UG-GUL-0003,maize,2026-01-31T00:00:00,21.017,37.04,1.528,63.516,41.9,18.5,173.8,0.983,11.373,55,0.584,3618.8,1,59
UG-GUL-0003,maize,2026-02-01T00:00:00,21.097,38.25,2.552,62.731,41.8,18.2,174.2,0.903,12.583,56,0.502,3111.1,1,59
UG-GUL-0003,maize,2026-02-02T00:00:00,20.803,35.45,2.452,62.637,41.4,18.2,174.0,1.197,9.783,57,0.583,3615.8,1,57
UG-GUL-0003,maize,2026-02-03T00:00:00,20.559,39.66,1.31,61.784,41.3,18.2,172.9,1.441,13.993,58,0.554,3435.6,1,57
UG-GUL-0003,maize,2026-02-04T00:00:00,21.283,36.41,1.295,61.31,41.3,18.1,172.8,0.717,10.743,59,0.573,3553.5,1,55
UG-GUL-0003,maize,2026-02-05T00:00:00,21.149,35.9,2.169,62.316,41.0,18.1,173.3,0.851,10.233,60,0.575,3562.2,1,54
UG-GUL-0003,maize,2026-02-06T00:00:00,21.096,39.42,2.147,62.87,40.9,18.0,173.3,0.904,13.753,61,0.562,3481.3,1,54
UG-GUL-0003,maize,2026-02-07T00:00:00,21.923,46.34,2.648,62.879,40.8,18.1,173.1,0.077,20.673,62,0.468,2900.2,1,54
UG-GUL-0003,maize,2026-02-08T00:00:00,21.621,42.17,1.83,62.427,40.9,18.3,172.6,0.379,16.503,63,0.542,3357.5,1,52
UG-GUL-0003,maize,2026-02-09T00:00:00,21.894,41.9,2.021,64.811,40.9,18.5,172.5,0.106,16.233,64,0.559,3463.8,1,51
UG-GUL-0003,maize,2026-02-10T00:00:00,22.087,38.63,2.068,65.041,40.7,18.6,173.5,0.087,12.963,65,0.603,3741.0,1,49
UG-GUL-0003,maize,2026-02-11T00:00:00,21.834,41.56,1.941,67.567,40.7,18.6,173.1,0.166,15.893,66,0.494,3062.1,1,49
UG-GUL-0003,maize,2026-02-12T00:00:00,21.787,42.98,1.805,66.463,40.6,18.5,172.5,0.213,17.313,67,0.527,3265.4,1,48
UG-GUL-0003,maize,2026-02-13T00:00:00,21.896,44.48,1.971,66.541,40.7,18.4,171.9,0.104,18.813,68,0.473,2934.7,1,47
UG-GUL-0003,maize,2026-02-14T00:00:00,21.366,40.01,2.19,67.903,40.4,18.2,172.7,0.634,14.343,69,0.496,3078.2,1,46
UG-GUL-0003,maize,2026-02-15T00:00:00,21.387,42.94,1.606,68.086,40.2,18.1,172.9,0.613,17.273,70,0.518,3208.9,1,45
UG-GUL-0003,maize,2026-02-16T00:00:00,21.274,42.51,1.39,67.171,39.8,17.9,172.6,0.726,16.843,71,0.51,3161.2,1,44
UG-GUL-0003,maize,2026-02-17T00:00:00,21.354,41.0,3.456,67.879,39.6,17.7,172.2,0.646,15.333,72,0.539,3343.8,1,43
UG-GUL-0003,maize,2026-02-18T00:00:00,21.329,40.54,3.277,68.596,39.0,17.8,172.4,0.671,14.873,73,0.498,3086.4,1,42
UG-GUL-0003,maize,2026-02-19T00:00:00,21.109,40.24,3.314,67.336,38.7,17.7,172.6,0.891,14.573,74,0.502,3112.5,1,41
UG-GUL-0003,maize,2026-02-20T00:00:00,20.54,37.16,2.52,65.98,38.6,17.7,173.0,1.46,11.493,75,0.533,3304.6,1,40
UG-GUL-0003,maize,2026-02-21T00:00:00,20.757,37.63,2.505,65.427,38.4,17.7,172.5,1.243,11.963,76,0.499,3096.6,1,39
UG-GUL-0003,maize,2026-02-22T00:00:00,20.799,38.81,2.503,66.111,38.2,17.6,172.0,1.201,13.143,77,0.493,3054.2,1,38
UG-GUL-0003,maize,2026-02-23T00:00:00,20.976,37.45,2.752,65.539,38.3,17.5,172.1,1.024,11.783,78,0.56,3473.5,1,36
UG-GUL-0003,maize,2026-02-24T00:00:00,21.133,42.58,1.961,63.981,38.5,17.5,171.9,0.867,16.913,79,0.477,2955.9,1,36
UG-GUL-0003,maize,2026-02-25T00:00:00,21.021,43.11,1.862,62.439,38.3,17.2,172.0,0.979,17.443,80,0.521,3232.7,1,35
UG-GUL-0003,maize,2026-02-26T00:00:00,20.976,48.37,1.88,62.406,38.5,17.1,172.0,1.024,22.703,81,0.461,2859.2,1,36
UG-GUL-0003,maize,2026-02-27T00:00:00,21.544,48.74,2.034,64.674,38.1,17.1,171.5,0.456,23.073,82,0.4,2477.3,0,34
UG-GUL-0003,maize,2026-02-28T00:00:00,21.194,49.12,2.038,63.907,38.4,17.1,171.6,0.806,23.453,83,0.454,2816.2,1,34
UG-GUL-0003,maize,2026-03-01T00:00:00,21.34,44.94,2.046,63.314,38.2,16.9,171.0,0.66,19.273,84,0.488,3023.6,1,32
UG-GUL-0003,maize,2026-03-02T00:00:00,20.929,47.05,2.573,64.066,38.0,16.9,171.7,1.071,21.383,85,0.458,2838.6,1,32
UG-GUL-0003,maize,2026-03-03T00:00:00,20.496,46.66,1.336,63.879,38.1,17.0,171.2,1.504,20.993,86,0.447,2771.8,1,30
UG-GUL-0003,maize,2026-03-04T00:00:00,20.693,46.04,1.335,63.361,37.9,17.0,171.1,1.307,20.373,87,0.43,2667.9,1,29
UG-GUL-0003,maize,2026-03-05T00:00:00,21.044,39.36,1.076,62.894,37.7,17.2,171.1,0.956,13.693,88,0.561,3475.4,1,26
UG-GUL-0003,maize,2026-03-06T00:00:00,20.813,46.25,1.106,61.377,37.5,17.1,171.1,1.187,20.583,89,0.457,2832.8,1,27
UG-GUL-0003,maize,2026-03-07T00:00:00,20.643,46.3,0.772,62.593,37.2,17.2,169.9,1.357,20.633,90,0.433,2684.7,1,26
UG-GUL-0003,maize,2026-03-08T00:00:00,20.576,48.13,0.511,61.707,37.0,17.2,169.5,1.424,22.463,91,0.46,2853.3,1,25
UG-GUL-0003,maize,2026-03-09T00:00:00,20.781,51.71,1.031,60.817,37.0,17.0,168.7,1.219,26.043,92,0.391,2423.2,0,25
UG-GUL-0003,maize,2026-03-10T00:00:00,20.833,48.92,1.522,61.387,36.4,17.2,168.7,1.167,23.253,93,0.402,2495.0,1,24
UG-GUL-0003,maize,2026-03-11T00:00:00,20.591,49.59,1.47,61.01,36.5,17.2,168.8,1.409,23.923,94,0.411,2550.4,1,23
UG-GUL-0003,maize,2026-03-12T00:00:00,20.631,50.88,1.174,61.627,36.2,17.0,168.3,1.369,25.213,95,0.393,2436.9,0,22
UG-GUL-0003,maize,2026-03-13T00:00:00,20.827,43.78,0.864,60.269,36.2,17.0,167.7,1.173,18.113,96,0.448,2777.9,1,19
UG-GUL-0003,maize,2026-03-14T00:00:00,21.044,42.65,0.869,59.009,35.8,16.8,168.3,0.956,16.983,97,0.51,3162.5,1,18
UG-GUL-0003,maize,2026-03-15T00:00:00,20.993,40.27,0.766,60.27,36.0,17.0,169.0,1.007,14.603,98,0.504,3125.0,1,16
UG-GUL-0003,maize,2026-03-16T00:00:00,21.027,36.61,1.471,60.529,35.8,17.0,168.6,0.973,10.943,99,0.567,3517.6,1,15
UG-GUL-0003,maize,2026-03-17T00:00:00,20.929,35.79,0.921,61.0,35.5,16.8,168.2,1.071,10.123,100,0.511,3170.7,1,13
UG-GUL-0003,maize,2026-03-18T00:00:00,20.403,31.26,1.565,60.357,35.5,16.8,167.4,1.597,5.593,101,0.507,3146.3,1,12
UG-GUL-0003,maize,2026-03-19T00:00:00,20.2,33.78,1.331,60.496,35.4,16.7,167.1,1.8,8.113,102,0.541,3356.9,1,12
UG-GUL-0003,maize,2026-03-20T00:00:00,19.66,32.93,1.548,61.639,35.5,16.5,167.7,2.34,7.263,103,0.589,3651.3,1,11
UG-GUL-0003,maize,2026-03-21T00:00:00,19.547,30.48,0.948,60.711,35.5,16.7,167.8,2.453,4.813,104,0.574,3560.3,1,9
UG-GUL-0003,maize,2026-03-22T00:00:00,19.44,29.96,1.035,59.563,35.1,16.4,167.3,2.56,4.293,105,0.653,4047.9,1,8
UG-GUL-0003,maize,2026-03-23T00:00:00,19.066,27.42,0.986,59.106,34.9,16.5,167.0,2.934,1.753,106,0.581,3600.4,1,7
UG-GUL-0003,maize,2026-03-24T00:00:00,18.797,28.78,1.46,58.85,35.1,16.6,167.0,3.203,3.113,107,0.56,3471.9,1,6
UG-GUL-0003,maize,2026-03-25T00:00:00,18.887,27.81,1.145,59.659,34.8,16.3,167.0,3.113,2.143,108,0.498,3087.6,1,5
UG-GUL-0003,maize,2026-03-26T00:00:00,18.456,24.6,1.153,58.799,34.4,16.4,167.1,3.544,1.067,109,0.577,3574.9,1,4
UG-GUL-0003,maize,2026-03-27T00:00:00,18.441,24.31,0.454,58.114,34.1,16.6,166.4,3.559,1.357,110,0.574,3560.6,1,2
UG-GUL-0003,maize,2026-03-28T00:00:00,18.203,26.39,1.546,58.913,34.1,16.4,166.3,3.797,0.723,111,0.546,3383.2,1,2
UG-GUL-0003,maize,2026-03-29T00:00:00,17.514,26.52,1.632,60.336,34.2,16.5,166.5,4.486,0.853,112,0.543,3365.5,1,2
UG-GUL-0003,maize,2026-03-30T00:00:00,17.521,23.51,1.791,59.997,34.0,16.6,166.8,4.479,2.157,113,0.533,3307.3,1,1
UG-GUL-0003,maize,2026-03-31T00:00:00,17.383,19.76,1.761,58.31,33.8,16.4,166.5,4.617,5.907,114,0.496,3075.8,1,1
UG-GUL-0003,maize,2026-04-01T00:00:00,17.369,20.04,2.202,58.729,33.8,16.4,166.8,4.631,5.627,115,0.563,3491.9,1,0
UG-GUL-0003,maize,2026-04-02T00:00:00,17.511,16.93,2.478,59.331,33.7,16.3,166.8,4.489,8.737,116,0.464,2876.1,1,0
UG-GUL-0003,maize,2026-04-03T00:00:00,17.483,16.29,2.452,58.496,33.5,16.3,167.1,4.517,9.377,117,0.475,2942.4,1,0
UG-GUL-0003,maize,2026-04-04T00:00:00,17.246,13.63,2.325,57.543,33.1,16.4,166.8,4.754,12.037,118,0.432,2679.4,1,0
UG-GUL-0003,maize,2026-04-05T00:00:00,17.496,15.61,2.612,53.986,33.0,16.5,166.4,4.504,10.057,119,0.486,3011.1,1,0
UG-GUL-0003,maize,2026-04-06T00:00:00,17.574,17.05,2.531,53.629,33.3,16.6,166.7,4.426,8.617,120,0.482,2990.7,1,0
UG-GUL-0003,maize,2026-04-07T00:00:00,17.374,16.81,1.944,54.571,33.2,16.5,166.9,4.626,8.857,121,0.467,2896.3,1,0
UG-GUL-0003,maize,2026-04-08T00:00:00,17.051,16.39,1.545,52.781,33.2,16.5,166.6,4.949,9.277,122,0.412,2556.7,1,0
UG-GUL-0003,maize,2026-04-09T00:00:00,16.844,13.79,1.563,51.931,33.5,16.7,166.4,5.156,11.877,123,0.455,2821.8,1,0
UG-GUL-0003,maize,2026-04-10T00:00:00,16.77,14.07,1.563,50.593,33.2,16.6,165.5,5.23,11.597,124,0.438,2715.6,1,0
UG-GUL-0003,maize,2026-04-11T00:00:00,16.909,12.24,1.086,50.526,33.2,16.7,165.1,5.091,13.427,125,0.437,2710.6,1,0
UG-GUL-0003,maize,2026-04-12T00:00:00,16.977,7.89,0.306,52.779,33.1,16.6,165.2,5.023,17.777,126,0.378,2345.8,0,0
UG-GUL-0003,maize,2026-04-13T00:00:00,16.48,8.59,0.506,52.046,32.5,16.5,165.0,5.52,17.077,127,0.449,2784.6,1,0
UG-GUL-0003,maize,2026-04-14T00:00:00,16.249,9.77,1.096,50.989,32.4,16.6,165.1,5.751,15.897,128,0.432,2675.5,1,0
UG-GUL-0003,maize,2026-04-15T00:00:00,16.39,13.52,1.188,51.279,32.2,16.4,165.6,5.61,12.147,129,0.479,2968.8,1,0
UG-GUL-0003,maize,2026-04-16T00:00:00,16.177,13.52,1.281,51.016,31.9,16.2,165.7,5.823,12.147,130,0.464,2877.2,1,0
UG-GUL-0003,maize,2026-04-17T00:00:00,15.83,10.22,3.644,51.837,31.9,16.2,165.9,6.17,15.447,131,0.4,2482.5,1,0
UG-GUL-0003,maize,2026-04-18T00:00:00,15.487,10.22,3.253,51.726,32.0,16.0,166.2,6.513,15.447,132,0.345,2137.3,0,0
UG-GUL-0003,maize,2026-04-19T00:00:00,15.254,13.32,3.614,51.166,32.0,15.9,166.3,6.746,12.347,133,0.453,2807.5,1,0
UG-GUL-0003,maize,2026-04-20T00:00:00,15.056,10.05,2.809,51.316,31.8,16.0,166.2,6.944,15.617,134,0.345,2137.5,0,0
UG-GUL-0003,maize,2026-04-21T00:00:00,15.437,11.27,3.799,52.673,31.7,16.0,165.9,6.563,14.397,135,0.374,2320.6,0,0
UG-GUL-0003,maize,2026-04-22T00:00:00,15.116,7.0,3.84,51.459,31.4,16.0,165.4,6.884,18.667,136,0.363,2251.5,0,0
UG-GUL-0003,maize,2026-04-23T00:00:00,15.15,8.23,3.359,49.591,31.2,16.1,165.0,6.85,17.437,137,0.377,2337.4,0,0
UG-GUL-0003,maize,2026-04-24T00:00:00,15.256,7.98,2.053,48.141,31.2,15.8,165.0,6.744,17.687,138,0.377,2339.9,0,0
UG-GUL-0003,maize,2026-04-25T00:00:00,15.106,8.44,1.97,48.626,30.9,15.5,164.3,6.894,17.227,139,0.347,2153.3,0,0
UG-GUL-0003,maize,2026-04-26T00:00:00,14.844,4.81,1.018,49.02,30.7,15.7,163.7,7.156,20.857,140,0.316,1958.5,0,0
UG-GUL-0003,maize,2026-04-27T00:00:00,15.024,5.83,1.033,47.829,30.9,15.4,163.9,6.976,19.837,141,0.42,2602.4,1,0
UG-GUL-0003,maize,2026-04-28T00:00:00,14.717,3.59,0.754,46.609,30.9,15.3,163.4,7.283,22.077,142,0.322,1997.3,0,0
UG-GUL-0003,maize,2026-04-29T00:00:00,14.739,6.77,2.19,47.326,31.1,15.4,163.5,7.261,18.897,143,0.333,2066.9,0,0
UG-GUL-0003,maize,2026-04-30T00:00:00,14.461,6.1,2.561,47.867,30.9,15.3,164.4,7.539,19.567,144,0.305,1888.6,0,0
UG-GUL-0003,maize,2026-05-01T00:00:00,14.286,6.1,2.564,47.829,30.8,15.6,164.4,7.714,19.567,145,0.331,2054.8,0,0
UG-GUL-0003,maize,2026-05-02T00:00:00,14.507,5.64,2.898,47.423,30.5,15.8,164.8,7.493,20.027,146,0.329,2039.0,0,0
UG-GUL-0003,maize,2026-05-03T00:00:00,14.07,5.64,2.687,47.097,30.3,15.5,165.0,7.93,20.027,147,0.315,1952.1,0,0
UG-GUL-0003,maize,2026-05-04T00:00:00,13.809,8.2,3.138,47.647,30.0,15.6,164.0,8.191,17.467,148,0.34,2105.2,0,0
UG-GUL-0003,maize,2026-05-05T00:00:00,13.477,7.32,3.764,46.966,29.4,15.5,164.4,8.523,18.347,149,0.363,2250.7,0,0
UG-GUL-0003,maize,2026-05-06T00:00:00,13.474,6.97,3.874,45.989,29.3,15.3,164.6,8.526,18.697,150,0.288,1784.5,0,0
UG-GUL-0003,maize,2026-05-07T00:00:00,13.727,6.92,2.893,47.453,29.4,15.5,163.0,8.273,18.747,151,0.316,1960.1,0,0
UG-GUL-0003,maize,2026-05-08T00:00:00,13.734,10.51,3.071,49.733,29.4,15.5,163.3,8.266,15.157,152,0.323,2004.9,0,0
UG-GUL-0003,maize,2026-05-09T00:00:00,13.58,10.51,4.883,48.457,29.5,15.3,163.1,8.42,15.157,153,0.339,2103.0,0,0
UG-GUL-0003,maize,2026-05-10T00:00:00,14.157,10.51,4.325,47.769,29.3,15.6,163.1,7.843,15.157,154,0.326,2019.2,0,0
UG-GUL-0003,maize,2026-05-11T00:00:00,14.506,9.1,2.47,47.106,29.3,15.8,163.3,7.494,16.567,155,0.332,2061.3,0,0
UG-GUL-0003,maize,2026-05-12T00:00:00,15.071,9.1,2.961,47.204,29.6,16.0,162.6,6.929,16.567,156,0.311,1931.2,0,0
UG-GUL-0003,maize,2026-05-13T00:00:00,15.049,6.27,2.795,46.62,29.3,16.1,162.2,6.951,19.397,157,0.335,2079.0,0,0
UG-GUL-0003,maize,2026-05-14T00:00:00,14.507,5.76,2.792,45.961,29.0,15.8,163.1,7.493,19.907,158,0.331,2053.0,0,0
UG-GUL-0003,maize,2026-05-15T00:00:00,14.277,2.17,2.651,45.469,29.1,15.6,161.9,7.723,23.497,159,0.341,2113.5,0,0
UG-GUL-0003,maize,2026-05-16T00:00:00,14.477,2.17,0.786,47.221,28.8,15.7,162.0,7.523,23.497,160,0.316,1962.2,0,0
UG-GUL-0003,maize,2026-05-17T00:00:00,14.261,2.86,0.844,47.113,28.7,15.7,161.2,7.739,22.807,161,0.29,1799.0,0,0
UG-GUL-0003,maize,2026-05-18T00:00:00,14.163,2.02,0.801,48.36,28.5,15.3,161.3,7.837,23.647,162,0.252,1563.1,0,0
UG-GUL-0003,maize,2026-05-19T00:00:00,13.613,2.02,0.866,47.791,28.3,14.9,161.7,8.387,23.647,163,0.245,1516.9,0,0
UG-GUL-0003,maize,2026-05-20T00:00:00,13.96,2.02,0.863,48.41,28.2,14.9,161.2,8.04,23.647,164,0.247,1530.2,0,0
UG-GUL-0003,maize,2026-05-21T00:00:00,14.086,2.02,1.72,48.481,28.2,15.2,160.9,7.914,23.647,165,0.338,2093.2,0,0
UG-GUL-0003,maize,2026-05-22T00:00:00,14.137,2.08,1.698,47.009,27.9,15.0,161.0,7.863,23.587,166,0.289,1792.9,0,0
UG-GUL-0003,maize,2026-05-23T00:00:00,13.933,2.08,1.341,45.291,27.9,14.8,160.5,8.067,23.587,167,0.262,1624.8,0,0
UG-GUL-0003,maize,2026-05-24T00:00:00,13.794,1.39,1.642,45.264,28.1,14.6,160.8,8.206,24.277,168,0.24,1488.1,0,0
UG-GUL-0003,maize,2026-05-25T00:00:00,13.606,2.31,1.762,42.827,28.0,14.8,160.6,8.394,23.357,169,0.247,1534.5,0,0
UG-GUL-0003,maize,2026-05-26T00:00:00,13.664,4.2,1.521,43.384,27.8,15.1,160.1,8.336,21.467,170,0.274,1696.3,0,0
UG-GUL-0003,maize,2026-05-27T00:00:00,13.407,4.2,1.973,43.581,27.6,15.3,159.9,8.593,21.467,171,0.324,2010.3,0,0
UG-GUL-0003,maize,2026-05-28T00:00:00,13.753,4.2,1.174,42.499,27.7,15.2,160.3,8.247,21.467,172,0.295,1831.9,0,0
UG-GUL-0003,maize,2026-05-29T00:00:00,13.874,4.14,1.133,43.21,27.6,15.3,160.2,8.126,21.527,173,0.255,1581.9,0,0
UG-GUL-0003,maize,2026-05-30T00:00:00,13.987,4.95,1.122,44.616,27.4,15.4,161.0,8.013,20.717,174,0.377,2334.7,0,0
UG-GUL-0003,maize,2026-05-31T00:00:00,14.371,4.95,1.148,44.779,26.8,15.5,161.1,7.629,20.717,175,0.277,1719.8,0,0
UG-GUL-0003,maize,2026-06-01T00:00:00,14.44,2.7,0.72,47.774,26.9,15.4,161.0,7.56,22.967,176,0.281,1742.4,0,0
UG-GUL-0003,maize,2026-06-02T00:00:00,14.753,1.4,0.898,47.871,26.9,15.5,160.9,7.247,24.267,177,0.331,2051.9,0,0
UG-GUL-0003,maize,2026-06-03T00:00:00,14.664,2.13,0.818,48.759,26.9,15.2,161.4,7.336,23.537,178,0.308,1910.5,0,0
UG-GUL-0003,maize,2026-06-04T00:00:00,14.453,3.14,0.996,48.877,26.6,15.1,160.7,7.547,22.527,179,0.282,1750.5,0,0
UG-GUL-0004,maize,2025-12-13T00:00:00,15.11,9.48,1.932,48.021,49.3,20.2,179.1,6.89,16.187,6,0.423,2114.1,1,112
UG-GUL-0004,maize,2025-12-14T00:00:00,15.223,13.59,1.672,49.363,48.7,20.0,178.6,6.777,12.077,7,0.465,2326.5,1,110
UG-GUL-0004,maize,2025-12-15T00:00:00,14.697,14.35,2.164,51.737,48.7,19.9,178.5,7.303,11.317,8,0.461,2302.8,1,110
UG-GUL-0004,maize,2025-12-16T00:00:00,15.114,14.63,3.836,50.57,48.2,20.0,178.8,6.886,11.037,9,0.486,2430.9,1,109
UG-GUL-0004,maize,2025-12-17T00:00:00,15.437,9.78,4.702,49.654,48.2,19.8,178.5,6.563,15.887,10,0.453,2262.9,1,109
UG-GUL-0004,maize,2025-12-18T00:00:00,15.513,9.46,5.271,49.696,47.9,19.5,178.1,6.487,16.207,11,0.435,2176.8,1,108
UG-GUL-0004,maize,2025-12-19T00:00:00,15.349,17.76,4.553,50.473,48.3,19.6,177.8,6.651,7.907,12,0.507,2534.6,1,105
UG-GUL-0004,maize,2025-12-20T00:00:00,15.547,23.24,5.366,51.86,48.2,19.4,178.2,6.453,2.427,13,0.519,2594.3,1,103
UG-GUL-0004,maize,2025-12-21T00:00:00,15.716,19.72,5.058,51.266,48.3,19.4,178.3,6.284,5.947,14,0.535,2676.1,1,103
UG-GUL-0004,maize,2025-12-22T00:00:00,16.381,20.3,3.884,49.434,47.9,19.3,178.4,5.619,5.367,15,0.583,2916.0,1,101
UG-GUL-0004,maize,2025-12-23T00:00:00,16.206,22.66,3.249,50.944,48.1,19.2,178.2,5.794,3.007,16,0.559,2796.6,1,99
UG-GUL-0004,maize,2025-12-24T00:00:00,16.344,23.7,1.693,51.764,47.9,19.2,178.2,5.656,1.967,17,0.579,2893.7,1,97
UG-GUL-0004,maize,2025-12-25T00:00:00,16.651,22.02,1.558,50.703,47.7,19.4,178.4,5.349,3.647,18,0.579,2896.0,1,97
UG-GUL-0004,maize,2025-12-26T00:00:00,16.676,17.38,2.011,50.833,47.1,19.3,178.5,5.324,8.287,19,0.568,2839.5,1,97
UG-GUL-0004,maize,2025-12-27T00:00:00,16.696,18.89,1.472,52.153,47.2,19.3,178.1,5.304,6.777,20,0.524,2622.3,1,95
UG-GUL-0004,maize,2025-12-28T00:00:00,16.26,24.73,2.044,51.857,47.3,19.2,177.6,5.74,0.937,21,0.629,3147.0,1,93
UG-GUL-0004,maize,2025-12-29T00:00:00,16.361,25.81,1.703,53.219,47.2,19.2,177.1,5.639,0.143,22,0.608,3040.9,1,92
UG-GUL-0004,maize,2025-12-30T00:00:00,16.287,28.06,2.041,52.487,47.1,19.1,176.9,5.713,2.393,23,0.574,2869.1,1,92
UG-GUL-0004,maize,2025-12-31T00:00:00,16.523,32.15,1.891,52.899,47.1,18.8,176.8,5.477,6.483,24,0.58,2898.7,1,91
UG-GUL-0004,maize,2026-01-01T00:00:00,16.459,33.98,1.725,54.794,47.2,18.8,176.3,5.541,8.313,25,0.493,2467.2,1,91
UG-GUL-0004,maize,2026-01-02T00:00:00,17.129,33.71,2.063,54.281,47.0,18.8,175.9,4.871,8.043,26,0.553,2766.0,1,90
UG-GUL-0004,maize,2026-01-03T00:00:00,17.12,28.27,2.064,53.469,46.4,18.8,176.1,4.88,2.603,27,0.592,2960.0,1,87
UG-GUL-0004,maize,2026-01-04T00:00:00,17.817,29.49,2.211,53.467,46.1,18.8,176.0,4.183,3.823,28,0.55,2750.0,1,86
UG-GUL-0004,maize,2026-01-05T00:00:00,17.876,29.53,2.243,53.966,45.9,18.7,175.7,4.124,3.863,29,0.591,2952.5,1,85
UG-GUL-0004,maize,2026-01-06T00:00:00,18.171,26.29,2.063,55.807,45.8,18.6,175.7,3.829,0.623,30,0.616,3081.4,1,83
UG-GUL-0004,maize,2026-01-07T00:00:00,18.273,26.11,1.294,55.276,45.8,18.8,175.6,3.727,0.443,31,0.612,3060.3,1,82
UG-GUL-0004,maize,2026-01-08T00:00:00,18.471,30.33,0.371,54.106,45.5,18.8,175.6,3.529,4.663,32,0.622,3110.2,1,81
UG-GUL-0004,maize,2026-01-09T00:00:00,18.297,29.99,0.927,54.93,45.3,18.8,176.1,3.703,4.323,33,0.572,2859.7,1,81
UG-GUL-0004,maize,2026-01-10T00:00:00,18.606,28.44,0.727,55.543,45.4,18.8,175.4,3.394,2.773,34,0.616,3079.9,1,79
UG-GUL-0004,maize,2026-01-11T00:00:00,18.891,25.77,2.138,57.406,44.8,18.7,175.4,3.109,0.103,35,0.615,3076.2,1,78
UG-GUL-0004,maize,2026-01-12T00:00:00,19.123,21.16,2.209,57.533,44.8,18.9,175.3,2.877,4.507,36,0.57,2849.9,1,78
UG-GUL-0004,maize,2026-01-13T00:00:00,19.103,23.15,4.487,58.309,44.3,19.2,175.3,2.897,2.517,37,0.606,3030.4,1,77
UG-GUL-0004,maize,2026-01-14T00:00:00,19.15,23.06,4.797,57.73,44.0,19.2,175.8,2.85,2.607,38,0.583,2913.5,1,76
UG-GUL-0004,maize,2026-01-15T00:00:00,19.191,22.11,4.915,59.269,43.8,19.0,175.8,2.809,3.557,39,0.535,2677.2,1,75
UG-GUL-0004,maize,2026-01-16T00:00:00,19.34,25.09,4.654,59.62,43.5,18.7,175.0,2.66,0.577,40,0.55,2748.8,1,73
UG-GUL-0004,maize,2026-01-17T00:00:00,19.951,30.06,4.787,60.099,43.2,18.8,175.0,2.049,4.393,41,0.605,3026.1,1,73
UG-GUL-0004,maize,2026-01-18T00:00:00,19.736,33.64,2.515,60.117,43.5,18.8,175.4,2.264,7.973,42,0.526,2631.2,1,72
UG-GUL-0004,maize,2026-01-19T00:00:00,19.839,41.67,2.619,59.391,43.3,18.6,175.7,2.161,16.003,43,0.507,2533.0,1,73
UG-GUL-0004,maize,2026-01-20T00:00:00,20.037,40.28,2.387,60.08,43.4,18.6,175.1,1.963,14.613,44,0.515,2575.2,1,71
UG-GUL-0004,maize,2026-01-21T00:00:00,19.949,36.54,1.9,60.629,43.1,18.5,175.1,2.051,10.873,45,0.533,2664.0,1,70
UG-GUL-0004,maize,2026-01-22T00:00:00,20.224,36.62,2.43,60.924,43.1,18.7,174.2,1.776,10.953,46,0.603,3015.1,1,69
UG-GUL-0004,maize,2026-01-23T00:00:00,20.181,36.03,2.269,60.994,43.3,18.8,174.4,1.819,10.363,47,0.556,2779.2,1,67
UG-GUL-0004,maize,2026-01-24T00:00:00,19.84,36.4,2.762,61.251,43.0,18.6,174.0,2.16,10.733,48,0.56,2799.2,1,67
UG-GUL-0004,maize,2026-01-25T00:00:00,19.86,32.49,2.611,60.139,42.7,18.6,173.7,2.14,6.823,49,0.577,2883.3,1,65
UG-GUL-0004,maize,2026-01-26T00:00:00,19.991,32.06,2.635,61.02,42.6,18.4,173.4,2.009,6.393,50,0.565,2826.4,1,64
UG-GUL-0004,maize,2026-01-27T00:00:00,20.104,38.01,2.032,60.786,42.4,18.3,174.0,1.896,12.343,51,0.529,2643.6,1,64
UG-GUL-0004,maize,2026-01-28T00:00:00,20.143,45.86,2.032,61.996,42.3,18.3,173.6,1.857,20.193,52,0.51,2550.6,1,65
UG-GUL-0004,maize,2026-01-29T00:00:00,20.227,46.31,3.128,62.273,42.2,18.3,174.0,1.773,20.643,53,0.49,2449.3,1,64
UG-GUL-0004,maize,2026-01-30T00:00:00,20.689,45.45,3.022,62.584,41.7,18.4,174.2,1.311,19.783,54,0.529,2645.0,1,62
UG-GUL-0004,maize,2026-01-31T00:00:00,20.809,45.15,2.816,63.267,41.8,18.6,174.6,1.191,19.483,55,0.484,2421.4,1,61
UG-GUL-0004,maize,2026-02-01T00:00:00,20.646,49.84,2.652,64.064,41.8,18.7,174.6,1.354,24.173,56,0.413,2066.5,1,61
UG-GUL-0004,maize,2026-02-02T00:00:00,20.771,47.73,2.814,64.681,41.6,18.8,174.3,1.229,22.063,57,0.444,2219.5,1,60
UG-GUL-0004,maize,2026-02-03T00:00:00,21.02,45.99,2.794,63.684,41.3,18.8,173.6,0.98,20.323,58,0.438,2188.1,1,58
UG-GUL-0004,maize,2026-02-04T00:00:00,20.896,43.74,2.486,64.444,41.1,18.7,173.4,1.104,18.073,59,0.513,2566.4,1,57
UG-GUL-0004,maize,2026-02-05T00:00:00,20.683,43.76,1.522,63.919,40.8,18.5,173.5,1.317,18.093,60,0.474,2369.2,1,56
UG-GUL-0004,maize,2026-02-06T00:00:00,20.594,47.54,1.763,63.199,40.8,18.4,173.1,1.406,21.873,61,0.365,1827.1,0,56
UG-GUL-0004,maize,2026-02-07T00:00:00,20.593,47.64,1.486,62.351,40.8,18.4,173.0,1.407,21.973,62,0.532,2660.7,1,54
UG-GUL-0004,maize,2026-02-08T00:00:00,20.697,41.26,1.688,62.46,40.5,18.1,172.4,1.303,15.593,63,0.489,2445.6,1,52
UG-GUL-0004,maize,2026-02-09T00:00:00,20.544,41.7,1.194,61.796,40.1,18.0,172.7,1.456,16.033,64,0.486,2429.6,1,51
UG-GUL-0004,maize,2026-02-10T00:00:00,20.443,42.31,1.188,62.896,40.2,17.8,172.9,1.557,16.643,65,0.546,2729.5,1,50
UG-GUL-0004,maize,2026-02-11T00:00:00,21.239,35.83,1.225,62.401,40.2,17.4,173.1,0.761,10.163,66,0.521,2605.3,1,47
UG-GUL-0004,maize,2026-02-12T00:00:00,21.44,35.21,0.848,61.836,40.0,17.5,173.2,0.56,9.543,67,0.603,3014.0,1,46
UG-GUL-0004,maize,2026-02-13T00:00:00,21.383,30.91,1.051,63.74,40.1,17.7,173.3,0.617,5.243,68,0.584,2920.3,1,44
UG-GUL-0004,maize,2026-02-14T00:00:00,21.446,31.21,1.805,63.927,39.5,17.5,172.9,0.554,5.543,69,0.551,2754.7,1,44
UG-GUL-0004,maize,2026-02-15T00:00:00,21.846,35.3,1.273,64.64,39.4,17.8,172.9,0.154,9.633,70,0.621,3102.6,1,43
UG-GUL-0004,maize,2026-02-16T00:00:00,22.086,33.44,1.412,65.45,39.3,17.7,172.1,0.086,7.773,71,0.61,3052.4,1,42
UG-GUL-0004,maize,2026-02-17T00:00:00,21.87,31.07,1.703,64.813,39.2,17.6,171.9,0.13,5.403,72,0.626,3128.2,1,40
UG-GUL-0004,maize,2026-02-18T00:00:00,21.37,40.69,2.527,65.496,39.2,17.8,172.0,0.63,15.023,73,0.52,2599.1,1,42
UG-GUL-0004,maize,2026-02-19T00:00:00,21.559,40.91,2.657,66.214,39.4,17.9,172.0,0.441,15.243,74,0.528,2642.2,1,41
UG-GUL-0004,maize,2026-02-20T00:00:00,21.629,41.57,2.879,65.41,39.0,17.7,172.1,0.371,15.903,75,0.465,2325.8,1,40
UG-GUL-0004,maize,2026-02-21T00:00:00,21.45,42.58,1.955,65.444,39.3,17.4,172.3,0.55,16.913,76,0.5,2501.4,1,39
UG-GUL-0004,maize,2026-02-22T00:00:00,21.244,38.77,1.935,65.583,39.3,17.2,172.4,0.756,13.103,77,0.495,2475.9,1,37
UG-GUL-0004,maize,2026-02-23T00:00:00,21.236,38.8,2.472,65.997,39.2,17.1,172.4,0.764,13.133,78,0.477,2384.6,1,37
UG-GUL-0004,maize,2026-02-24T00:00:00,21.357,38.19,2.155,64.926,39.0,17.3,172.1,0.643,12.523,79,0.54,2699.7,1,35
UG-GUL-0004,maize,2026-02-25T00:00:00,21.504,33.51,1.154,64.061,38.7,17.5,171.2,0.496,7.843,80,0.61,3048.2,1,33
UG-GUL-0004,maize,2026-02-26T00:00:00,21.256,35.61,0.548,62.98,38.2,17.6,170.7,0.744,9.943,81,0.548,2740.4,1,32
UG-GUL-0004,maize,2026-02-27T00:00:00,21.203,37.05,2.924,62.299,38.2,17.6,170.6,0.797,11.383,82,0.521,2605.0,1,32
UG-GUL-0004,maize,2026-02-28T00:00:00,21.379,38.65,3.522,62.309,37.7,17.6,170.1,0.621,12.983,83,0.478,2392.0,1,32
UG-GUL-0004,maize,2026-03-01T00:00:00,21.313,40.65,3.999,61.669,37.5,17.7,169.6,0.687,14.983,84,0.493,2464.3,1,31
UG-GUL-0004,maize,2026-03-02T00:00:00,20.75,44.05,3.058,61.037,37.2,17.7,169.9,1.25,18.383,85,0.484,2418.5,1,31
UG-GUL-0004,maize,2026-03-03T00:00:00,20.821,49.07,2.822,61.459,37.2,17.5,169.6,1.179,23.403,86,0.446,2229.6,1,31
UG-GUL-0004,maize,2026-03-04T00:00:00,20.696,48.53,2.011,60.494,37.1,17.2,169.8,1.304,22.863,87,0.444,2220.6,1,30
UG-GUL-0004,maize,2026-03-05T00:00:00,20.941,44.68,2.177,62.047,36.9,17.0,169.2,1.059,19.013,88,0.44,2200.4,1,28
UG-GUL-0004,maize,2026-03-06T00:00:00,20.901,42.44,1.313,62.377,37.0,16.9,168.0,1.099,16.773,89,0.463,2312.7,1,26
UG-GUL-0004,maize,2026-03-07T00:00:00,20.801,38.19,1.156,62.95,37.1,16.7,168.0,1.199,12.523,90,0.539,2693.2,1,24
UG-GUL-0004,maize,2026-03-08T00:00:00,21.147,39.46,0.97,63.483,37.0,16.7,168.3,0.853,13.793,91,0.536,2678.3,1,23
UG-GUL-0004,maize,2026-03-09T00:00:00,21.606,37.39,0.976,62.536,37.0,16.6,167.8,0.394,11.723,92,0.529,2644.4,1,21
UG-GUL-0004,maize,2026-03-10T00:00:00,21.434,32.28,1.208,62.877,36.7,16.7,168.2,0.566,6.613,93,0.557,2784.5,1,19
UG-GUL-0004,maize,2026-03-11T00:00:00,21.643,33.55,1.353,63.814,36.6,16.9,168.3,0.357,7.883,94,0.597,2986.8,1,19
UG-GUL-0004,maize,2026-03-12T00:00:00,21.659,35.58,0.863,63.999,36.5,16.9,168.6,0.341,9.913,95,0.54,2701.7,1,18
UG-GUL-0004,maize,2026-03-13T00:00:00,21.67,35.98,1.176,62.674,36.2,16.9,168.6,0.33,10.313,96,0.566,2831.4,1,17
UG-GUL-0004,maize,2026-03-14T00:00:00,21.23,39.6,1.138,61.984,36.0,17.2,168.2,0.77,13.933,97,0.506,2527.9,1,17
UG-GUL-0004,maize,2026-03-15T00:00:00,20.771,38.83,1.108,60.541,35.8,17.1,168.4,1.229,13.163,98,0.477,2383.0,1,16
UG-GUL-0004,maize,2026-03-16T00:00:00,20.727,35.24,1.082,59.494,35.8,17.1,168.4,1.273,9.573,99,0.585,2923.9,1,14
UG-GUL-0004,maize,2026-03-17T00:00:00,20.934,38.66,1.495,59.156,35.5,17.0,168.2,1.066,12.993,100,0.51,2550.3,1,14
UG-GUL-0004,maize,2026-03-18T00:00:00,20.644,33.23,1.247,58.607,35.1,16.8,167.3,1.356,7.563,101,0.524,2619.4,1,12
UG-GUL-0004,maize,2026-03-19T00:00:00,20.17,31.09,1.344,57.539,35.2,16.7,167.2,1.83,5.423,102,0.512,2560.1,1,11
UG-GUL-0004,maize,2026-03-20T00:00:00,19.216,30.33,1.101,57.62,35.1,16.9,167.4,2.784,4.663,103,0.51,2549.5,1,10
UG-GUL-0004,maize,2026-03-21T00:00:00,19.159,24.31,1.15,56.821,35.1,16.8,167.2,2.841,1.357,104,0.562,2807.7,1,9
UG-GUL-0004,maize,2026-03-22T00:00:00,18.579,24.26,1.28,55.706,35.1,16.8,167.1,3.421,1.407,105,0.621,3104.2,1,8
UG-GUL-0004,maize,2026-03-23T00:00:00,18.35,22.42,1.492,58.096,34.8,16.8,167.0,3.65,3.247,106,0.524,2620.9,1,8
UG-GUL-0004,maize,2026-03-24T00:00:00,18.261,19.02,2.018,58.674,34.8,16.7,167.7,3.739,6.647,107,0.552,2762.5,1,8
UG-GUL-0004,maize,2026-03-25T00:00:00,17.924,24.77,1.812,58.95,35.1,16.9,167.9,4.076,0.897,108,0.55,2748.6,1,5
UG-GUL-0004,maize,2026-03-26T00:00:00,17.731,29.0,3.648,58.133,35.0,16.9,168.3,4.269,3.333,109,0.485,2423.4,1,6
UG-GUL-0004,maize,2026-03-27T00:00:00,18.12,28.5,4.321,58.127,34.9,16.7,168.6,3.88,2.833,110,0.511,2556.6,1,5
UG-GUL-0004,maize,2026-03-28T00:00:00,18.117,29.3,4.479,59.727,34.7,16.5,168.9,3.883,3.633,111,0.478,2389.8,1,4
UG-GUL-0004,maize,2026-03-29T00:00:00,18.357,28.94,5.653,59.89,34.8,16.3,168.6,3.643,3.273,112,0.491,2456.3,1,3
UG-GUL-0004,maize,2026-03-30T00:00:00,17.929,29.29,7.74,55.731,35.1,16.4,168.2,4.071,3.623,113,0.474,2370.6,1,3
UG-GUL-0004,maize,2026-03-31T00:00:00,17.584,29.57,5.93,55.544,34.9,16.4,167.9,4.416,3.903,114,0.442,2211.3,1,1
UG-GUL-0004,maize,2026-04-01T00:00:00,17.729,30.61,4.851,54.453,34.4,16.2,167.6,4.271,4.943,115,0.54,2701.4,1,0
UG-GUL-0004,maize,2026-04-02T00:00:00,17.849,24.61,3.991,55.776,34.1,16.2,167.4,4.151,1.057,116,0.537,2684.0,1,0
UG-GUL-0004,maize,2026-04-03T00:00:00,17.643,25.46,3.649,56.483,34.1,16.1,167.3,4.357,0.207,117,0.515,2573.3,1,0
UG-GUL-0004,maize,2026-04-04T00:00:00,17.471,28.32,3.566,54.287,34.0,16.3,167.0,4.529,2.653,118,0.521,2603.7,1,0
UG-GUL-0004,maize,2026-04-05T00:00:00,17.506,22.99,2.388,54.8,33.4,16.3,166.0,4.494,2.677,119,0.494,2471.6,1,0
UG-GUL-0004,maize,2026-04-06T00:00:00,17.527,25.19,0.798,57.324,32.8,16.5,166.3,4.473,0.477,120,0.469,2346.1,1,0
UG-GUL-0004,maize,2026-04-07T00:00:00,17.569,23.21,1.258,55.2,32.7,16.7,166.4,4.431,2.457,121,0.619,3096.2,1,0
UG-GUL-0004,maize,2026-04-08T00:00:00,17.151,17.72,3.44,54.966,32.7,16.7,166.8,4.849,7.947,122,0.471,2357.1,1,0
UG-GUL-0004,maize,2026-04-09T00:00:00,17.113,15.66,3.639,53.031,32.9,16.8,166.4,4.887,10.007,123,0.431,2155.3,1,0
UG-GUL-0004,maize,2026-04-10T00:00:00,17.256,11.75,3.692,51.853,32.6,16.9,166.1,4.744,13.917,124,0.361,1806.2,0,0
UG-GUL-0004,maize,2026-04-11T00:00:00,16.889,7.03,3.636,51.04,32.4,16.9,166.8,5.111,18.637,125,0.331,1655.3,0,0
UG-GUL-0004,maize,2026-04-12T00:00:00,16.66,9.82,3.793,50.581,32.4,16.6,167.2,5.34,15.847,126,0.442,2209.6,1,0
UG-GUL-0004,maize,2026-04-13T00:00:00,16.391,8.73,4.337,49.729,32.3,16.5,167.1,5.609,16.937,127,0.421,2104.8,1,0
UG-GUL-0004,maize,2026-04-14T00:00:00,16.103,6.52,4.353,50.48,32.2,16.3,165.8,5.897,19.147,128,0.374,1871.5,0,0
UG-GUL-0004,maize,2026-04-15T00:00:00,16.0,7.14,1.531,50.481,32.4,16.0,165.2,6.0,18.527,129,0.337,1684.5,0,0
UG-GUL-0004,maize,2026-04-16T00:00:00,15.599,10.37,1.552,49.789,32.1,15.9,165.3,6.401,15.297,130,0.434,2169.1,1,0
UG-GUL-0004,maize,2026-04-17T00:00:00,15.199,10.77,1.636,50.4,31.9,15.8,165.4,6.801,14.897,131,0.397,1985.4,0,0
UG-GUL-0004,maize,2026-04-18T00:00:00,15.507,12.15,1.669,50.663,31.9,15.7,164.9,6.493,13.517,132,0.418,2088.7,1,0
UG-GUL-0004,maize,2026-04-19T00:00:00,15.261,9.36,1.733,50.764,31.7,16.0,164.8,6.739,16.307,133,0.386,1930.5,0,0
UG-GUL-0004,maize,2026-04-20T00:00:00,15.006,8.63,1.764,50.976,31.5,15.9,164.7,6.994,17.037,134,0.316,1580.7,0,0
UG-GUL-0004,maize,2026-04-21T00:00:00,14.649,8.52,1.102,50.003,31.4,15.7,165.5,7.351,17.147,135,0.324,1620.7,0,0
UG-GUL-0004,maize,2026-04-22T00:00:00,14.486,10.58,0.761,50.286,30.8,15.8,165.7,7.514,15.087,136,0.361,1806.6,0,0
UG-GUL-0004,maize,2026-04-23T00:00:00,14.517,10.56,1.101,51.216,30.6,16.0,165.4,7.483,15.107,137,0.393,1964.1,0,0
UG-GUL-0004,maize,2026-04-24T00:00:00,14.701,13.18,2.354,49.59,30.7,15.9,165.2,7.299,12.487,138,0.346,1728.0,0,0
UG-GUL-0004,maize,2026-04-25T00:00:00,14.583,11.96,2.449,49.814,30.5,15.9,165.3,7.417,13.707,139,0.369,1846.4,0,0
UG-GUL-0004,maize,2026-04-26T00:00:00,14.504,15.4,2.6,49.42,30.4,15.7,165.4,7.496,10.267,140,0.393,1965.5,0,0
UG-GUL-0004,maize,2026-04-27T00:00:00,14.814,15.37,3.54,47.344,30.4,15.7,165.0,7.186,10.297,141,0.421,2104.9,1,0
UG-GUL-0004,maize,2026-04-28T00:00:00,14.936,15.58,3.574,47.559,30.2,15.8,164.4,7.064,10.087,142,0.42,2100.8,1,0
UG-GUL-0004,maize,2026-04-29T00:00:00,14.916,11.11,3.233,47.301,30.3,15.9,164.7,7.084,14.557,143,0.337,1684.5,0,0
UG-GUL-0004,maize,2026-04-30T00:00:00,14.933,8.98,2.19,47.109,30.2,15.9,164.7,7.067,16.687,144,0.399,1996.2,0,0
UG-GUL-0004,maize,2026-05-01T00:00:00,14.689,6.51,1.846,47.421,29.9,15.9,164.7,7.311,19.157,145,0.299,1497.5,0,0
UG-GUL-0004,maize,2026-05-02T00:00:00,14.689,7.53,0.635,47.937,29.9,15.7,164.8,7.311,18.137,146,0.385,1926.6,0,0
UG-GUL-0004,maize,2026-05-03T00:00:00,14.513,4.09,0.972,47.814,29.5,15.7,164.6,7.487,21.577,147,0.301,1503.9,0,0
UG-GUL-0004,maize,2026-05-04T00:00:00,14.517,3.39,0.784,48.304,29.5,15.7,164.6,7.483,22.277,148,0.318,1591.7,0,0
UG-GUL-0004,maize,2026-05-05T00:00:00,14.313,5.63,1.421,48.563,29.7,15.8,164.4,7.687,20.037,149,0.33,1648.8,0,0
UG-GUL-0004,maize,2026-05-06T00:00:00,14.25,12.02,2.282,47.633,29.7,15.5,164.1,7.75,13.647,150,0.371,1855.8,0,0
UG-GUL-0004,maize,2026-05-07T00:00:00,14.387,10.94,2.051,46.763,29.3,15.4,164.0,7.613,14.727,151,0.378,1891.9,0,0
UG-GUL-0004,maize,2026-05-08T00:00:00,14.394,11.52,1.356,47.127,29.1,15.3,164.4,7.606,14.147,152,0.379,1896.2,0,0
UG-GUL-0004,maize,2026-05-09T00:00:00,13.903,13.93,1.161,46.877,28.9,15.4,163.9,8.097,11.737,153,0.404,2021.9,1,0
UG-GUL-0004,maize,2026-05-10T00:00:00,13.811,13.93,1.324,46.429,28.9,15.4,163.6,8.189,11.737,154,0.391,1957.0,0,0
UG-GUL-0004,maize,2026-05-11T00:00:00,13.963,13.93,1.513,47.481,28.9,15.5,163.6,8.037,11.737,155,0.341,1704.4,0,0
UG-GUL-0004,maize,2026-05-12T00:00:00,14.111,12.46,1.137,47.217,28.7,15.3,163.6,7.889,13.207,156,0.379,1893.6,0,0
UG-GUL-0004,maize,2026-05-13T00:00:00,14.204,6.04,0.396,47.444,28.4,15.4,163.1,7.796,19.627,157,0.312,1560.3,0,0
UG-GUL-0004,maize,2026-05-14T00:00:00,13.81,6.61,2.932,47.93,28.7,15.4,163.1,8.19,19.057,158,0.273,1366.2,0,0
UG-GUL-0004,maize,2026-05-15T00:00:00,13.734,5.48,2.898,46.75,28.8,15.2,162.4,8.266,20.187,159,0.287,1435.0,0,0
UG-GUL-0004,maize,2026-05-16T00:00:00,13.741,1.55,2.996,47.927,28.6,15.2,162.6,8.259,24.117,160,0.268,1342.1,0,0
UG-GUL-0004,maize,2026-05-17T00:00:00,14.077,1.55,2.881,48.773,28.7,15.3,162.6,7.923,24.117,161,0.277,1385.8,0,0
UG-GUL-0004,maize,2026-05-18T00:00:00,13.667,3.96,3.576,49.144,28.5,15.1,162.5,8.333,21.707,162,0.309,1543.0,0,0
UG-GUL-0004,maize,2026-05-19T00:00:00,13.516,4.82,3.029,48.397,28.3,15.2,162.4,8.484,20.847,163,0.324,1619.5,0,0
UG-GUL-0004,maize,2026-05-20T00:00:00,13.209,4.82,3.392,49.297,28.3,15.3,162.6,8.791,20.847,164,0.289,1444.0,0,0
UG-GUL-0004,maize,2026-05-21T00:00:00,13.396,4.25,1.305,48.136,28.1,15.4,162.2,8.604,21.417,165,0.306,1529.8,0,0
UG-GUL-0004,maize,2026-05-22T00:00:00,13.72,5.23,1.022,47.949,28.0,15.5,161.8,8.28,20.437,166,0.309,1544.7,0,0
UG-GUL-0004,maize,2026-05-23T00:00:00,14.077,5.23,1.134,46.36,28.3,15.4,161.7,7.923,20.437,167,0.334,1668.3,0,0
UG-GUL-0004,maize,2026-05-24T00:00:00,13.899,5.23,0.506,45.449,28.1,15.2,161.0,8.101,20.437,168,0.327,1636.2,0,0
UG-GUL-0004,maize,2026-05-25T00:00:00,13.813,2.86,0.769,44.207,28.1,15.3,161.0,8.187,22.807,169,0.288,1440.6,0,0
UG-GUL-0004,maize,2026-05-26T00:00:00,13.821,1.02,1.398,44.646,28.1,15.0,160.9,8.179,24.647,170,0.332,1659.4,0,0
UG-GUL-0004,maize,2026-05-27T00:00:00,13.691,1.02,3.203,44.746,27.9,15.0,160.4,8.309,24.647,171,0.235,1176.4,0,0
UG-GUL-0004,maize,2026-05-28T00:00:00,13.581,2.5,3.236,46.096,27.8,14.8,159.7,8.419,23.167,172,0.304,1518.1,0,0
UG-GUL-0004,maize,2026-05-29T00:00:00,13.466,4.94,2.87,47.306,27.5,14.5,160.0,8.534,20.727,173,0.237,1185.7,0,0
UG-GUL-0004,maize,2026-05-30T00:00:00,13.047,4.94,2.465,46.97,27.2,14.6,158.7,8.953,20.727,174,0.297,1485.0,0,0
UG-GUL-0004,maize,2026-05-31T00:00:00,13.09,6.69,4.111,46.684,26.9,14.7,159.0,8.91,18.977,175,0.321,1602.7,0,0
UG-GUL-0004,maize,2026-06-01T00:00:00,13.547,7.67,4.122,48.02,26.8,14.6,159.0,8.453,17.997,176,0.234,1170.5,0,0
UG-GUL-0004,maize,2026-06-02T00:00:00,13.374,7.67,4.383,48.981,26.5,14.8,159.6,8.626,17.997,177,0.292,1460.9,0,0
UG-GUL-0004,maize,2026-06-03T00:00:00,13.804,9.33,3.365,47.769,26.7,14.7,159.6,8.196,16.337,178,0.334,1672.1,0,0
UG-GUL-0004,maize,2026-06-04T00:00:00,13.723,7.85,3.518,47.13,26.5,14.7,160.7,8.277,17.817,179,0.307,1533.8,0,0
UG-GUL-0005,maize,2025-12-13T00:00:00,14.214,10.87,3.908,47.313,48.9,19.7,179.7,7.786,14.797,6,0.434,3388.8,1,113
UG-GUL-0005,maize,2025-12-14T00:00:00,14.136,13.78,3.974,46.314,48.8,20.0,179.7,7.864,11.887,7,0.45,3508.8,1,112
UG-GUL-0005,maize,2025-12-15T00:00:00,14.213,14.34,3.944,47.846,48.7,19.8,179.4,7.787,11.327,8,0.417,3254.8,1,110
UG-GUL-0005,maize,2025-12-16T00:00:00,14.043,15.27,2.832,48.424,48.6,19.7,179.1,7.957,10.397,9,0.531,4138.8,1,109
UG-GUL-0005,maize,2025-12-17T00:00:00,14.144,15.47,3.847,49.653,48.5,19.7,179.1,7.856,10.197,10,0.442,3448.6,1,108
UG-GUL-0005,maize,2025-12-18T00:00:00,13.923,17.36,4.655,50.701,48.7,19.5,179.6,8.077,8.307,11,0.477,3723.9,1,107
UG-GUL-0005,maize,2025-12-19T00:00:00,14.116,17.18,4.588,52.077,48.8,19.5,180.0,7.884,8.487,12,0.448,3492.7,1,106
UG-GUL-0005,maize,2025-12-20T00:00:00,14.907,18.59,3.16,53.186,49.0,19.4,179.4,7.093,7.077,13,0.429,3348.5,1,104
UG-GUL-0005,maize,2025-12-21T00:00:00,15.477,16.05,3.244,55.22,48.8,19.0,179.2,6.523,9.617,14,0.454,3542.8,1,103
UG-GUL-0005,maize,2025-12-22T00:00:00,15.56,17.45,3.199,54.361,48.6,19.2,179.1,6.44,8.217,15,0.452,3524.1,1,102
UG-GUL-0005,maize,2025-12-23T00:00:00,15.849,20.35,3.397,53.961,48.7,19.2,178.8,6.151,5.317,16,0.554,4322.3,1,100
UG-GUL-0005,maize,2025-12-24T00:00:00,16.769,22.78,1.085,54.137,48.6,19.2,178.1,5.231,2.887,17,0.552,4307.2,1,97
UG-GUL-0005,maize,2025-12-25T00:00:00,16.994,20.65,1.717,53.259,48.4,19.4,177.9,5.006,5.017,18,0.536,4179.9,1,97
UG-GUL-0005,maize,2025-12-26T00:00:00,17.107,19.84,1.868,53.921,48.0,19.2,176.9,4.893,5.827,19,0.511,3983.1,1,96
UG-GUL-0005,maize,2025-12-27T00:00:00,17.186,21.09,1.829,53.333,47.6,19.5,177.1,4.814,4.577,20,0.557,4347.7,1,95
UG-GUL-0005,maize,2025-12-28T00:00:00,17.576,19.61,1.702,52.614,47.6,19.6,177.2,4.424,6.057,21,0.529,4122.5,1,94
UG-GUL-0005,maize,2025-12-29T00:00:00,17.813,17.75,4.677,51.633,47.5,19.6,177.3,4.187,7.917,22,0.551,4296.9,1,94
UG-GUL-0005,maize,2025-12-30T00:00:00,17.789,18.18,4.939,50.937,46.8,19.5,178.0,4.211,7.487,23,0.53,4133.9,1,93
UG-GUL-0005,maize,2025-12-31T00:00:00,17.72,15.45,4.848,51.489,46.5,19.3,177.5,4.28,10.217,24,0.479,3735.9,1,93
UG-GUL-0005,maize,2026-01-01T00:00:00,17.8,16.71,4.62,50.707,46.3,19.0,177.6,4.2,8.957,25,0.532,4146.0,1,91
UG-GUL-0005,maize,2026-01-02T00:00:00,17.987,19.08,4.619,49.694,46.0,19.2,177.0,4.013,6.587,26,0.528,4115.7,1,90
UG-GUL-0005,maize,2026-01-03T00:00:00,18.184,16.98,3.924,51.74,45.6,18.9,176.0,3.816,8.687,27,0.514,4009.3,1,89
UG-GUL-0005,maize,2026-01-04T00:00:00,18.34,18.65,3.107,52.181,45.5,18.9,176.5,3.66,7.017,28,0.49,3818.3,1,87
UG-GUL-0005,maize,2026-01-05T00:00:00,18.487,20.87,0.737,53.806,45.1,18.8,176.6,3.513,4.797,29,0.568,4429.0,1,84
UG-GUL-0005,maize,2026-01-06T00:00:00,18.697,23.19,0.606,54.026,44.9,18.7,175.3,3.303,2.477,30,0.6,4682.5,1,83
UG-GUL-0005,maize,2026-01-07T00:00:00,18.554,24.93,0.197,54.557,44.7,18.8,176.5,3.446,0.737,31,0.65,5071.0,1,81
UG-GUL-0005,maize,2026-01-08T00:00:00,18.571,24.97,0.478,57.199,44.3,18.9,175.8,3.429,0.697,32,0.582,4537.1,1,80
UG-GUL-0005,maize,2026-01-09T00:00:00,18.407,24.11,0.549,58.749,44.1,18.7,176.7,3.593,1.557,33,0.661,5154.9,1,80
UG-GUL-0005,maize,2026-01-10T00:00:00,18.473,21.98,0.709,58.091,44.0,18.8,176.7,3.527,3.687,34,0.592,4615.9,1,79
UG-GUL-0005,maize,2026-01-11T00:00:00,18.17,21.67,2.031,58.291,43.6,18.6,176.2,3.83,3.997,35,0.508,3961.3,1,79
UG-GUL-0005,maize,2026-01-12T00:00:00,18.241,20.1,2.003,59.157,43.8,18.7,176.0,3.759,5.567,36,0.518,4039.4,1,78
UG-GUL-0005,maize,2026-01-13T00:00:00,18.261,19.09,1.798,59.22,43.7,18.9,176.8,3.739,6.577,37,0.581,4532.4,1,77
UG-GUL-0005,maize,2026-01-14T00:00:00,17.979,20.39,1.778,59.276,43.6,18.8,176.4,4.021,5.277,38,0.581,4532.2,1,76
UG-GUL-0005,maize,2026-01-15T00:00:00,18.127,20.24,1.705,60.113,43.6,18.9,176.2,3.873,5.427,39,0.546,4260.1,1,75
UG-GUL-0005,maize,2026-01-16T00:00:00,18.467,18.66,1.558,61.23,43.6,19.0,176.1,3.533,7.007,40,0.544,4244.6,1,74
UG-GUL-0005,maize,2026-01-17T00:00:00,18.757,24.57,1.18,61.481,43.6,18.8,176.6,3.243,1.097,41,0.559,4359.8,1,72
UG-GUL-0005,maize,2026-01-18T00:00:00,18.823,25.42,0.497,61.72,43.6,18.9,176.2,3.177,0.247,42,0.649,5062.9,1,70
UG-GUL-0005,maize,2026-01-19T00:00:00,18.837,27.79,0.671,61.88,43.2,18.7,175.9,3.163,2.123,43,0.56,4371.4,1,70
UG-GUL-0005,maize,2026-01-20T00:00:00,19.16,25.75,0.703,63.87,43.1,18.6,175.0,2.84,0.083,44,0.635,4950.1,1,68
UG-GUL-0005,maize,2026-01-21T00:00:00,19.461,29.79,0.98,63.667,43.3,18.6,174.5,2.539,4.123,45,0.619,4826.5,1,68
UG-GUL-0005,maize,2026-01-22T00:00:00,19.974,30.38,0.929,63.099,43.1,18.4,174.9,2.026,4.713,46,0.582,4540.0,1,67
UG-GUL-0005,maize,2026-01-23T00:00:00,20.287,34.46,1.268,61.87,43.0,18.4,175.4,1.713,8.793,47,0.579,4512.9,1,67
UG-GUL-0005,maize,2026-01-24T00:00:00,20.379,31.54,1.46,62.521,42.5,18.5,175.4,1.621,5.873,48,0.627,4891.5,1,65
UG-GUL-0005,maize,2026-01-25T00:00:00,20.774,36.8,1.533,63.63,42.3,18.5,174.7,1.226,11.133,49,0.542,4224.5,1,65
UG-GUL-0005,maize,2026-01-26T00:00:00,21.057,41.12,2.133,64.7,42.2,18.4,174.6,0.943,15.453,50,0.492,3840.4,1,65
UG-GUL-0005,maize,2026-01-27T00:00:00,21.373,39.56,2.289,64.29,42.1,18.2,174.8,0.627,13.893,51,0.51,3981.8,1,64
UG-GUL-0005,maize,2026-01-28T00:00:00,21.696,33.32,2.459,66.5,41.7,18.1,174.4,0.304,7.653,52,0.542,4229.6,1,61
UG-GUL-0005,maize,2026-01-29T00:00:00,21.511,31.29,2.571,65.619,41.7,18.5,174.1,0.489,5.623,53,0.556,4340.3,1,60
UG-GUL-0005,maize,2026-01-30T00:00:00,21.597,30.72,1.414,66.786,41.7,18.5,173.0,0.403,5.053,54,0.606,4727.7,1,58
UG-GUL-0005,maize,2026-01-31T00:00:00,21.671,32.05,1.419,66.88,41.9,18.5,173.3,0.329,6.383,55,0.579,4516.5,1,57
UG-GUL-0005,maize,2026-02-01T00:00:00,21.554,30.11,2.126,67.794,41.8,18.6,173.7,0.446,4.443,56,0.603,4701.0,1,56
UG-GUL-0005,maize,2026-02-02T00:00:00,21.55,26.48,1.869,65.4,41.6,18.6,174.0,0.45,0.813,57,0.578,4510.6,1,54
UG-GUL-0005,maize,2026-02-03T00:00:00,21.409,28.42,0.648,66.267,41.7,18.8,174.3,0.591,2.753,58,0.616,4801.9,1,53
UG-GUL-0005,maize,2026-02-04T00:00:00,21.069,35.74,0.646,65.176,41.3,18.8,174.7,0.931,10.073,59,0.584,4557.7,1,54
UG-GUL-0005,maize,2026-02-05T00:00:00,20.911,40.03,1.933,65.529,40.9,18.5,174.4,1.089,14.363,60,0.468,3653.7,1,55
UG-GUL-0005,maize,2026-02-06T00:00:00,20.731,40.05,1.824,63.634,40.6,18.0,174.5,1.269,14.383,61,0.497,3873.8,1,54
UG-GUL-0005,maize,2026-02-07T00:00:00,20.993,42.27,1.34,64.311,39.8,17.9,172.8,1.007,16.603,62,0.426,3324.3,1,53
UG-GUL-0005,maize,2026-02-08T00:00:00,21.084,36.83,1.479,64.459,39.8,17.7,172.9,0.916,11.163,63,0.485,3784.6,1,51
UG-GUL-0005,maize,2026-02-09T00:00:00,20.706,34.3,1.263,67.481,39.9,17.7,172.6,1.294,8.633,64,0.565,4410.1,1,49
UG-GUL-0005,maize,2026-02-10T00:00:00,20.887,36.83,1.51,67.184,39.5,17.6,172.3,1.113,11.163,65,0.51,3977.5,1,49
UG-GUL-0005,maize,2026-02-11T00:00:00,21.257,30.42,1.516,67.24,39.5,17.6,171.7,0.743,4.753,66,0.631,4919.0,1,46
UG-GUL-0005,maize,2026-02-12T00:00:00,21.134,29.93,0.795,67.399,39.7,17.7,172.3,0.866,4.263,67,0.599,4671.3,1,45
UG-GUL-0005,maize,2026-02-13T00:00:00,21.246,32.61,1.698,67.636,39.5,17.9,173.0,0.754,6.943,68,0.575,4484.5,1,45
UG-GUL-0005,maize,2026-02-14T00:00:00,21.376,31.03,1.714,67.033,40.0,17.8,173.6,0.624,5.363,69,0.543,4234.8,1,43
UG-GUL-0005,maize,2026-02-15T00:00:00,21.263,38.54,1.691,66.0,39.7,18.0,172.8,0.737,12.873,70,0.501,3910.7,1,44
UG-GUL-0005,maize,2026-02-16T00:00:00,21.843,42.47,5.424,65.311,39.4,17.9,172.6,0.157,16.803,71,0.446,3477.6,1,45
UG-GUL-0005,maize,2026-02-17T00:00:00,21.686,41.34,8.124,65.667,39.0,17.9,172.8,0.314,15.673,72,0.431,3364.0,1,44
UG-GUL-0005,maize,2026-02-18T00:00:00,21.551,43.96,9.552,64.907,39.0,18.0,172.9,0.449,18.293,73,0.456,3558.0,1,44
UG-GUL-0005,maize,2026-02-19T00:00:00,21.679,44.78,9.73,65.714,38.6,18.0,172.3,0.321,19.113,74,0.455,3552.4,1,43
UG-GUL-0005,maize,2026-02-20T00:00:00,21.594,41.66,8.01,65.034,38.5,18.1,171.5,0.406,15.993,75,0.47,3668.7,1,41
UG-GUL-0005,maize,2026-02-21T00:00:00,21.381,41.62,7.834,64.86,38.1,18.0,171.8,0.619,15.953,76,0.429,3349.2,1,40
UG-GUL-0005,maize,2026-02-22T00:00:00,21.36,37.74,8.009,64.663,38.1,18.0,172.1,0.64,12.073,77,0.494,3856.2,1,39
UG-GUL-0005,maize,2026-02-23T00:00:00,21.296,40.73,6.946,65.123,38.0,18.0,171.6,0.704,15.063,78,0.406,3163.4,1,38
UG-GUL-0005,maize,2026-02-24T00:00:00,20.896,40.12,3.365,64.381,38.0,17.8,171.1,1.104,14.453,79,0.516,4026.7,1,36
UG-GUL-0005,maize,2026-02-25T00:00:00,20.811,41.39,2.632,65.989,37.9,17.6,170.9,1.189,15.723,80,0.429,3344.4,1,35
UG-GUL-0005,maize,2026-02-26T00:00:00,21.019,39.77,2.543,66.114,37.6,17.5,170.8,0.981,14.103,81,0.449,3502.1,1,34
UG-GUL-0005,maize,2026-02-27T00:00:00,20.907,40.24,2.326,67.15,37.6,17.3,170.8,1.093,14.573,82,0.481,3752.7,1,33
UG-GUL-0005,maize,2026-02-28T00:00:00,20.843,40.37,2.366,66.351,37.9,17.2,170.4,1.157,14.703,83,0.482,3756.3,1,32
UG-GUL-0005,maize,2026-03-01T00:00:00,20.689,44.61,1.993,66.459,37.8,17.0,170.3,1.311,18.943,84,0.438,3416.2,1,32
UG-GUL-0005,maize,2026-03-02T00:00:00,20.311,40.19,1.495,64.771,37.8,17.1,170.7,1.689,14.523,85,0.441,3439.1,1,30
UG-GUL-0005,maize,2026-03-03T00:00:00,20.443,41.27,1.374,64.271,38.0,16.9,170.3,1.557,15.603,86,0.502,3913.6,1,29
UG-GUL-0005,maize,2026-03-04T00:00:00,20.436,36.78,3.119,62.86,37.7,17.0,171.0,1.564,11.113,87,0.441,3442.2,1,28
UG-GUL-0005,maize,2026-03-05T00:00:00,20.399,37.58,3.229,60.236,37.6,17.0,170.9,1.601,11.913,88,0.439,3427.6,1,27
UG-GUL-0005,maize,2026-03-06T00:00:00,20.449,39.36,3.16,61.713,37.4,17.2,170.5,1.551,13.693,89,0.468,3649.6,1,26
UG-GUL-0005,maize,2026-03-07T00:00:00,20.513,39.84,3.441,62.436,37.1,17.2,170.5,1.487,14.173,90,0.428,3336.2,1,25
UG-GUL-0005,maize,2026-03-08T00:00:00,20.903,38.02,3.154,62.377,36.9,17.4,170.0,1.097,12.353,91,0.524,4090.5,1,24
UG-GUL-0005,maize,2026-03-09T00:00:00,21.314,39.29,3.019,61.996,36.6,17.2,169.2,0.686,13.623,92,0.447,3486.8,1,23
UG-GUL-0005,maize,2026-03-10T00:00:00,21.404,39.7,3.026,63.317,36.1,17.6,169.3,0.596,14.033,93,0.528,4118.7,1,22
UG-GUL-0005,maize,2026-03-11T00:00:00,21.214,41.12,0.986,62.586,35.9,17.3,168.9,0.786,15.453,94,0.51,3981.8,1,20
UG-GUL-0005,maize,2026-03-12T00:00:00,20.967,41.6,1.403,63.386,35.9,17.4,168.2,1.033,15.933,95,0.505,3937.8,1,20
UG-GUL-0005,maize,2026-03-13T00:00:00,20.317,38.6,1.506,61.927,35.6,17.3,168.0,1.683,12.933,96,0.536,4181.1,1,19
UG-GUL-0005,maize,2026-03-14T00:00:00,20.301,37.94,1.967,61.873,35.3,17.3,168.3,1.699,12.273,97,0.483,3764.6,1,18
UG-GUL-0005,maize,2026-03-15T00:00:00,19.779,37.39,1.957,61.111,35.0,17.3,168.1,2.221,11.723,98,0.445,3473.8,1,17
UG-GUL-0005,maize,2026-03-16T00:00:00,19.266,38.12,1.993,62.879,34.7,17.4,168.7,2.734,12.453,99,0.459,3577.7,1,16
UG-GUL-0005,maize,2026-03-17T00:00:00,19.173,38.24,2.364,60.684,35.0,17.0,168.2,2.827,12.573,100,0.438,3418.5,1,16
UG-GUL-0005,maize,2026-03-18T00:00:00,19.213,37.93,3.89,60.439,35.1,17.0,167.4,2.787,12.263,101,0.428,3342.1,1,15
UG-GUL-0005,maize,2026-03-19T00:00:00,19.07,36.37,3.338,62.391,35.2,16.8,167.8,2.93,10.703,102,0.467,3641.2,1,13
UG-GUL-0005,maize,2026-03-20T00:00:00,19.263,45.32,3.597,62.981,35.3,16.7,168.5,2.737,19.653,103,0.383,2985.6,0,14
UG-GUL-0005,maize,2026-03-21T00:00:00,19.063,47.46,2.884,61.166,35.1,16.7,167.7,2.937,21.793,104,0.352,2746.7,0,14
UG-GUL-0005,maize,2026-03-22T00:00:00,19.219,49.19,2.567,62.196,35.2,16.7,168.3,2.781,23.523,105,0.359,2796.9,0,13
UG-GUL-0005,maize,2026-03-23T00:00:00,19.084,46.85,4.678,60.024,35.4,16.6,167.9,2.916,21.183,106,0.388,3022.7,0,12
UG-GUL-0005,maize,2026-03-24T00:00:00,19.099,45.14,5.264,60.381,35.0,16.8,167.8,2.901,19.473,107,0.411,3208.0,1,11
UG-GUL-0005,maize,2026-03-25T00:00:00,18.966,44.06,4.02,60.727,34.6,16.7,167.8,3.034,18.393,108,0.345,2693.0,0,9
UG-GUL-0005,maize,2026-03-26T00:00:00,19.157,44.15,3.123,60.434,34.4,16.9,168.3,2.843,18.483,109,0.392,3054.7,0,8
UG-GUL-0005,maize,2026-03-27T00:00:00,19.426,35.79,3.173,58.459,34.0,16.9,168.4,2.574,10.123,110,0.466,3633.9,1,5
UG-GUL-0005,maize,2026-03-28T00:00:00,18.889,29.34,1.219,59.584,34.1,17.1,168.9,3.111,3.673,111,0.493,3848.7,1,2
UG-GUL-0005,maize,2026-03-29T00:00:00,18.394,27.22,1.224,57.744,34.1,16.8,167.9,3.606,1.553,112,0.533,4155.4,1,1
UG-GUL-0005,maize,2026-03-30T00:00:00,18.291,25.81,0.432,58.011,34.0,16.6,167.7,3.709,0.143,113,0.558,4351.2,1,0
UG-GUL-0005,maize,2026-03-31T00:00:00,17.92,24.54,0.21,57.594,34.1,16.6,168.5,4.08,1.127,114,0.56,4368.7,1,0
UG-GUL-0005,maize,2026-04-01T00:00:00,17.739,25.01,0.18,56.503,34.0,16.5,168.6,4.261,0.657,115,0.548,4272.8,1,0
UG-GUL-0005,maize,2026-04-02T00:00:00,17.284,24.71,0.952,55.537,33.7,16.4,167.6,4.716,0.957,116,0.497,3874.0,1,0
UG-GUL-0005,maize,2026-04-03T00:00:00,16.67,24.84,0.93,55.849,33.9,16.5,166.6,5.33,0.827,117,0.576,4493.6,1,0
UG-GUL-0005,maize,2026-04-04T00:00:00,16.951,24.34,1.27,56.433,33.8,16.4,165.9,5.049,1.327,118,0.536,4180.6,1,0
UG-GUL-0005,maize,2026-04-05T00:00:00,17.357,22.15,1.447,55.871,33.6,16.4,165.9,4.643,3.517,119,0.515,4014.6,1,0
UG-GUL-0005,maize,2026-04-06T00:00:00,16.983,20.12,1.292,55.493,33.4,16.7,165.7,5.017,5.547,120,0.508,3965.6,1,0
UG-GUL-0005,maize,2026-04-07T00:00:00,17.206,21.13,1.081,57.014,32.9,16.6,166.1,4.794,4.537,121,0.497,3877.2,1,0
UG-GUL-0005,maize,2026-04-08T00:00:00,17.189,21.83,0.507,56.81,32.7,16.8,165.3,4.811,3.837,122,0.54,4212.8,1,0
UG-GUL-0005,maize,2026-04-09T00:00:00,17.05,19.07,0.958,55.187,32.8,16.7,165.0,4.95,6.597,123,0.473,3690.8,1,0
UG-GUL-0005,maize,2026-04-10T00:00:00,17.231,14.18,0.71,55.57,32.6,16.5,165.0,4.769,11.487,124,0.436,3402.1,1,0
UG-GUL-0005,maize,2026-04-11T00:00:00,16.95,14.78,1.074,54.374,32.5,16.6,165.2,5.05,10.887,125,0.452,3526.6,1,0
UG-GUL-0005,maize,2026-04-12T00:00:00,16.373,13.5,1.231,55.704,32.2,16.5,165.2,5.627,12.167,126,0.459,3578.5,1,0
UG-GUL-0005,maize,2026-04-13T00:00:00,16.566,16.78,1.893,54.38,32.1,16.5,165.3,5.434,8.887,127,0.48,3744.6,1,0
UG-GUL-0005,maize,2026-04-14T00:00:00,15.956,15.51,1.893,53.293,32.1,16.7,164.5,6.044,10.157,128,0.434,3385.2,1,0
UG-GUL-0005,maize,2026-04-15T00:00:00,15.76,11.69,2.183,53.181,32.2,16.7,165.6,6.24,13.977,129,0.397,3098.9,0,0
UG-GUL-0005,maize,2026-04-16T00:00:00,15.856,10.39,2.264,54.257,31.8,16.9,166.1,6.144,15.277,130,0.394,3069.4,0,0
UG-GUL-0005,maize,2026-04-17T00:00:00,15.683,11.59,2.315,53.624,31.8,16.8,166.0,6.317,14.077,131,0.408,3184.0,1,0
UG-GUL-0005,maize,2026-04-18T00:00:00,15.47,10.21,2.11,51.907,31.7,16.5,166.3,6.53,15.457,132,0.403,3142.8,1,0
UG-GUL-0005,maize,2026-04-19T00:00:00,15.509,7.93,2.513,50.576,31.6,16.4,166.6,6.491,17.737,133,0.336,2618.3,0,0
UG-GUL-0005,maize,2026-04-20T00:00:00,15.323,5.18,1.087,52.176,31.8,16.1,166.8,6.677,20.487,134,0.367,2862.5,0,0
UG-GUL-0005,maize,2026-04-21T00:00:00,15.504,2.11,2.123,49.911,31.8,15.7,165.9,6.496,23.557,135,0.305,2376.0,0,0
UG-GUL-0005,maize,2026-04-22T00:00:00,15.163,3.36,2.503,49.946,31.8,15.4,165.3,6.837,22.307,136,0.314,2452.5,0,0
UG-GUL-0005,maize,2026-04-23T00:00:00,14.809,3.23,2.081,49.049,32.0,15.2,165.4,7.191,22.437,137,0.332,2589.2,0,0
UG-GUL-0005,maize,2026-04-24T00:00:00,14.714,2.03,1.965,47.351,31.7,15.3,165.2,7.286,23.637,138,0.303,2361.0,0,0
UG-GUL-0005,maize,2026-04-25T00:00:00,14.953,2.03,2.14,48.051,31.9,15.3,164.8,7.047,23.637,139,0.31,2420.6,0,0
UG-GUL-0005,maize,2026-04-26T00:00:00,14.816,4.99,1.101,47.249,32.0,15.6,164.4,7.184,20.677,140,0.303,2359.7,0,0
UG-GUL-0005,maize,2026-04-27T00:00:00,14.927,5.11,0.634,45.864,31.8,15.9,163.9,7.073,20.557,141,0.368,2867.6,0,0
UG-GUL-0005,maize,2026-04-28T00:00:00,15.103,7.35,1.156,46.52,31.5,15.9,164.6,6.897,18.317,142,0.358,2792.9,0,0
UG-GUL-0005,maize,2026-04-29T00:00:00,15.033,6.1,1.199,46.319,31.3,16.0,164.9,6.967,19.567,143,0.33,2575.0,0,0
UG-GUL-0005,maize,2026-04-30T00:00:00,15.357,6.81,1.283,44.991,30.9,15.9,164.0,6.643,18.857,144,0.366,2856.9,0,0
UG-GUL-0005,maize,2026-05-01T00:00:00,15.261,6.82,1.638,46.421,30.7,15.6,164.1,6.739,18.847,145,0.405,3156.8,1,0
UG-GUL-0005,maize,2026-05-02T00:00:00,14.636,9.82,1.801,46.003,30.5,15.9,163.6,7.364,15.847,146,0.306,2386.5,0,0
UG-GUL-0005,maize,2026-05-03T00:00:00,14.391,9.19,1.82,45.736,30.4,15.8,163.2,7.609,16.477,147,0.307,2391.2,0,0
UG-GUL-0005,maize,2026-05-04T00:00:00,14.007,9.07,1.43,45.189,30.1,15.6,162.6,7.993,16.597,148,0.405,3161.8,1,0
UG-GUL-0005,maize,2026-05-05T00:00:00,13.776,6.83,1.201,45.366,30.0,15.9,161.9,8.224,18.837,149,0.319,2486.8,0,0
UG-GUL-0005,maize,2026-05-06T00:00:00,13.736,6.83,1.196,44.059,29.9,15.6,160.9,8.264,18.837,150,0.309,2407.5,0,0
UG-GUL-0005,maize,2026-05-07T00:00:00,13.736,6.12,0.704,44.731,30.0,15.9,160.9,8.264,19.547,151,0.301,2348.1,0,0
UG-GUL-0005,maize,2026-05-08T00:00:00,13.743,6.11,0.619,44.353,30.0,16.0,161.0,8.257,19.557,152,0.343,2673.3,0,0
UG-GUL-0005,maize,2026-05-09T00:00:00,13.561,3.11,1.208,45.721,29.5,15.8,160.9,8.439,22.557,153,0.349,2722.8,0,0
UG-GUL-0005,maize,2026-05-10T00:00:00,13.631,3.35,1.24,46.277,29.2,16.0,161.1,8.369,22.317,154,0.253,1975.5,0,0
UG-GUL-0005,maize,2026-05-11T00:00:00,13.609,2.82,1.877,47.846,29.0,16.1,161.6,8.391,22.847,155,0.261,2036.8,0,0
UG-GUL-0005,maize,2026-05-12T00:00:00,13.68,2.82,2.779,48.677,28.8,15.8,161.4,8.32,22.847,156,0.246,1918.1,0,0
UG-GUL-0005,maize,2026-05-13T00:00:00,13.984,2.82,2.806,49.251,28.7,15.9,162.2,8.016,22.847,157,0.284,2215.3,0,0
UG-GUL-0005,maize,2026-05-14T00:00:00,13.974,2.82,2.808,49.617,28.4,15.7,162.7,8.026,22.847,158,0.297,2313.7,0,0
UG-GUL-0005,maize,2026-05-15T00:00:00,13.844,2.82,3.316,49.473,28.4,15.7,162.5,8.156,22.847,159,0.304,2369.9,0,0
UG-GUL-0005,maize,2026-05-16T00:00:00,14.57,2.82,2.379,46.281,28.4,15.8,163.1,7.43,22.847,160,0.295,2304.7,0,0
UG-GUL-0005,maize,2026-05-17T00:00:00,14.496,2.03,2.374,45.924,28.1,15.5,163.2,7.504,23.637,161,0.338,2636.5,0,0
UG-GUL-0005,maize,2026-05-18T00:00:00,14.407,2.03,1.955,42.873,28.2,15.4,163.6,7.593,23.637,162,0.246,1922.6,0,0
UG-GUL-0005,maize,2026-05-19T00:00:00,14.309,2.03,0.591,42.35,28.5,15.5,164.2,7.691,23.637,163,0.252,1963.4,0,0
UG-GUL-0005,maize,2026-05-20T00:00:00,14.137,2.03,0.752,42.387,28.1,15.3,163.8,7.863,23.637,164,0.313,2445.2,0,0
UG-GUL-0005,maize,2026-05-21T00:00:00,13.669,2.03,0.721,43.041,28.4,15.2,163.2,8.331,23.637,165,0.266,2076.7,0,0
UG-GUL-0005,maize,2026-05-22T00:00:00,13.883,2.03,0.634,42.214,28.0,15.0,163.1,8.117,23.637,166,0.223,1740.8,0,0
UG-GUL-0005,maize,2026-05-23T00:00:00,13.83,2.03,0.745,44.001,28.1,14.7,163.0,8.17,23.637,167,0.252,1961.9,0,0
UG-GUL-0005,maize,2026-05-24T00:00:00,13.986,0.0,0.614,44.54,28.3,14.7,162.3,8.014,25.667,168,0.256,1999.1,0,0
UG-GUL-0005,maize,2026-05-25T00:00:00,14.14,0.0,0.611,45.951,27.9,14.9,161.1,7.86,25.667,169,0.231,1800.9,0,0
UG-GUL-0005,maize,2026-05-26T00:00:00,14.024,0.0,1.24,45.683,27.6,15.0,160.8,7.976,25.667,170,0.211,1645.5,0,0
UG-GUL-0005,maize,2026-05-27T00:00:00,14.087,3.11,1.246,46.279,27.5,15.1,160.6,7.913,22.557,171,0.261,2037.8,0,0
UG-GUL-0005,maize,2026-05-28T00:00:00,14.136,4.92,1.776,45.146,27.2,15.4,161.0,7.864,20.747,172,0.247,1928.4,0,0
UG-GUL-0005,maize,2026-05-29T00:00:00,14.011,5.8,1.596,46.557,26.8,15.4,160.6,7.989,19.867,173,0.304,2368.6,0,0
UG-GUL-0005,maize,2026-05-30T00:00:00,13.647,5.8,1.596,47.74,26.5,15.7,159.7,8.353,19.867,174,0.221,1720.9,0,0
UG-GUL-0005,maize,2026-05-31T00:00:00,13.894,6.79,1.778,47.364,26.6,15.4,159.4,8.106,18.877,175,0.29,2261.2,0,0
UG-GUL-0005,maize,2026-06-01T00:00:00,14.104,6.79,2.345,47.937,26.6,15.0,159.9,7.896,18.877,176,0.3,2339.7,0,0
UG-GUL-0005,maize,2026-06-02T00:00:00,14.337,6.79,2.091,47.49,26.1,14.8,160.0,7.663,18.877,177,0.285,2219.9,0,0
UG-GUL-0005,maize,2026-06-03T00:00:00,14.647,3.68,2.096,46.997,26.3,14.8,159.9,7.353,21.987,178,0.3,2342.9,0,0
UG-GUL-0005,maize,2026-06-04T00:00:00,15.029,1.93,0.944,48.467,26.2,14.5,159.3,6.971,23.737,179,0.225,1755.7,0,0
UG-GUL-0006,maize,2025-12-13T00:00:00,14.73,10.01,2.338,49.061,49.7,19.6,179.8,7.27,15.657,6,0.534,5548.6,1,113
UG-GUL-0006,maize,2025-12-14T00:00:00,14.79,14.24,2.315,48.726,49.6,19.6,179.6,7.21,11.427,7,0.579,6024.3,1,111
UG-GUL-0006,maize,2025-12-15T00:00:00,14.964,15.2,3.166,50.063,49.1,19.6,179.6,7.036,10.467,8,0.614,6384.8,1,110
UG-GUL-0006,maize,2025-12-16T00:00:00,15.111,15.2,3.235,50.029,48.9,19.5,179.7,6.889,10.467,9,0.6,6237.6,1,109
UG-GUL-0006,maize,2025-12-17T00:00:00,15.246,12.86,4.064,49.111,48.7,19.6,179.8,6.754,12.807,10,0.636,6617.8,1,108
UG-GUL-0006,maize,2025-12-18T00:00:00,15.143,13.98,3.796,49.297,48.4,19.7,179.8,6.857,11.687,11,0.556,5786.6,1,107
UG-GUL-0006,maize,2025-12-19T00:00:00,15.26,15.05,2.952,49.539,48.3,19.7,179.8,6.74,10.617,12,0.553,5751.6,1,105
UG-GUL-0006,maize,2025-12-20T00:00:00,15.623,17.81,2.661,48.416,48.1,19.9,179.9,6.377,7.857,13,0.679,7057.8,1,104
UG-GUL-0006,maize,2025-12-21T00:00:00,16.05,13.58,2.756,49.349,47.9,19.9,179.6,5.95,12.087,14,0.554,5757.9,1,103
UG-GUL-0006,maize,2025-12-22T00:00:00,15.949,14.44,2.16,49.996,48.1,19.9,179.6,6.051,11.227,15,0.627,6518.5,1,102
UG-GUL-0006,maize,2025-12-23T00:00:00,15.857,16.98,2.309,49.48,48.0,19.9,179.4,6.143,8.687,16,0.594,6182.3,1,100
UG-GUL-0006,maize,2025-12-24T00:00:00,16.019,19.21,1.261,49.799,47.8,19.9,179.3,5.981,6.457,17,0.589,6125.6,1,98
UG-GUL-0006,maize,2025-12-25T00:00:00,16.396,17.3,1.227,50.393,47.4,19.8,178.9,5.604,8.367,18,0.628,6534.7,1,98
UG-GUL-0006,maize,2025-12-26T00:00:00,16.64,19.3,1.105,51.663,47.3,19.7,178.8,5.36,6.367,19,0.687,7140.9,1,96
UG-GUL-0006,maize,2025-12-27T00:00:00,16.731,18.38,2.566,52.531,47.1,19.4,178.5,5.269,7.287,20,0.603,6275.5,1,96
UG-GUL-0006,maize,2025-12-28T00:00:00,16.613,19.95,2.238,52.777,47.0,19.4,179.0,5.387,5.717,21,0.67,6967.9,1,94
UG-GUL-0006,maize,2025-12-29T00:00:00,16.74,19.78,2.235,52.936,46.5,19.2,178.6,5.26,5.887,22,0.673,6999.7,1,93
UG-GUL-0006,maize,2025-12-30T00:00:00,17.2,17.37,2.158,52.871,46.5,19.1,178.2,4.8,8.297,23,0.599,6229.1,1,93
UG-GUL-0006,maize,2025-12-31T00:00:00,17.394,18.77,1.724,53.03,46.3,19.0,177.9,4.606,6.897,24,0.646,6721.7,1,91
UG-GUL-0006,maize,2026-01-01T00:00:00,17.516,15.83,1.804,53.889,46.1,19.1,177.7,4.484,9.837,25,0.678,7052.0,1,91
UG-GUL-0006,maize,2026-01-02T00:00:00,17.539,12.31,2.519,54.414,45.8,19.1,177.3,4.461,13.357,26,0.617,6413.1,1,91
UG-GUL-0006,maize,2026-01-03T00:00:00,17.88,13.36,1.098,55.91,45.7,19.1,177.5,4.12,12.307,27,0.613,6374.8,1,89
UG-GUL-0006,maize,2026-01-04T00:00:00,17.949,18.05,2.26,57.666,45.4,19.1,176.8,4.051,7.617,28,0.661,6879.2,1,87
UG-GUL-0006,maize,2026-01-05T00:00:00,18.347,16.4,3.603,56.776,45.3,19.2,177.1,3.653,9.267,29,0.614,6387.0,1,87
UG-GUL-0006,maize,2026-01-06T00:00:00,18.11,21.72,3.69,56.851,45.0,19.2,177.4,3.89,3.947,30,0.706,7337.3,2,85
UG-GUL-0006,maize,2026-01-07T00:00:00,17.904,18.52,3.847,58.209,44.9,19.1,177.1,4.096,7.147,31,0.675,7021.5,1,84
UG-GUL-0006,maize,2026-01-08T00:00:00,18.251,20.19,3.609,58.351,44.9,18.9,177.6,3.749,5.477,32,0.664,6908.0,1,83
UG-GUL-0006,maize,2026-01-09T00:00:00,18.446,24.11,3.658,59.896,44.6,18.9,177.8,3.554,1.557,33,0.7,7284.7,2,81
UG-GUL-0006,maize,2026-01-10T00:00:00,18.381,22.54,4.527,59.379,44.6,18.9,177.8,3.619,3.127,34,0.646,6718.9,1,81
UG-GUL-0006,maize,2026-01-11T00:00:00,18.513,19.36,2.225,59.193,44.5,18.9,177.8,3.487,6.307,35,0.624,6489.2,1,79
UG-GUL-0006,maize,2026-01-12T00:00:00,18.673,24.87,2.123,59.493,44.6,18.7,177.1,3.327,0.797,36,0.699,7273.0,1,77
UG-GUL-0006,maize,2026-01-13T00:00:00,19.05,24.31,0.768,61.101,44.4,18.8,177.0,2.95,1.357,37,0.721,7495.6,2,75
UG-GUL-0006,maize,2026-01-14T00:00:00,19.506,27.19,0.601,61.226,44.4,18.9,177.0,2.494,1.523,38,0.763,7936.3,2,74
UG-GUL-0006,maize,2026-01-15T00:00:00,19.183,31.05,2.276,60.691,44.2,18.9,176.6,2.817,5.383,39,0.708,7359.5,2,75
UG-GUL-0006,maize,2026-01-16T00:00:00,19.166,31.87,2.273,60.51,44.2,18.9,176.1,2.834,6.203,40,0.678,7054.7,1,74
UG-GUL-0006,maize,2026-01-17T00:00:00,19.269,33.37,1.998,59.464,43.9,18.9,175.7,2.731,7.703,41,0.699,7266.5,1,73
UG-GUL-0006,maize,2026-01-18T00:00:00,19.551,33.24,1.469,58.386,43.7,18.8,175.6,2.449,7.573,42,0.643,6687.1,1,72
UG-GUL-0006,maize,2026-01-19T00:00:00,19.506,29.69,1.897,61.13,43.3,18.8,175.8,2.494,4.023,43,0.727,7558.0,2,70
UG-GUL-0006,maize,2026-01-20T00:00:00,19.597,28.75,1.935,61.429,43.2,18.6,175.5,2.403,3.083,44,0.678,7051.4,1,69
UG-GUL-0006,maize,2026-01-21T00:00:00,19.671,28.48,1.873,62.334,43.1,18.6,175.0,2.329,2.813,45,0.742,7713.8,2,68
UG-GUL-0006,maize,2026-01-22T00:00:00,20.089,26.17,0.619,63.224,43.0,18.6,174.8,1.911,0.503,46,0.74,7697.5,2,66
UG-GUL-0006,maize,2026-01-23T00:00:00,20.493,25.96,1.052,62.966,42.8,18.5,174.6,1.507,0.293,47,0.682,7092.3,1,65
UG-GUL-0006,maize,2026-01-24T00:00:00,20.703,25.17,1.171,64.899,42.6,18.4,174.5,1.297,0.497,48,0.763,7931.7,2,64
UG-GUL-0006,maize,2026-01-25T00:00:00,20.966,27.43,1.282,65.207,42.5,18.3,174.1,1.034,1.763,49,0.757,7871.7,2,63
UG-GUL-0006,maize,2026-01-26T00:00:00,21.043,28.04,0.966,62.999,42.4,18.3,173.8,0.957,2.373,50,0.718,7466.5,2,62
UG-GUL-0006,maize,2026-01-27T00:00:00,20.977,27.75,1.477,63.244,42.2,18.3,173.7,1.023,2.083,51,0.716,7450.6,2,61
UG-GUL-0006,maize,2026-01-28T00:00:00,20.761,30.64,1.524,63.967,42.0,18.2,174.4,1.239,4.973,52,0.695,7227.6,1,61
UG-GUL-0006,maize,2026-01-29T00:00:00,20.879,31.64,1.769,64.69,41.7,18.3,174.3,1.121,5.973,53,0.633,6585.4,1,60
UG-GUL-0006,maize,2026-01-30T00:00:00,20.917,31.11,1.371,65.73,41.6,18.3,174.2,1.083,5.443,54,0.628,6527.3,1,59
UG-GUL-0006,maize,2026-01-31T00:00:00,20.92,32.12,1.826,65.023,41.6,18.3,173.8,1.08,6.453,55,0.726,7548.3,2,58
UG-GUL-0006,maize,2026-02-01T00:00:00,20.604,35.24,2.284,65.523,41.5,18.3,173.9,1.396,9.573,56,0.629,6541.4,1,58
UG-GUL-0006,maize,2026-02-02T00:00:00,20.711,38.62,2.788,67.303,41.4,18.2,173.7,1.289,12.953,57,0.68,7070.0,1,58
UG-GUL-0006,maize,2026-02-03T00:00:00,20.803,39.85,2.189,66.724,41.3,18.2,173.6,1.197,14.183,58,0.66,6865.0,1,57
UG-GUL-0006,maize,2026-02-04T00:00:00,21.28,37.86,2.508,64.621,41.1,18.2,172.8,0.72,12.193,59,0.686,7133.7,1,55
UG-GUL-0006,maize,2026-02-05T00:00:00,21.467,39.51,2.393,63.611,41.1,18.0,173.0,0.533,13.843,60,0.609,6332.1,1,55
UG-GUL-0006,maize,2026-02-06T00:00:00,21.624,38.28,2.575,62.853,41.1,18.1,172.7,0.376,12.613,61,0.591,6147.1,1,53
UG-GUL-0006,maize,2026-02-07T00:00:00,21.57,38.47,2.225,64.514,40.7,18.1,172.7,0.43,12.803,62,0.606,6301.0,1,52
UG-GUL-0006,maize,2026-02-08T00:00:00,21.744,34.9,3.202,65.699,40.5,18.0,172.8,0.256,9.233,63,0.649,6749.0,1,51
UG-GUL-0006,maize,2026-02-09T00:00:00,21.953,38.9,2.889,65.391,40.4,17.9,172.9,0.047,13.233,64,0.563,5859.7,1,50
UG-GUL-0006,maize,2026-02-10T00:00:00,22.11,38.54,2.412,66.147,40.2,17.8,172.9,0.11,12.873,65,0.623,6484.0,1,49
UG-GUL-0006,maize,2026-02-11T00:00:00,21.714,39.33,2.04,67.47,40.0,17.7,173.2,0.286,13.663,66,0.625,6496.4,1,48
UG-GUL-0006,maize,2026-02-12T00:00:00,21.566,39.85,3.109,68.064,39.8,17.8,172.7,0.434,14.183,67,0.578,6012.2,1,48
UG-GUL-0006,maize,2026-02-13T00:00:00,21.399,42.17,2.865,68.457,39.6,17.8,172.8,0.601,16.503,68,0.565,5881.2,1,47
UG-GUL-0006,maize,2026-02-14T00:00:00,21.369,44.67,2.957,69.163,39.6,17.7,172.9,0.631,19.003,69,0.569,5915.9,1,47
UG-GUL-0006,maize,2026-02-15T00:00:00,21.383,41.68,1.508,69.089,39.3,17.8,172.3,0.617,16.013,70,0.619,6435.5,1,45
UG-GUL-0006,maize,2026-02-16T00:00:00,21.124,38.06,1.892,67.837,39.0,17.7,172.0,0.876,12.393,71,0.602,6264.9,1,43
UG-GUL-0006,maize,2026-02-17T00:00:00,21.124,35.62,2.595,67.734,38.9,17.9,171.8,0.876,9.953,72,0.653,6793.7,1,42
UG-GUL-0006,maize,2026-02-18T00:00:00,21.39,33.09,2.523,68.367,38.9,17.9,171.8,0.61,7.423,73,0.673,7001.6,1,40
UG-GUL-0006,maize,2026-02-19T00:00:00,21.344,33.35,2.343,68.154,38.8,17.9,171.5,0.656,7.683,74,0.668,6948.8,1,39
UG-GUL-0006,maize,2026-02-20T00:00:00,21.567,34.08,2.373,67.93,38.9,17.7,171.2,0.433,8.413,75,0.643,6692.2,1,38
UG-GUL-0006,maize,2026-02-21T00:00:00,21.51,33.31,2.054,65.814,38.7,17.6,171.1,0.49,7.643,76,0.63,6548.0,1,37
UG-GUL-0006,maize,2026-02-22T00:00:00,21.654,38.73,1.31,65.43,38.9,17.7,171.2,0.346,13.063,77,0.686,7131.3,1,37
UG-GUL-0006,maize,2026-02-23T00:00:00,21.646,37.16,1.656,66.586,38.8,17.7,170.8,0.354,11.493,78,0.663,6897.6,1,36
UG-GUL-0006,maize,2026-02-24T00:00:00,21.777,38.65,1.214,66.229,38.9,17.6,170.6,0.223,12.983,79,0.668,6944.7,1,35
UG-GUL-0006,maize,2026-02-25T00:00:00,21.646,38.78,1.269,65.384,38.8,17.5,169.9,0.354,13.113,80,0.63,6555.8,1,34
UG-GUL-0006,maize,2026-02-26T00:00:00,21.513,37.94,0.727,66.4,38.6,17.5,170.3,0.487,12.273,81,0.638,6632.4,1,32
UG-GUL-0006,maize,2026-02-27T00:00:00,21.376,41.45,0.858,66.37,38.1,17.6,170.0,0.624,15.783,82,0.624,6493.7,1,32
UG-GUL-0006,maize,2026-02-28T00:00:00,21.561,39.79,1.735,66.329,37.9,17.5,170.2,0.439,14.123,83,0.562,5846.6,1,31
UG-GUL-0006,maize,2026-03-01T00:00:00,21.381,36.24,1.362,65.439,37.7,17.4,169.9,0.619,10.573,84,0.611,6353.5,1,29
UG-GUL-0006,maize,2026-03-02T00:00:00,21.487,36.84,2.06,64.451,37.6,17.4,170.1,0.513,11.173,85,0.611,6355.1,1,29
UG-GUL-0006,maize,2026-03-03T00:00:00,20.927,37.04,2.289,64.726,37.3,17.4,170.1,1.073,11.373,86,0.609,6333.0,1,28
UG-GUL-0006,maize,2026-03-04T00:00:00,20.723,40.82,3.228,63.567,37.1,17.3,170.2,1.277,15.153,87,0.556,5784.1,1,29
UG-GUL-0006,maize,2026-03-05T00:00:00,20.833,41.87,4.399,62.659,36.9,17.3,170.0,1.167,16.203,88,0.579,6022.6,1,28
UG-GUL-0006,maize,2026-03-06T00:00:00,20.644,34.34,4.865,62.496,37.0,17.2,170.5,1.356,8.673,89,0.626,6515.6,1,26
UG-GUL-0006,maize,2026-03-07T00:00:00,20.459,34.84,3.212,62.316,36.9,17.2,169.9,1.541,9.173,90,0.667,6939.2,1,24
UG-GUL-0006,maize,2026-03-08T00:00:00,20.531,36.66,3.22,62.876,36.8,17.3,170.2,1.469,10.993,91,0.686,7136.9,1,24
UG-GUL-0006,maize,2026-03-09T00:00:00,20.321,35.88,3.042,62.9,36.6,17.3,170.1,1.679,10.213,92,0.578,6007.0,1,23
UG-GUL-0006,maize,2026-03-10T00:00:00,20.604,33.9,2.204,62.597,36.5,17.2,169.8,1.396,8.233,93,0.644,6700.3,1,21
UG-GUL-0006,maize,2026-03-11T00:00:00,20.527,30.33,1.896,63.393,36.3,17.2,169.5,1.473,4.663,94,0.673,6999.8,1,19
UG-GUL-0006,maize,2026-03-12T00:00:00,20.177,27.12,0.7,63.064,36.2,17.2,168.9,1.823,1.453,95,0.698,7263.0,1,17
UG-GUL-0006,maize,2026-03-13T00:00:00,20.393,31.1,0.346,63.84,36.2,17.1,168.5,1.607,5.433,96,0.642,6677.4,1,16
UG-GUL-0006,maize,2026-03-14T00:00:00,20.24,31.74,0.514,63.473,35.9,17.0,168.9,1.76,6.073,97,0.635,6608.7,1,16
UG-GUL-0006,maize,2026-03-15T00:00:00,20.09,29.25,0.497,61.546,35.9,16.9,168.8,1.91,3.583,98,0.687,7149.9,1,14
UG-GUL-0006,maize,2026-03-16T00:00:00,19.999,30.62,0.542,61.897,35.8,16.8,168.8,2.001,4.953,99,0.638,6639.9,1,14
UG-GUL-0006,maize,2026-03-17T00:00:00,19.98,32.23,0.51,62.56,35.7,16.8,168.8,2.02,6.563,100,0.658,6845.1,1,13
UG-GUL-0006,maize,2026-03-18T00:00:00,19.786,27.84,0.887,60.739,35.6,16.8,168.6,2.214,2.173,101,0.673,7004.3,1,11
UG-GUL-0006,maize,2026-03-19T00:00:00,19.811,29.86,3.088,60.511,35.4,16.8,168.9,2.189,4.193,102,0.653,6788.4,1,12
UG-GUL-0006,maize,2026-03-20T00:00:00,19.383,32.38,3.839,59.69,35.1,16.8,168.7,2.617,6.713,103,0.588,6115.4,1,12
UG-GUL-0006,maize,2026-03-21T00:00:00,19.506,29.62,3.953,58.499,35.1,16.8,168.4,2.494,3.953,104,0.644,6701.6,1,10
UG-GUL-0006,maize,2026-03-22T00:00:00,19.291,31.86,3.649,59.563,34.9,16.8,168.0,2.709,6.193,105,0.593,6163.3,1,9
UG-GUL-0006,maize,2026-03-23T00:00:00,19.201,25.91,4.436,59.01,34.7,16.8,167.7,2.799,0.243,106,0.665,6920.0,1,7
UG-GUL-0006,maize,2026-03-24T00:00:00,18.61,29.85,4.418,57.744,34.7,16.7,167.7,3.39,4.183,107,0.66,6862.0,1,8
UG-GUL-0006,maize,2026-03-25T00:00:00,18.799,34.37,3.287,60.039,34.6,16.8,167.6,3.201,8.703,108,0.6,6240.7,1,7
UG-GUL-0006,maize,2026-03-26T00:00:00,18.863,32.98,2.191,60.06,34.4,16.8,167.5,3.137,7.313,109,0.62,6447.4,1,5
UG-GUL-0006,maize,2026-03-27T00:00:00,18.646,25.13,3.531,60.26,34.5,16.8,167.4,3.354,0.537,110,0.678,7049.3,1,4
UG-GUL-0006,maize,2026-03-28T00:00:00,18.311,25.33,1.828,62.083,34.6,16.8,167.1,3.689,0.337,111,0.618,6431.8,1,2
UG-GUL-0006,maize,2026-03-29T00:00:00,18.184,21.33,1.51,60.581,34.6,16.8,166.9,3.816,4.337,112,0.681,7078.3,1,2
UG-GUL-0006,maize,2026-03-30T00:00:00,18.167,22.3,1.787,59.39,34.6,16.7,166.3,3.833,3.367,113,0.602,6261.4,1,1
UG-GUL-0006,maize,2026-03-31T00:00:00,18.509,14.95,1.721,58.816,34.5,16.7,166.5,3.491,10.717,114,0.607,6310.7,1,1
UG-GUL-0006,maize,2026-04-01T00:00:00,18.181,11.99,1.745,56.177,34.4,16.6,166.6,3.819,13.677,115,0.573,5956.6,1,1
UG-GUL-0006,maize,2026-04-02T00:00:00,17.886,8.55,1.55,55.339,34.4,16.6,166.5,4.114,17.117,116,0.493,5129.9,1,1
UG-GUL-0006,maize,2026-04-03T00:00:00,17.843,10.63,0.599,52.877,34.2,16.5,166.4,4.157,15.037,117,0.575,5977.3,1,0
UG-GUL-0006,maize,2026-04-04T00:00:00,17.977,8.16,1.159,51.586,33.9,16.5,166.7,4.023,17.507,118,0.534,5557.7,1,0
UG-GUL-0006,maize,2026-04-05T00:00:00,17.991,11.88,3.696,52.23,33.6,16.4,166.5,4.009,13.787,119,0.588,6115.0,1,0
UG-GUL-0006,maize,2026-04-06T00:00:00,17.917,12.87,2.856,52.656,33.5,16.5,166.6,4.083,12.797,120,0.548,5703.0,1,0
UG-GUL-0006,maize,2026-04-07T00:00:00,17.659,17.44,2.591,53.276,33.4,16.4,166.0,4.341,8.227,121,0.572,5952.3,1,0
UG-GUL-0006,maize,2026-04-08T00:00:00,17.771,15.88,2.775,54.416,33.2,16.4,165.9,4.229,9.787,122,0.548,5696.8,1,0
UG-GUL-0006,maize,2026-04-09T00:00:00,17.603,20.36,2.3,54.306,32.9,16.2,165.6,4.397,5.307,123,0.545,5669.7,1,0
UG-GUL-0006,maize,2026-04-10T00:00:00,17.34,17.58,2.384,54.601,32.9,16.3,165.3,4.66,8.087,124,0.561,5836.8,1,0
UG-GUL-0006,maize,2026-04-11T00:00:00,17.083,18.68,2.92,54.784,32.9,16.3,165.2,4.917,6.987,125,0.564,5862.9,1,0
UG-GUL-0006,maize,2026-04-12T00:00:00,16.879,18.66,1.445,55.104,32.8,16.3,165.5,5.121,7.007,126,0.587,6102.2,1,0
UG-GUL-0006,maize,2026-04-13T00:00:00,16.607,19.06,1.522,54.763,32.6,16.2,165.6,5.393,6.607,127,0.534,5549.6,1,0
UG-GUL-0006,maize,2026-04-14T00:00:00,16.529,19.07,1.808,53.534,32.4,16.2,165.7,5.471,6.597,128,0.566,5883.1,1,0
UG-GUL-0006,maize,2026-04-15T00:00:00,16.08,21.24,2.303,52.377,32.3,16.1,165.3,5.92,4.427,129,0.596,6194.4,1,0
UG-GUL-0006,maize,2026-04-16T00:00:00,16.15,18.3,3.256,51.643,32.2,16.1,165.6,5.85,7.367,130,0.571,5934.5,1,0
UG-GUL-0006,maize,2026-04-17T00:00:00,16.076,22.78,3.239,50.151,31.9,16.1,165.3,5.924,2.887,131,0.528,5492.0,1,0
UG-GUL-0006,maize,2026-04-18T00:00:00,16.009,21.03,3.345,50.291,31.9,16.1,164.8,5.991,4.637,132,0.589,6126.4,1,0
UG-GUL-0006,maize,2026-04-19T00:00:00,16.163,17.84,3.48,50.164,31.7,16.0,164.6,5.837,7.827,133,0.535,5567.7,1,0
UG-GUL-0006,maize,2026-04-20T00:00:00,16.149,16.03,4.083,50.671,31.5,16.1,164.9,5.851,9.637,134,0.519,5402.5,1,0
UG-GUL-0006,maize,2026-04-21T00:00:00,15.941,11.92,3.382,52.45,31.5,16.0,164.6,6.059,13.747,135,0.421,4381.0,1,0
UG-GUL-0006,maize,2026-04-22T00:00:00,16.02,9.75,3.254,52.677,31.6,15.9,164.9,5.98,15.917,136,0.521,5421.3,1,0
UG-GUL-0006,maize,2026-04-23T00:00:00,15.866,11.65,2.373,52.066,31.6,15.8,164.4,6.134,14.017,137,0.499,5188.3,1,0
UG-GUL-0006,maize,2026-04-24T00:00:00,15.751,9.68,2.379,53.026,31.4,15.8,164.7,6.249,15.987,138,0.43,4471.4,1,0
UG-GUL-0006,maize,2026-04-25T00:00:00,15.479,9.53,3.67,50.264,31.1,15.9,164.4,6.521,16.137,139,0.473,4924.2,1,0
UG-GUL-0006,maize,2026-04-26T00:00:00,14.966,9.41,3.935,49.304,31.1,15.9,164.2,7.034,16.257,140,0.462,4805.8,1,0
UG-GUL-0006,maize,2026-04-27T00:00:00,14.839,8.86,2.739,47.759,31.1,15.7,164.0,7.161,16.807,141,0.488,5074.3,1,0
UG-GUL-0006,maize,2026-04-28T00:00:00,14.496,10.24,2.423,44.65,30.9,15.7,164.6,7.504,15.427,142,0.449,4673.7,1,0
UG-GUL-0006,maize,2026-04-29T00:00:00,14.113,10.24,2.839,43.207,30.6,15.8,164.6,7.887,15.427,143,0.45,4684.4,1,0
UG-GUL-0006,maize,2026-04-30T00:00:00,14.067,5.96,2.529,44.286,30.5,15.7,164.5,7.933,19.707,144,0.397,4128.5,0,0
UG-GUL-0006,maize,2026-05-01T00:00:00,13.97,3.45,2.65,43.386,30.5,15.7,164.3,8.03,22.217,145,0.412,4282.8,1,0
UG-GUL-0006,maize,2026-05-02T00:00:00,14.09,3.45,2.227,45.239,30.5,15.7,163.8,7.91,22.217,146,0.374,3889.4,0,0
UG-GUL-0006,maize,2026-05-03T00:00:00,14.139,1.85,3.393,43.821,30.2,15.6,163.7,7.861,23.817,147,0.35,3644.9,0,0
UG-GUL-0006,maize,2026-05-04T00:00:00,14.047,1.85,2.56,44.007,30.1,15.6,163.4,7.953,23.817,148,0.378,3927.4,0,0
UG-GUL-0006,maize,2026-05-05T00:00:00,14.257,0.0,2.706,44.624,30.0,15.6,162.8,7.743,25.667,149,0.33,3434.2,0,0
UG-GUL-0006,maize,2026-05-06T00:00:00,14.536,3.98,3.109,45.524,29.9,15.6,163.1,7.464,21.687,150,0.448,4660.9,1,0
UG-GUL-0006,maize,2026-05-07T00:00:00,14.059,3.98,2.693,44.654,29.6,15.6,162.7,7.941,21.687,151,0.452,4702.8,1,0
UG-GUL-0006,maize,2026-05-08T00:00:00,14.17,3.98,3.209,45.15,29.5,15.5,162.6,7.83,21.687,152,0.379,3936.7,0,0
UG-GUL-0006,maize,2026-05-09T00:00:00,14.041,3.98,3.437,44.326,29.5,15.4,162.6,7.959,21.687,153,0.347,3604.5,0,0
UG-GUL-0006,maize,2026-05-10T00:00:00,14.02,3.98,1.183,44.747,29.4,15.4,162.7,7.98,21.687,154,0.413,4294.2,1,0
UG-GUL-0006,maize,2026-05-11T00:00:00,13.743,3.98,1.393,43.54,29.3,15.3,162.7,8.257,21.687,155,0.382,3971.3,0,0
UG-GUL-0006,maize,2026-05-12T00:00:00,13.489,5.47,1.975,45.466,28.9,15.2,162.5,8.511,20.197,156,0.433,4502.9,1,0
UG-GUL-0006,maize,2026-05-13T00:00:00,13.309,1.49,1.513,45.581,28.9,15.3,161.6,8.691,24.177,157,0.343,3562.9,0,0
UG-GUL-0006,maize,2026-05-14T00:00:00,13.433,1.49,1.288,45.466,28.7,15.2,161.9,8.567,24.177,158,0.386,4009.7,0,0
UG-GUL-0006,maize,2026-05-15T00:00:00,13.204,2.42,1.386,45.084,28.7,15.1,161.9,8.796,23.247,159,0.376,3906.1,0,0
UG-GUL-0006,maize,2026-05-16T00:00:00,13.243,5.43,1.025,45.904,28.5,15.3,162.3,8.757,20.237,160,0.38,3954.4,0,0
UG-GUL-0006,maize,2026-05-17T00:00:00,13.149,7.59,0.992,46.603,28.6,15.4,162.2,8.851,18.077,161,0.425,4417.8,1,0
UG-GUL-0006,maize,2026-05-18T00:00:00,13.156,7.67,0.962,48.111,28.5,15.4,162.0,8.844,17.997,162,0.445,4624.3,1,0
UG-GUL-0006,maize,2026-05-19T00:00:00,13.431,9.51,1.032,44.784,28.7,15.4,162.1,8.569,16.157,163,0.44,4572.0,1,0
UG-GUL-0006,maize,2026-05-20T00:00:00,13.554,10.57,0.839,45.247,28.6,15.4,161.9,8.446,15.097,164,0.452,4697.3,1,0
UG-GUL-0006,maize,2026-05-21T00:00:00,13.601,12.52,0.763,45.534,28.6,15.5,161.5,8.399,13.147,165,0.44,4578.0,1,0
UG-GUL-0006,maize,2026-05-22T00:00:00,13.956,11.59,0.637,45.114,28.4,15.4,161.8,8.044,14.077,166,0.5,5194.9,1,0
UG-GUL-0006,maize,2026-05-23T00:00:00,13.68,8.58,0.614,44.143,28.5,15.2,161.7,8.32,17.087,167,0.468,4864.4,1,0
UG-GUL-0006,maize,2026-05-24T00:00:00,13.797,7.48,0.591,43.031,28.4,15.3,161.5,8.203,18.187,168,0.417,4336.7,1,0
UG-GUL-0006,maize,2026-05-25T00:00:00,14.256,8.25,0.65,43.611,28.2,15.2,161.0,7.744,17.417,169,0.436,4536.7,1,0
UG-GUL-0006,maize,2026-05-26T00:00:00,14.451,4.92,0.51,44.346,28.1,15.1,160.6,7.549,20.747,170,0.459,4777.2,1,0
UG-GUL-0006,maize,2026-05-27T00:00:00,14.474,3.86,0.833,44.847,28.0,15.0,160.8,7.526,21.807,171,0.37,3851.2,0,0
UG-GUL-0006,maize,2026-05-28T00:00:00,14.46,1.91,2.051,44.759,28.0,15.0,161.0,7.54,23.757,172,0.396,4119.9,0,0
UG-GUL-0006,maize,2026-05-29T00:00:00,14.276,2.76,2.067,44.09,27.8,14.9,160.4,7.724,22.907,173,0.364,3781.4,0,0
UG-GUL-0006,maize,2026-05-30T00:00:00,14.3,3.0,2.2,44.4,27.4,15.0,159.6,7.7,22.667,174,0.434,4510.5,1,0
UG-GUL-0006,maize,2026-05-31T00:00:00,14.279,2.7,2.203,44.234,27.2,14.7,159.3,7.721,22.967,175,0.377,3924.6,0,0
UG-GUL-0006,maize,2026-06-01T00:00:00,14.117,2.28,3.015,42.761,27.2,14.9,159.7,7.883,23.387,176,0.403,4194.1,1,0
UG-GUL-0006,maize,2026-06-02T00:00:00,14.261,3.17,3.283,44.807,27.1,14.8,159.7,7.739,22.497,177,0.35,3636.0,0,0
UG-GUL-0006,maize,2026-06-03T00:00:00,14.473,5.02,3.708,43.699,26.9,14.9,159.7,7.527,20.647,178,0.351,3646.4,0,0
UG-GUL-0006,maize,2026-06-04T00:00:00,14.481,6.14,3.695,44.101,26.7,14.7,159.0,7.519,19.527,179,0.388,4039.1,0,0
UG-MBL-0001,coffee,2025-12-13T00:00:00,24.986,9.52,0.156,48.851,39.4,24.8,220.2,3.014,23.147,6,0.566,1019.2,1,249
UG-MBL-0001,coffee,2025-12-14T00:00:00,24.769,8.0,0.2,47.541,39.3,24.8,219.9,3.231,24.667,7,0.526,947.7,1,249
UG-MBL-0001,coffee,2025-12-15T00:00:00,24.647,8.14,0.218,48.837,39.2,24.7,220.0,3.353,24.527,8,0.563,1012.7,1,248
UG-MBL-0001,coffee,2025-12-16T00:00:00,24.833,13.46,0.343,48.837,39.3,24.8,219.3,3.167,19.207,9,0.577,1038.2,1,245
UG-MBL-0001,coffee,2025-12-17T00:00:00,25.03,16.66,0.903,50.627,38.9,24.9,219.1,2.97,16.007,10,0.541,973.2,1,243
UG-MBL-0001,coffee,2025-12-18T00:00:00,25.189,15.1,0.868,49.436,38.8,25.1,218.6,2.811,17.567,11,0.61,1097.5,1,243
UG-MBL-0001,coffee,2025-12-19T00:00:00,25.366,20.39,1.191,50.916,38.6,25.0,218.5,2.634,12.277,12,0.608,1093.5,1,239
UG-MBL-0001,coffee,2025-12-20T00:00:00,25.641,23.29,1.553,51.451,38.3,24.9,218.3,2.359,9.377,13,0.646,1162.5,1,237
UG-MBL-0001,coffee,2025-12-21T00:00:00,26.017,21.87,1.616,51.941,38.1,24.7,217.9,1.983,10.797,14,0.695,1251.3,1,236
UG-MBL-0001,coffee,2025-12-22T00:00:00,26.319,22.21,2.373,51.741,38.0,24.5,218.0,1.681,10.457,15,0.702,1264.4,2,235
UG-MBL-0001,coffee,2025-12-23T00:00:00,26.624,19.78,3.496,52.326,37.8,24.4,218.3,1.376,12.887,16,0.609,1096.2,1,236
UG-MBL-0001,coffee,2025-12-24T00:00:00,26.809,18.71,3.053,52.531,37.7,24.3,218.6,1.191,13.957,17,0.64,1152.1,1,235
UG-MBL-0001,coffee,2025-12-25T00:00:00,26.84,22.96,3.582,52.654,37.4,24.2,218.4,1.16,9.707,18,0.636,1144.1,1,232
UG-MBL-0001,coffee,2025-12-26T00:00:00,27.154,24.92,4.199,52.189,37.3,24.2,217.9,0.846,7.747,19,0.66,1188.2,1,230
UG-MBL-0001,coffee,2025-12-27T00:00:00,27.181,23.06,3.909,52.933,37.4,24.2,217.4,0.819,9.607,20,0.637,1147.3,1,230
UG-MBL-0001,coffee,2025-12-28T00:00:00,27.126,27.19,3.712,53.747,37.3,24.1,217.3,0.874,5.477,21,0.637,1145.9,1,227
UG-MBL-0001,coffee,2025-12-29T00:00:00,27.246,31.28,3.737,54.239,37.0,24.3,217.0,0.754,1.387,22,0.725,1305.1,2,224
UG-MBL-0001,coffee,2025-12-30T00:00:00,27.486,30.73,1.923,55.05,37.0,24.4,217.0,0.514,1.937,23,0.741,1334.1,2,221
UG-MBL-0001,coffee,2025-12-31T00:00:00,27.479,31.49,2.062,53.806,37.0,24.3,216.4,0.521,1.177,24,0.717,1290.2,2,220
UG-MBL-0001,coffee,2026-01-01T00:00:00,27.874,34.92,1.998,54.319,37.2,24.3,216.3,0.126,2.253,25,0.768,1383.0,2,219
UG-MBL-0001,coffee,2026-01-02T00:00:00,27.791,32.1,1.666,55.731,37.2,24.2,216.3,0.209,0.567,26,0.737,1325.8,2,217
UG-MBL-0001,coffee,2026-01-03T00:00:00,27.68,37.75,1.25,56.096,36.9,24.1,216.5,0.32,5.083,27,0.695,1250.7,1,218
UG-MBL-0001,coffee,2026-01-04T00:00:00,27.88,37.99,1.081,55.444,36.8,24.2,216.6,0.12,5.323,28,0.732,1317.8,2,217
UG-MBL-0001,coffee,2026-01-05T00:00:00,28.126,33.1,1.809,55.817,36.8,24.1,217.6,0.126,0.433,29,0.703,1266.2,2,214
UG-MBL-0001,coffee,2026-01-06T00:00:00,28.231,37.37,1.481,55.937,36.6,24.1,216.8,0.231,4.703,30,0.742,1336.1,2,215
UG-MBL-0001,coffee,2026-01-07T00:00:00,28.37,40.03,1.502,58.514,36.3,24.1,216.2,0.37,7.363,31,0.678,1220.2,1,215
UG-MBL-0001,coffee,2026-01-08T00:00:00,28.321,37.96,1.816,58.273,35.9,24.0,216.1,0.321,5.293,32,0.732,1318.4,2,214
UG-MBL-0001,coffee,2026-01-09T00:00:00,28.64,37.81,1.692,59.631,35.8,23.8,216.2,0.64,5.143,33,0.737,1327.5,2,213
UG-MBL-0001,coffee,2026-01-10T00:00:00,28.896,35.21,1.761,59.731,35.8,23.8,215.7,0.896,2.543,34,0.734,1321.7,2,211
UG-MBL-0001,coffee,2026-01-11T00:00:00,29.106,34.49,1.982,62.14,35.7,23.7,215.5,1.106,1.823,35,0.69,1242.5,1,210
UG-MBL-0001,coffee,2026-01-12T00:00:00,29.39,34.02,1.265,61.754,35.6,23.6,214.5,1.39,1.353,36,0.681,1225.8,1,209
UG-MBL-0001,coffee,2026-01-13T00:00:00,29.55,32.68,1.629,59.299,35.4,23.4,214.3,1.55,0.013,37,0.679,1222.7,1,207
UG-MBL-0001,coffee,2026-01-14T00:00:00,29.946,32.31,2.606,58.06,35.6,23.2,214.8,1.946,0.357,38,0.74,1332.1,2,208
UG-MBL-0001,coffee,2026-01-15T00:00:00,30.141,33.77,2.291,59.289,35.5,23.2,214.7,2.141,1.103,39,0.695,1251.3,1,207
UG-MBL-0001,coffee,2026-01-16T00:00:00,30.251,38.9,2.434,57.186,35.5,23.1,214.5,2.251,6.233,40,0.637,1147.4,1,209
UG-MBL-0001,coffee,2026-01-17T00:00:00,30.553,39.89,1.928,57.426,35.3,23.0,214.8,2.553,7.223,41,0.641,1154.0,1,208
UG-MBL-0001,coffee,2026-01-18T00:00:00,30.773,43.63,2.042,56.686,35.2,23.1,214.3,2.773,10.963,42,0.643,1158.0,1,210
UG-MBL-0001,coffee,2026-01-19T00:00:00,30.507,48.51,1.529,57.313,35.0,23.2,213.9,2.507,15.843,43,0.602,1084.4,1,210
UG-MBL-0001,coffee,2026-01-20T00:00:00,30.59,48.8,1.433,60.703,35.1,23.2,214.3,2.59,16.133,44,0.59,1062.2,1,209
UG-MBL-0001,coffee,2026-01-21T00:00:00,30.473,49.65,1.03,61.124,34.8,23.3,214.1,2.473,16.983,45,0.594,1068.9,1,208
UG-MBL-0001,coffee,2026-01-22T00:00:00,30.464,47.3,1.593,60.391,34.8,23.3,214.1,2.464,14.633,46,0.594,1069.8,1,207
UG-MBL-0001,coffee,2026-01-23T00:00:00,30.644,42.9,1.684,61.599,34.4,23.5,214.0,2.644,10.233,47,0.629,1132.2,1,204
UG-MBL-0001,coffee,2026-01-24T00:00:00,30.547,45.52,1.929,61.607,34.3,23.5,213.7,2.547,12.853,48,0.605,1088.3,1,204
UG-MBL-0001,coffee,2026-01-25T00:00:00,30.526,44.72,1.938,60.607,33.9,23.4,213.7,2.526,12.053,49,0.603,1084.6,1,203
UG-MBL-0001,coffee,2026-01-26T00:00:00,30.749,45.73,2.201,60.753,33.8,23.2,213.7,2.749,13.063,50,0.61,1098.7,1,203
UG-MBL-0001,coffee,2026-01-27T00:00:00,30.724,45.01,2.103,60.576,33.8,23.1,213.3,2.724,12.343,51,0.605,1088.2,1,201
UG-MBL-0001,coffee,2026-01-28T00:00:00,30.911,46.56,2.408,60.581,33.7,23.0,213.1,2.911,13.893,52,0.549,988.3,1,201
UG-MBL-0001,coffee,2026-01-29T00:00:00,31.187,50.95,1.502,63.206,33.4,22.9,212.8,3.187,18.283,53,0.557,1002.8,1,202
UG-MBL-0001,coffee,2026-01-30T00:00:00,31.494,51.5,1.98,62.933,33.1,22.8,212.5,3.494,18.833,54,0.534,961.4,1,202
UG-MBL-0001,coffee,2026-01-31T00:00:00,31.713,54.85,1.905,64.214,33.0,22.7,212.5,3.713,22.183,55,0.514,926.1,1,203
UG-MBL-0001,coffee,2026-02-01T00:00:00,31.673,57.14,2.299,65.104,32.9,22.8,212.3,3.673,24.473,56,0.472,850.5,1,203
UG-MBL-0001,coffee,2026-02-02T00:00:00,31.877,54.61,3.366,65.404,32.8,22.8,212.4,3.877,21.943,57,0.51,918.7,1,202
UG-MBL-0001,coffee,2026-02-03T00:00:00,31.834,56.86,3.383,65.571,32.6,22.7,211.8,3.834,24.193,58,0.465,837.1,1,202
UG-MBL-0001,coffee,2026-02-04T00:00:00,31.981,55.25,3.306,66.83,32.5,22.8,211.6,3.981,22.583,59,0.5,899.4,1,200
UG-MBL-0001,coffee,2026-02-05T00:00:00,32.264,53.15,3.472,66.136,32.5,22.7,211.2,4.264,20.483,60,0.476,856.2,1,199
UG-MBL-0001,coffee,2026-02-06T00:00:00,32.106,51.61,3.153,65.859,32.4,22.7,211.4,4.106,18.943,61,0.494,888.8,1,197
UG-MBL-0001,coffee,2026-02-07T00:00:00,32.35,51.38,3.234,64.323,32.1,22.8,211.2,4.35,18.713,62,0.52,936.5,1,196
UG-MBL-0001,coffee,2026-02-08T00:00:00,32.58,49.09,4.158,63.844,32.2,22.6,210.9,4.58,16.423,63,0.502,903.7,1,195
UG-MBL-0001,coffee,2026-02-09T00:00:00,32.373,50.39,3.737,64.629,32.0,22.7,210.5,4.373,17.723,64,0.572,1029.7,1,194
UG-MBL-0001,coffee,2026-02-10T00:00:00,32.45,48.28,3.742,63.961,31.7,22.9,210.7,4.45,15.613,65,0.538,969.1,1,192
UG-MBL-0001,coffee,2026-02-11T00:00:00,32.201,49.73,3.699,62.78,31.7,22.8,210.4,4.201,17.063,66,0.514,924.7,1,191
UG-MBL-0001,coffee,2026-02-12T00:00:00,31.854,45.77,2.27,61.076,31.6,22.8,210.4,3.854,13.103,67,0.583,1048.6,1,187
UG-MBL-0001,coffee,2026-02-13T00:00:00,31.863,55.57,1.632,62.78,31.7,22.7,209.8,3.863,22.903,68,0.469,844.4,1,190
UG-MBL-0001,coffee,2026-02-14T00:00:00,31.697,49.57,1.54,63.351,31.6,22.8,209.7,3.697,16.903,69,0.563,1012.8,1,186
UG-MBL-0001,coffee,2026-02-15T00:00:00,31.716,49.98,1.52,63.704,31.6,22.7,209.6,3.716,17.313,70,0.558,1004.6,1,185
UG-MBL-0001,coffee,2026-02-16T00:00:00,31.773,47.39,1.406,63.709,31.8,22.6,209.7,3.773,14.723,71,0.589,1061.0,1,183
UG-MBL-0001,coffee,2026-02-17T00:00:00,31.799,48.3,1.483,63.5,31.8,22.3,209.6,3.799,15.633,72,0.529,952.5,1,182
UG-MBL-0001,coffee,2026-02-18T00:00:00,31.891,46.71,1.455,63.247,31.7,22.3,209.4,3.891,14.043,73,0.517,929.7,1,181
UG-MBL-0001,coffee,2026-02-19T00:00:00,31.983,47.95,1.68,64.707,31.4,22.1,209.1,3.983,15.283,74,0.52,935.8,1,181
UG-MBL-0001,coffee,2026-02-20T00:00:00,31.634,41.84,2.461,64.071,31.2,22.2,208.9,3.634,9.173,75,0.578,1040.3,1,177
UG-MBL-0001,coffee,2026-02-21T00:00:00,31.583,43.31,2.683,64.534,31.1,22.0,208.8,3.583,10.643,76,0.623,1120.9,1,177
UG-MBL-0001,coffee,2026-02-22T00:00:00,31.484,40.8,1.996,65.483,31.0,21.8,208.7,3.484,8.133,77,0.663,1193.3,1,174
UG-MBL-0001,coffee,2026-02-23T00:00:00,31.57,44.19,1.902,64.333,30.7,21.8,208.7,3.57,11.523,78,0.579,1042.0,1,175
UG-MBL-0001,coffee,2026-02-24T00:00:00,31.671,44.41,2.025,64.533,30.6,21.9,208.4,3.671,11.743,79,0.564,1015.4,1,174
UG-MBL-0001,coffee,2026-02-25T00:00:00,31.689,47.8,3.733,64.631,30.5,21.8,208.1,3.689,15.133,80,0.515,926.6,1,176
UG-MBL-0001,coffee,2026-02-26T00:00:00,31.494,50.25,4.687,64.164,30.6,21.7,208.1,3.494,17.583,81,0.529,951.9,1,176
UG-MBL-0001,coffee,2026-02-27T00:00:00,31.829,50.41,5.284,64.426,30.5,21.7,208.4,3.829,17.743,82,0.56,1008.6,1,176
UG-MBL-0001,coffee,2026-02-28T00:00:00,31.733,56.02,5.146,64.407,30.5,21.7,207.8,3.733,23.353,83,0.505,908.8,1,178
UG-MBL-0001,coffee,2026-03-01T00:00:00,31.883,58.16,4.939,63.561,30.3,21.8,208.1,3.883,25.493,84,0.467,840.8,1,178
UG-MBL-0001,coffee,2026-03-02T00:00:00,31.673,55.17,4.942,63.539,30.2,21.9,207.4,3.673,22.503,85,0.493,887.7,1,175
UG-MBL-0001,coffee,2026-03-03T00:00:00,31.701,56.51,5.882,65.08,30.1,21.7,207.0,3.701,23.843,86,0.468,842.1,1,175
UG-MBL-0001,coffee,2026-03-04T00:00:00,31.81,54.32,4.32,65.354,29.7,21.9,207.4,3.81,21.653,87,0.464,835.1,1,172
UG-MBL-0001,coffee,2026-03-05T00:00:00,31.903,55.63,3.528,65.333,29.4,21.9,207.7,3.903,22.963,88,0.434,781.4,1,172
UG-MBL-0001,coffee,2026-03-06T00:00:00,31.906,53.76,1.797,63.897,29.4,21.8,207.8,3.906,21.093,89,0.481,865.5,1,169
UG-MBL-0001,coffee,2026-03-07T00:00:00,31.647,48.5,2.179,63.273,29.2,21.6,208.0,3.647,15.833,90,0.536,964.8,1,165
UG-MBL-0001,coffee,2026-03-08T00:00:00,31.46,45.35,2.505,63.176,29.2,21.6,207.3,3.46,12.683,91,0.505,908.8,1,163
UG-MBL-0001,coffee,2026-03-09T00:00:00,31.416,41.48,2.377,63.247,29.0,21.5,207.8,3.416,8.813,92,0.576,1036.5,1,160
UG-MBL-0001,coffee,2026-03-10T00:00:00,31.366,37.98,2.326,63.527,29.0,21.6,208.1,3.366,5.313,93,0.585,1052.9,1,157
UG-MBL-0001,coffee,2026-03-11T00:00:00,31.09,36.47,2.354,62.711,29.0,21.3,207.7,3.09,3.803,94,0.655,1178.6,1,155
UG-MBL-0001,coffee,2026-03-12T00:00:00,30.994,38.02,2.33,60.424,29.1,21.3,206.6,2.994,5.353,95,0.597,1074.5,1,154
UG-MBL-0001,coffee,2026-03-13T00:00:00,30.656,35.72,1.511,60.331,28.9,21.4,206.5,2.656,3.053,96,0.652,1174.0,1,151
UG-MBL-0001,coffee,2026-03-14T00:00:00,30.979,33.25,0.933,60.011,28.9,21.4,206.3,2.979,0.583,97,0.642,1154.9,1,149
UG-MBL-0001,coffee,2026-03-15T00:00:00,30.83,36.72,0.389,60.31,28.6,21.5,206.3,2.83,4.053,98,0.691,1243.7,1,148
UG-MBL-0001,coffee,2026-03-16T00:00:00,30.846,40.93,0.591,60.314,28.4,21.5,205.6,2.846,8.263,99,0.554,997.1,1,150
UG-MBL-0001,coffee,2026-03-17T00:00:00,30.5,41.16,0.961,57.196,28.2,21.5,205.2,2.5,8.493,100,0.617,1110.9,1,149
UG-MBL-0001,coffee,2026-03-18T00:00:00,30.61,45.11,2.404,57.456,28.1,21.4,205.3,2.61,12.443,101,0.519,935.0,1,151
UG-MBL-0001,coffee,2026-03-19T00:00:00,30.474,41.73,2.931,59.169,27.8,21.3,205.8,2.474,9.063,102,0.567,1020.5,1,149
UG-MBL-0001,coffee,2026-03-20T00:00:00,30.161,45.41,3.392,59.553,27.8,21.2,205.5,2.161,12.743,103,0.56,1008.2,1,150
UG-MBL-0001,coffee,2026-03-21T00:00:00,29.783,47.43,3.271,58.929,27.7,21.1,205.4,1.783,14.763,104,0.551,991.7,1,149
UG-MBL-0001,coffee,2026-03-22T00:00:00,29.761,47.33,3.381,59.494,27.7,20.8,205.2,1.761,14.663,105,0.55,989.2,1,148
UG-MBL-0001,coffee,2026-03-23T00:00:00,29.46,48.33,3.27,58.431,27.8,20.7,205.0,1.46,15.663,106,0.544,978.5,1,147
UG-MBL-0001,coffee,2026-03-24T00:00:00,29.209,46.37,2.692,58.424,27.9,20.5,205.8,1.209,13.703,107,0.543,977.3,1,144
UG-MBL-0001,coffee,2026-03-25T00:00:00,28.9,40.59,1.587,58.453,27.8,20.5,206.2,0.9,7.923,108,0.615,1107.7,1,139
UG-MBL-0001,coffee,2026-03-26T00:00:00,28.763,38.27,1.941,57.996,27.9,20.4,206.4,0.763,5.603,109,0.639,1150.9,1,137
UG-MBL-0001,coffee,2026-03-27T00:00:00,28.977,37.36,1.283,58.24,27.9,20.3,206.0,0.977,4.693,110,0.653,1174.6,1,136
UG-MBL-0001,coffee,2026-03-28T00:00:00,28.887,37.52,0.994,58.734,27.6,20.4,205.8,0.887,4.853,111,0.647,1164.4,1,134
UG-MBL-0001,coffee,2026-03-29T00:00:00,28.767,36.52,1.509,57.539,27.4,20.4,206.0,0.767,3.853,112,0.675,1215.2,1,133
UG-MBL-0001,coffee,2026-03-30T00:00:00,28.751,32.23,1.511,56.949,27.4,20.4,206.2,0.751,0.437,113,0.684,1230.6,1,131
UG-MBL-0001,coffee,2026-03-31T00:00:00,28.82,36.1,0.865,56.939,27.2,20.4,205.3,0.82,3.433,114,0.667,1200.0,1,130
UG-MBL-0001,coffee,2026-04-01T00:00:00,28.57,36.14,0.839,56.994,27.1,20.3,204.5,0.57,3.473,115,0.652,1172.9,1,129
UG-MBL-0001,coffee,2026-04-02T00:00:00,28.653,38.89,0.63,55.616,26.9,20.4,203.9,0.653,6.223,116,0.61,1097.7,1,129
UG-MBL-0001,coffee,2026-04-03T00:00:00,28.566,39.72,0.439,56.22,26.7,20.4,204.3,0.566,7.053,117,0.643,1157.4,1,128
UG-MBL-0001,coffee,2026-04-04T00:00:00,28.689,36.91,0.483,55.549,26.6,20.3,203.8,0.689,4.243,118,0.693,1247.9,1,126
UG-MBL-0001,coffee,2026-04-05T00:00:00,28.361,34.99,0.187,55.986,26.4,20.5,203.5,0.361,2.323,119,0.696,1252.4,1,123
UG-MBL-0001,coffee,2026-04-06T00:00:00,28.187,34.57,0.457,56.687,26.2,20.5,203.3,0.187,1.903,120,0.658,1184.8,1,122
UG-MBL-0001,coffee,2026-04-07T00:00:00,28.397,30.91,0.525,56.269,26.1,20.4,203.5,0.397,1.757,121,0.704,1266.4,2,122
UG-MBL-0001,coffee,2026-04-08T00:00:00,28.507,29.49,0.536,55.367,26.0,20.5,203.5,0.507,3.177,122,0.656,1180.5,1,121
UG-MBL-0001,coffee,2026-04-09T00:00:00,27.949,30.31,1.759,55.651,25.9,20.4,203.5,0.051,2.357,123,0.688,1238.1,1,121
UG-MBL-0001,coffee,2026-04-10T00:00:00,27.756,26.43,2.981,53.101,25.7,20.3,203.0,0.244,6.237,124,0.612,1101.9,1,123
UG-MBL-0001,coffee,2026-04-11T00:00:00,27.653,27.02,2.77,52.954,25.8,20.6,203.0,0.347,5.647,125,0.64,1151.8,1,122
UG-MBL-0001,coffee,2026-04-12T00:00:00,27.559,27.22,2.848,52.833,25.9,20.4,203.0,0.441,5.447,126,0.613,1103.6,1,121
UG-MBL-0001,coffee,2026-04-13T00:00:00,27.591,29.79,2.926,52.993,25.9,20.5,203.0,0.409,2.877,127,0.635,1142.2,1,118
UG-MBL-0001,coffee,2026-04-14T00:00:00,27.086,32.58,2.249,52.529,25.9,20.4,202.5,0.914,0.087,128,0.621,1117.8,1,116
UG-MBL-0001,coffee,2026-04-15T00:00:00,26.936,33.66,1.539,50.899,25.9,20.4,202.9,1.064,0.993,129,0.679,1222.6,1,115
UG-MBL-0001,coffee,2026-04-16T00:00:00,26.981,29.9,1.363,52.144,25.9,20.4,202.8,1.019,2.767,130,0.662,1192.5,1,115
UG-MBL-0001,coffee,2026-04-17T00:00:00,26.789,29.99,0.721,53.169,25.8,20.4,202.5,1.211,2.677,131,0.668,1202.5,1,113
UG-MBL-0001,coffee,2026-04-18T00:00:00,26.579,27.77,1.341,53.141,25.8,20.2,202.4,1.421,4.897,132,0.635,1143.1,1,114
UG-MBL-0001,coffee,2026-04-19T00:00:00,26.796,22.82,1.491,51.833,25.6,20.1,202.3,1.204,9.847,133,0.565,1017.1,1,116
UG-MBL-0001,coffee,2026-04-20T00:00:00,26.554,18.62,1.062,51.397,25.4,19.9,202.4,1.446,14.047,134,0.582,1048.1,1,116
UG-MBL-0001,coffee,2026-04-21T00:00:00,26.31,14.22,1.151,51.656,25.3,19.9,202.4,1.69,18.447,135,0.543,977.1,1,118
UG-MBL-0001,coffee,2026-04-22T00:00:00,25.836,13.37,2.808,53.14,25.2,19.9,201.8,2.164,19.297,136,0.462,832.2,1,119
UG-MBL-0001,coffee,2026-04-23T00:00:00,25.831,14.94,3.295,51.876,25.2,19.8,201.9,2.169,17.727,137,0.511,920.3,1,118
UG-MBL-0001,coffee,2026-04-24T00:00:00,25.6,13.9,5.166,49.816,25.2,19.7,202.1,2.4,18.767,138,0.5,900.7,1,119
UG-MBL-0001,coffee,2026-04-25T00:00:00,25.231,11.99,4.277,48.96,24.7,19.6,202.3,2.769,20.677,139,0.441,793.6,1,119
UG-MBL-0001,coffee,2026-04-26T00:00:00,24.973,12.46,3.272,48.356,24.7,19.5,202.4,3.027,20.207,140,0.451,811.6,1,117
UG-MBL-0001,coffee,2026-04-27T00:00:00,24.964,14.56,2.982,47.633,24.3,19.5,201.6,3.036,18.107,141,0.492,885.8,1,115
UG-MBL-0001,coffee,2026-04-28T00:00:00,24.877,19.03,1.552,47.884,24.2,19.5,201.7,3.123,13.637,142,0.474,853.8,1,111
UG-MBL-0001,coffee,2026-04-29T00:00:00,25.096,17.41,1.23,47.356,24.1,19.5,201.6,2.904,15.257,143,0.48,863.5,1,110
UG-MBL-0001,coffee,2026-04-30T00:00:00,25.093,16.92,1.338,47.136,24.1,19.4,201.6,2.907,15.747,144,0.478,859.6,1,109
UG-MBL-0001,coffee,2026-05-01T00:00:00,25.133,15.59,0.274,47.717,24.1,19.5,201.1,2.867,17.077,145,0.456,820.4,1,107
UG-MBL-0001,coffee,2026-05-02T00:00:00,25.141,21.1,2.141,48.149,24.2,19.6,200.9,2.859,11.567,146,0.569,1023.4,1,106
UG-MBL-0001,coffee,2026-05-03T00:00:00,24.807,20.63,2.144,48.276,24.2,19.6,200.8,3.193,12.037,147,0.467,841.5,1,106
UG-MBL-0001,coffee,2026-05-04T00:00:00,24.433,20.64,2.784,48.691,24.5,19.5,201.1,3.567,12.027,148,0.529,951.9,1,106
UG-MBL-0001,coffee,2026-05-05T00:00:00,24.501,18.45,2.764,48.527,24.3,19.6,200.9,3.499,14.217,149,0.526,946.6,1,106
UG-MBL-0001,coffee,2026-05-06T00:00:00,24.214,20.39,2.883,48.051,24.1,19.4,200.6,3.786,12.277,150,0.502,903.1,1,104
UG-MBL-0001,coffee,2026-05-07T00:00:00,24.171,16.7,2.882,48.309,23.6,19.5,199.7,3.829,15.967,151,0.458,824.4,1,105
UG-MBL-0001,coffee,2026-05-08T00:00:00,24.034,15.56,3.116,49.224,23.4,19.5,199.7,3.966,17.107,152,0.472,848.9,1,105
UG-MBL-0001,coffee,2026-05-09T00:00:00,24.053,10.05,1.304,49.494,23.3,19.3,199.3,3.947,22.617,153,0.432,777.4,1,105
UG-MBL-0001,coffee,2026-05-10T00:00:00,24.364,11.1,1.758,48.839,23.1,19.5,198.9,3.636,21.567,154,0.471,848.1,1,103
UG-MBL-0001,coffee,2026-05-11T00:00:00,24.557,10.9,1.221,47.797,22.8,19.5,198.5,3.443,21.767,155,0.367,659.9,0,102
UG-MBL-0001,coffee,2026-05-12T00:00:00,24.627,10.39,1.148,47.176,22.9,19.2,198.2,3.373,22.277,156,0.414,745.8,1,101
UG-MBL-0001,coffee,2026-05-13T00:00:00,24.731,7.53,1.346,48.394,22.9,19.3,197.8,3.269,25.137,157,0.436,784.4,1,101
UG-MBL-0001,coffee,2026-05-14T00:00:00,24.621,6.86,1.912,49.136,23.0,19.2,198.3,3.379,25.807,158,0.409,737.0,1,101
UG-MBL-0001,coffee,2026-05-15T00:00:00,24.719,9.26,1.215,49.96,23.0,19.1,198.5,3.281,23.407,159,0.456,821.5,1,98
UG-MBL-0001,coffee,2026-05-16T00:00:00,24.789,12.21,1.429,48.38,23.1,19.1,198.5,3.211,20.457,160,0.465,836.9,1,96
UG-MBL-0001,coffee,2026-05-17T00:00:00,24.451,13.48,1.434,48.82,23.1,19.1,198.4,3.549,19.187,161,0.458,823.7,1,95
UG-MBL-0001,coffee,2026-05-18T00:00:00,24.344,15.32,1.414,48.1,23.1,19.1,198.2,3.656,17.347,162,0.466,838.5,1,93
UG-MBL-0001,coffee,2026-05-19T00:00:00,24.431,14.08,1.464,48.017,23.0,19.1,197.5,3.569,18.587,163,0.535,963.2,1,93
UG-MBL-0001,coffee,2026-05-20T00:00:00,24.609,14.08,1.585,44.983,22.9,18.9,198.0,3.391,18.587,164,0.512,921.3,1,92
UG-MBL-0001,coffee,2026-05-21T00:00:00,24.669,19.85,1.335,44.324,22.8,18.7,198.2,3.331,12.817,165,0.528,951.2,1,87
UG-MBL-0001,coffee,2026-05-22T00:00:00,24.407,21.21,2.293,44.369,22.9,18.7,198.0,3.593,11.457,166,0.516,928.6,1,87
UG-MBL-0001,coffee,2026-05-23T00:00:00,24.383,20.56,1.888,45.29,22.6,18.7,197.7,3.617,12.107,167,0.526,946.4,1,86
UG-MBL-0001,coffee,2026-05-24T00:00:00,24.266,18.24,1.88,44.314,22.5,18.6,197.7,3.734,14.427,168,0.514,924.4,1,86
UG-MBL-0001,coffee,2026-05-25T00:00:00,24.099,17.85,1.334,44.544,22.4,18.6,197.4,3.901,14.817,169,0.499,898.3,1,85
UG-MBL-0001,coffee,2026-05-26T00:00:00,23.943,16.53,1.466,44.963,22.1,18.7,197.6,4.057,16.137,170,0.449,809.0,1,85
UG-MBL-0001,coffee,2026-05-27T00:00:00,23.824,21.11,1.691,46.669,22.1,18.7,197.2,4.176,11.557,171,0.559,1005.3,1,82
UG-MBL-0001,coffee,2026-05-28T00:00:00,23.723,15.39,1.768,45.583,21.9,19.0,196.2,4.277,17.277,172,0.465,836.1,1,84
UG-MBL-0001,coffee,2026-05-29T00:00:00,23.863,15.34,1.255,43.73,21.8,18.9,196.0,4.137,17.327,173,0.522,940.3,1,82
UG-MBL-0001,coffee,2026-05-30T00:00:00,23.667,13.04,2.846,43.989,21.8,19.0,195.9,4.333,19.627,174,0.435,783.1,1,84
UG-MBL-0001,coffee,2026-05-31T00:00:00,23.939,14.76,2.847,45.589,21.9,18.8,195.3,4.061,17.907,175,0.439,790.5,1,82
UG-MBL-0001,coffee,2026-06-01T00:00:00,24.203,11.56,4.439,47.594,22.0,18.7,195.5,3.797,21.107,176,0.458,824.6,1,83
UG-MBL-0001,coffee,2026-06-02T00:00:00,24.479,12.66,3.605,47.094,22.0,18.6,195.1,3.521,20.007,177,0.442,795.3,1,81
UG-MBL-0001,coffee,2026-06-03T00:00:00,24.467,10.72,4.261,46.049,22.0,18.6,194.3,3.533,21.947,178,0.417,751.4,1,81
UG-MBL-0001,coffee,2026-06-04T00:00:00,24.58,10.24,4.356,47.883,22.1,18.4,194.5,3.42,22.427,179,0.374,673.8,0,80
UG-MBL-0002,coffee,2025-12-13T00:00:00,25.253,30.18,2.552,49.57,39.6,24.5,220.2,2.747,2.487,6,0.698,2583.2,1,242
UG-MBL-0002,coffee,2025-12-14T00:00:00,25.344,31.28,2.48,51.483,39.5,24.6,219.7,2.656,1.387,7,0.674,2493.8,1,240
UG-MBL-0002,coffee,2025-12-15T00:00:00,25.426,28.16,2.441,50.839,39.3,24.7,219.6,2.574,4.507,8,0.651,2410.5,1,241
UG-MBL-0002,coffee,2025-12-16T00:00:00,25.42,20.92,2.361,50.163,39.1,24.5,219.6,2.58,11.747,9,0.591,2188.2,1,243
UG-MBL-0002,coffee,2025-12-17T00:00:00,25.803,19.17,2.574,52.073,39.1,24.6,219.2,2.197,13.497,10,0.61,2256.7,1,242
UG-MBL-0002,coffee,2025-12-18T00:00:00,26.047,19.34,1.169,50.697,39.0,24.6,219.3,1.953,13.327,11,0.565,2092.0,1,240
UG-MBL-0002,coffee,2025-12-19T00:00:00,26.333,17.08,1.603,51.47,38.7,24.6,218.6,1.667,15.587,12,0.586,2168.1,1,240
UG-MBL-0002,coffee,2025-12-20T00:00:00,26.193,18.16,1.631,52.001,38.2,24.5,218.3,1.807,14.507,13,0.626,2315.4,1,239
UG-MBL-0002,coffee,2025-12-21T00:00:00,26.003,17.14,1.624,51.729,38.1,24.4,218.8,1.997,15.527,14,0.547,2024.3,1,238
UG-MBL-0002,coffee,2025-12-22T00:00:00,26.273,17.15,1.625,51.857,37.8,24.3,219.1,1.727,15.517,15,0.593,2192.5,1,237
UG-MBL-0002,coffee,2025-12-23T00:00:00,26.101,23.94,2.625,52.694,37.7,24.4,218.6,1.899,8.727,16,0.613,2268.0,1,234
UG-MBL-0002,coffee,2025-12-24T00:00:00,26.277,24.06,1.857,53.491,37.4,24.4,218.7,1.723,8.607,17,0.628,2323.4,1,232
UG-MBL-0002,coffee,2025-12-25T00:00:00,26.664,24.47,2.778,53.163,37.4,24.3,218.8,1.336,8.197,18,0.692,2559.7,1,231
UG-MBL-0002,coffee,2025-12-26T00:00:00,26.666,28.99,2.183,51.861,37.3,24.4,218.8,1.334,3.677,19,0.633,2340.6,1,227
UG-MBL-0002,coffee,2025-12-27T00:00:00,26.92,30.54,2.089,53.119,37.5,24.3,218.2,1.08,2.127,20,0.722,2672.5,2,225
UG-MBL-0002,coffee,2025-12-28T00:00:00,27.531,30.78,2.193,53.989,37.4,24.4,218.3,0.469,1.887,21,0.695,2573.1,1,224
UG-MBL-0002,coffee,2025-12-29T00:00:00,27.589,33.46,2.347,54.834,37.6,24.4,217.8,0.411,0.793,22,0.703,2600.6,2,222
UG-MBL-0002,coffee,2025-12-30T00:00:00,28.117,29.55,1.451,54.577,37.3,24.5,217.6,0.117,3.117,23,0.677,2503.7,1,221
UG-MBL-0002,coffee,2025-12-31T00:00:00,27.926,31.86,1.558,53.96,37.3,24.3,217.3,0.074,0.807,24,0.75,2775.7,2,219
UG-MBL-0002,coffee,2026-01-01T00:00:00,27.899,35.72,0.691,55.191,37.2,24.4,216.9,0.101,3.053,25,0.711,2632.4,2,218
UG-MBL-0002,coffee,2026-01-02T00:00:00,28.043,36.87,1.39,56.031,37.1,24.3,217.3,0.043,4.203,26,0.692,2559.5,1,218
UG-MBL-0002,coffee,2026-01-03T00:00:00,28.351,38.62,1.149,56.033,37.2,24.3,217.0,0.351,5.953,27,0.688,2547.4,1,218
UG-MBL-0002,coffee,2026-01-04T00:00:00,28.369,42.42,1.195,55.909,37.0,24.2,216.3,0.369,9.753,28,0.647,2393.4,1,219
UG-MBL-0002,coffee,2026-01-05T00:00:00,28.473,44.21,0.697,57.253,36.7,24.0,216.1,0.473,11.543,29,0.579,2143.1,1,219
UG-MBL-0002,coffee,2026-01-06T00:00:00,28.629,46.34,0.769,58.351,36.7,23.8,216.2,0.629,13.673,30,0.604,2233.4,1,219
UG-MBL-0002,coffee,2026-01-07T00:00:00,28.869,45.57,0.915,58.626,36.5,24.0,216.0,0.869,12.903,31,0.646,2389.1,1,218
UG-MBL-0002,coffee,2026-01-08T00:00:00,28.996,40.24,1.351,57.357,36.1,24.0,215.4,0.996,7.573,32,0.609,2251.5,1,215
UG-MBL-0002,coffee,2026-01-09T00:00:00,29.511,40.52,1.124,59.261,36.2,24.1,215.2,1.511,7.853,33,0.614,2271.8,1,215
UG-MBL-0002,coffee,2026-01-10T00:00:00,29.806,39.38,1.109,59.031,35.7,24.0,215.5,1.806,6.713,34,0.637,2355.2,1,213
UG-MBL-0002,coffee,2026-01-11T00:00:00,29.746,39.41,1.112,58.946,35.8,23.9,215.4,1.746,6.743,35,0.628,2324.2,1,212
UG-MBL-0002,coffee,2026-01-12T00:00:00,29.899,38.76,2.388,57.996,35.8,24.1,214.8,1.899,6.093,36,0.642,2377.0,1,212
UG-MBL-0002,coffee,2026-01-13T00:00:00,30.134,40.88,2.873,58.15,35.6,23.9,215.0,2.134,8.213,37,0.586,2168.0,1,213
UG-MBL-0002,coffee,2026-01-14T00:00:00,30.497,41.45,3.096,57.156,35.6,23.6,215.0,2.497,8.783,38,0.594,2197.7,1,213
UG-MBL-0002,coffee,2026-01-15T00:00:00,30.564,41.76,3.137,59.097,35.6,23.4,214.3,2.564,9.093,39,0.599,2215.6,1,212
UG-MBL-0002,coffee,2026-01-16T00:00:00,30.274,45.37,3.555,57.981,35.2,23.2,213.5,2.274,12.703,40,0.59,2183.3,1,213
UG-MBL-0002,coffee,2026-01-17T00:00:00,30.281,46.91,3.541,58.61,35.1,23.1,213.2,2.281,14.243,41,0.595,2200.2,1,213
UG-MBL-0002,coffee,2026-01-18T00:00:00,30.439,47.46,3.524,58.274,35.0,23.1,213.1,2.439,14.793,42,0.542,2006.8,1,212
UG-MBL-0002,coffee,2026-01-19T00:00:00,30.553,50.01,5.135,59.183,34.7,23.0,213.4,2.553,17.343,43,0.575,2129.2,1,213
UG-MBL-0002,coffee,2026-01-20T00:00:00,30.121,51.04,5.014,58.737,34.7,22.9,213.1,2.121,18.373,44,0.511,1891.9,1,212
UG-MBL-0002,coffee,2026-01-21T00:00:00,29.927,54.94,4.896,59.294,34.4,23.0,213.2,1.927,22.273,45,0.514,1900.7,1,213
UG-MBL-0002,coffee,2026-01-22T00:00:00,29.899,59.57,4.91,59.699,34.4,23.1,213.6,1.899,26.903,46,0.51,1888.1,1,214
UG-MBL-0002,coffee,2026-01-23T00:00:00,30.024,50.97,3.087,60.606,34.4,22.8,213.4,2.024,18.303,47,0.531,1966.2,1,208
UG-MBL-0002,coffee,2026-01-24T00:00:00,30.18,49.1,4.634,60.419,34.3,22.9,213.3,2.18,16.433,48,0.491,1816.4,1,207
UG-MBL-0002,coffee,2026-01-25T00:00:00,30.19,45.89,4.261,61.334,34.2,22.9,213.1,2.19,13.223,49,0.562,2078.3,1,204
UG-MBL-0002,coffee,2026-01-26T00:00:00,30.36,46.4,3.566,60.997,34.1,23.1,212.9,2.36,13.733,50,0.538,1990.2,1,203
UG-MBL-0002,coffee,2026-01-27T00:00:00,30.584,47.61,3.569,62.211,33.8,23.3,212.5,2.584,14.943,51,0.534,1976.6,1,203
UG-MBL-0002,coffee,2026-01-28T00:00:00,30.981,44.87,3.528,63.88,33.8,23.3,212.2,2.981,12.203,52,0.618,2286.6,1,201
UG-MBL-0002,coffee,2026-01-29T00:00:00,31.096,46.53,3.656,63.364,33.6,23.2,212.4,3.096,13.863,53,0.505,1868.7,1,201
UG-MBL-0002,coffee,2026-01-30T00:00:00,31.497,52.86,3.789,64.271,33.4,23.4,212.2,3.497,20.193,54,0.493,1825.2,1,204
UG-MBL-0002,coffee,2026-01-31T00:00:00,31.546,55.22,1.503,65.841,33.6,23.3,212.3,3.546,22.553,55,0.453,1676.1,1,203
UG-MBL-0002,coffee,2026-02-01T00:00:00,31.781,58.21,1.502,65.733,33.3,23.3,212.0,3.781,25.543,56,0.442,1633.9,1,203
UG-MBL-0002,coffee,2026-02-02T00:00:00,32.084,56.59,1.757,64.454,33.1,23.2,211.7,4.084,23.923,57,0.478,1768.4,1,202
UG-MBL-0002,coffee,2026-02-03T00:00:00,32.113,56.33,1.832,64.934,33.1,23.0,211.7,4.113,23.663,58,0.466,1722.4,1,201
UG-MBL-0002,coffee,2026-02-04T00:00:00,31.729,56.91,2.229,65.049,33.2,23.0,211.3,3.729,24.243,59,0.447,1655.3,1,200
UG-MBL-0002,coffee,2026-02-05T00:00:00,31.99,53.36,2.085,65.67,33.0,23.1,210.9,3.99,20.693,60,0.46,1700.9,1,198
UG-MBL-0002,coffee,2026-02-06T00:00:00,31.747,53.09,1.538,65.22,32.8,23.1,210.7,3.747,20.423,61,0.498,1841.9,1,196
UG-MBL-0002,coffee,2026-02-07T00:00:00,31.75,49.38,2.177,64.016,32.5,23.0,210.5,3.75,16.713,62,0.563,2082.2,1,194
UG-MBL-0002,coffee,2026-02-08T00:00:00,31.844,51.17,1.827,64.637,32.3,22.9,211.2,3.844,18.503,63,0.47,1740.7,1,193
UG-MBL-0002,coffee,2026-02-09T00:00:00,31.683,53.84,2.56,66.173,32.0,22.9,210.9,3.683,21.173,64,0.529,1958.4,1,194
UG-MBL-0002,coffee,2026-02-10T00:00:00,31.867,52.74,2.243,66.384,31.9,22.9,210.8,3.867,20.073,65,0.516,1907.9,1,192
UG-MBL-0002,coffee,2026-02-11T00:00:00,32.167,51.69,1.715,66.374,31.6,22.9,210.9,4.167,19.023,66,0.527,1949.2,1,191
UG-MBL-0002,coffee,2026-02-12T00:00:00,32.426,52.95,1.817,66.2,31.6,22.8,210.4,4.426,20.283,67,0.48,1774.6,1,191
UG-MBL-0002,coffee,2026-02-13T00:00:00,32.249,55.49,2.516,67.063,31.5,22.7,210.7,4.249,22.823,68,0.482,1784.7,1,191
UG-MBL-0002,coffee,2026-02-14T00:00:00,32.434,58.07,1.338,68.291,31.4,22.6,210.7,4.434,25.403,69,0.401,1485.5,1,191
UG-MBL-0002,coffee,2026-02-15T00:00:00,31.937,54.62,1.347,66.729,31.3,22.7,210.0,3.937,21.953,70,0.446,1651.4,1,188
UG-MBL-0002,coffee,2026-02-16T00:00:00,32.12,55.09,2.049,68.011,31.5,22.6,209.6,4.12,22.423,71,0.478,1766.8,1,188
UG-MBL-0002,coffee,2026-02-17T00:00:00,32.1,59.08,2.327,67.393,31.5,22.5,209.5,4.1,26.413,72,0.43,1589.2,1,189
UG-MBL-0002,coffee,2026-02-18T00:00:00,32.253,61.35,2.221,66.089,31.3,22.4,209.3,4.253,28.683,73,0.395,1460.8,0,189
UG-MBL-0002,coffee,2026-02-19T00:00:00,31.884,59.21,2.297,66.033,31.1,22.3,209.6,3.884,26.543,74,0.345,1277.9,0,187
UG-MBL-0002,coffee,2026-02-20T00:00:00,31.811,55.76,2.022,65.017,31.1,22.1,209.5,3.811,23.093,75,0.437,1617.5,1,184
UG-MBL-0002,coffee,2026-02-21T00:00:00,31.586,55.64,1.925,63.75,30.9,22.0,209.3,3.586,22.973,76,0.419,1548.9,1,182
UG-MBL-0002,coffee,2026-02-22T00:00:00,32.004,56.73,3.009,64.506,30.6,21.7,208.8,4.004,24.063,77,0.444,1641.6,1,183
UG-MBL-0002,coffee,2026-02-23T00:00:00,31.871,50.82,2.301,63.916,30.4,21.7,209.5,3.871,18.153,78,0.476,1761.6,1,179
UG-MBL-0002,coffee,2026-02-24T00:00:00,32.027,44.55,1.975,62.434,30.2,21.6,209.1,4.027,11.883,79,0.512,1892.7,1,174
UG-MBL-0002,coffee,2026-02-25T00:00:00,31.703,43.54,1.693,62.42,30.2,21.7,208.7,3.703,10.873,80,0.625,2312.2,1,172
UG-MBL-0002,coffee,2026-02-26T00:00:00,31.961,46.2,1.334,62.893,30.3,21.6,208.6,3.961,13.533,81,0.555,2052.4,1,173
UG-MBL-0002,coffee,2026-02-27T00:00:00,32.056,45.2,1.121,62.639,30.0,21.7,208.4,4.056,12.533,82,0.563,2083.6,1,171
UG-MBL-0002,coffee,2026-02-28T00:00:00,31.734,44.72,1.367,63.176,29.9,21.9,207.7,3.734,12.053,83,0.603,2232.9,1,170
UG-MBL-0002,coffee,2026-03-01T00:00:00,31.836,43.28,0.347,64.824,29.8,22.0,208.3,3.836,10.613,84,0.584,2160.8,1,167
UG-MBL-0002,coffee,2026-03-02T00:00:00,31.631,45.66,0.973,64.254,29.8,22.0,207.9,3.631,12.993,85,0.512,1895.3,1,167
UG-MBL-0002,coffee,2026-03-03T00:00:00,31.556,49.74,2.066,64.457,29.8,22.0,207.8,3.556,17.073,86,0.469,1734.3,1,169
UG-MBL-0002,coffee,2026-03-04T00:00:00,31.447,49.43,2.379,64.543,29.8,22.1,208.3,3.447,16.763,87,0.527,1948.6,1,168
UG-MBL-0002,coffee,2026-03-05T00:00:00,31.064,45.67,2.381,63.294,29.8,22.1,207.7,3.064,13.003,88,0.471,1744.1,1,165
UG-MBL-0002,coffee,2026-03-06T00:00:00,30.996,48.14,2.314,62.46,29.7,22.0,207.6,2.996,15.473,89,0.512,1894.3,1,165
UG-MBL-0002,coffee,2026-03-07T00:00:00,31.31,46.69,2.29,62.079,29.7,21.9,207.7,3.31,14.023,90,0.455,1685.0,1,164
UG-MBL-0002,coffee,2026-03-08T00:00:00,31.331,46.98,2.451,61.11,29.7,21.8,207.3,3.331,14.313,91,0.52,1922.2,1,163
UG-MBL-0002,coffee,2026-03-09T00:00:00,31.339,43.9,1.804,59.891,29.4,21.8,207.4,3.339,11.233,92,0.57,2109.4,1,160
UG-MBL-0002,coffee,2026-03-10T00:00:00,31.483,41.84,0.982,59.576,29.2,21.6,207.4,3.483,9.173,93,0.572,2117.3,1,157
UG-MBL-0002,coffee,2026-03-11T00:00:00,31.431,37.83,0.428,60.104,28.9,21.5,207.5,3.431,5.163,94,0.63,2330.3,1,154
UG-MBL-0002,coffee,2026-03-12T00:00:00,31.28,40.13,2.533,61.231,28.9,21.3,207.8,3.28,7.463,95,0.625,2311.3,1,156
UG-MBL-0002,coffee,2026-03-13T00:00:00,31.203,44.35,2.548,60.493,28.7,21.3,208.0,3.203,11.683,96,0.529,1955.5,1,157
UG-MBL-0002,coffee,2026-03-14T00:00:00,31.03,43.91,2.689,60.511,28.6,21.3,207.8,3.03,11.243,97,0.622,2300.9,1,155
UG-MBL-0002,coffee,2026-03-15T00:00:00,30.73,46.21,2.565,59.717,28.4,21.3,207.3,2.73,13.543,98,0.529,1959.0,1,155
UG-MBL-0002,coffee,2026-03-16T00:00:00,30.536,51.54,2.413,58.73,28.7,21.4,206.8,2.536,18.873,99,0.514,1902.3,1,156
UG-MBL-0002,coffee,2026-03-17T00:00:00,30.059,51.0,2.351,60.203,28.7,21.4,206.7,2.059,18.333,100,0.479,1774.0,1,154
UG-MBL-0002,coffee,2026-03-18T00:00:00,29.949,56.64,2.391,59.811,28.4,21.4,206.1,1.949,23.973,101,0.501,1854.0,1,156
UG-MBL-0002,coffee,2026-03-19T00:00:00,29.977,58.86,0.217,59.413,28.1,21.5,205.6,1.977,26.193,102,0.486,1797.2,1,154
UG-MBL-0002,coffee,2026-03-20T00:00:00,29.713,54.68,0.259,60.873,28.0,21.5,205.3,1.713,22.013,103,0.535,1978.3,1,150
UG-MBL-0002,coffee,2026-03-21T00:00:00,29.474,56.43,0.421,60.92,28.1,21.4,205.3,1.474,23.763,104,0.479,1772.7,1,150
UG-MBL-0002,coffee,2026-03-22T00:00:00,29.463,51.77,0.45,60.534,28.1,21.2,205.4,1.463,19.103,105,0.476,1761.1,1,147
UG-MBL-0002,coffee,2026-03-23T00:00:00,29.316,44.58,0.317,61.901,27.6,21.0,205.4,1.316,11.913,106,0.587,2170.8,1,142
UG-MBL-0002,coffee,2026-03-24T00:00:00,29.349,41.35,0.801,60.576,27.4,21.1,205.2,1.349,8.683,107,0.54,1997.0,1,140
UG-MBL-0002,coffee,2026-03-25T00:00:00,29.203,39.68,1.457,58.946,27.6,21.0,205.4,1.203,7.013,108,0.59,2184.7,1,139
UG-MBL-0002,coffee,2026-03-26T00:00:00,28.867,37.11,2.974,59.231,27.7,21.0,205.4,0.867,4.443,109,0.622,2300.5,1,138
UG-MBL-0002,coffee,2026-03-27T00:00:00,29.086,35.65,2.967,58.584,27.7,21.1,205.2,1.086,2.983,110,0.696,2576.0,1,136
UG-MBL-0002,coffee,2026-03-28T00:00:00,28.974,29.82,2.822,57.217,27.4,21.0,205.0,0.974,2.847,111,0.636,2354.1,1,135
UG-MBL-0002,coffee,2026-03-29T00:00:00,28.537,30.88,4.581,56.993,27.4,21.0,205.1,0.537,1.787,112,0.637,2355.7,1,134
UG-MBL-0002,coffee,2026-03-30T00:00:00,28.391,33.35,4.568,55.541,27.2,21.0,205.1,0.391,0.683,113,0.641,2371.0,1,132
UG-MBL-0002,coffee,2026-03-31T00:00:00,28.149,35.87,4.867,55.653,27.2,20.9,205.0,0.149,3.203,114,0.584,2161.4,1,133
UG-MBL-0002,coffee,2026-04-01T00:00:00,27.961,33.61,4.995,57.214,27.2,20.9,204.9,0.039,0.943,115,0.646,2391.0,1,130
UG-MBL-0002,coffee,2026-04-02T00:00:00,28.049,31.29,2.84,55.36,27.1,20.9,204.8,0.049,1.377,116,0.654,2418.5,1,128
UG-MBL-0002,coffee,2026-04-03T00:00:00,27.71,30.82,2.659,53.624,26.6,20.6,204.3,0.29,1.847,117,0.612,2263.0,1,128
UG-MBL-0002,coffee,2026-04-04T00:00:00,27.573,32.73,2.682,54.816,26.6,20.7,204.3,0.427,0.063,118,0.617,2283.8,1,126
UG-MBL-0002,coffee,2026-04-05T00:00:00,27.386,31.86,2.923,54.957,26.4,20.5,204.1,0.614,0.807,119,0.627,2318.5,1,126
UG-MBL-0002,coffee,2026-04-06T00:00:00,27.447,30.01,2.895,56.38,26.3,20.6,203.5,0.553,2.657,120,0.629,2327.8,1,126
UG-MBL-0002,coffee,2026-04-07T00:00:00,27.37,28.79,2.856,55.747,26.1,20.6,203.0,0.63,3.877,121,0.602,2226.7,1,125
UG-MBL-0002,coffee,2026-04-08T00:00:00,27.446,27.89,0.754,53.68,25.7,20.5,203.2,0.554,4.777,122,0.592,2190.4,1,123
UG-MBL-0002,coffee,2026-04-09T00:00:00,27.421,27.89,0.768,53.583,25.6,20.3,203.4,0.579,4.777,123,0.63,2332.0,1,122
UG-MBL-0002,coffee,2026-04-10T00:00:00,27.474,26.85,1.102,54.29,25.8,20.3,203.5,0.526,5.817,124,0.628,2323.6,1,121
UG-MBL-0002,coffee,2026-04-11T00:00:00,27.33,30.15,1.094,52.031,25.5,20.3,203.2,0.67,2.517,125,0.638,2361.7,1,119
UG-MBL-0002,coffee,2026-04-12T00:00:00,27.407,29.16,0.844,52.284,25.4,20.3,202.8,0.593,3.507,126,0.613,2267.7,1,118
UG-MBL-0002,coffee,2026-04-13T00:00:00,26.951,33.53,0.461,51.166,25.4,20.0,202.8,1.049,0.863,127,0.666,2462.8,1,116
UG-MBL-0002,coffee,2026-04-14T00:00:00,26.659,34.2,0.383,51.627,25.2,20.0,203.0,1.341,1.533,128,0.633,2341.3,1,115
UG-MBL-0002,coffee,2026-04-15T00:00:00,26.594,31.95,1.058,51.436,25.3,20.0,202.4,1.406,0.717,129,0.6,2219.5,1,115
UG-MBL-0002,coffee,2026-04-16T00:00:00,26.499,31.17,0.995,51.21,25.0,20.2,201.5,1.501,1.497,130,0.659,2439.1,1,114
UG-MBL-0002,coffee,2026-04-17T00:00:00,26.287,29.65,2.171,50.747,24.8,20.1,201.9,1.713,3.017,131,0.613,2267.3,1,116
UG-MBL-0002,coffee,2026-04-18T00:00:00,25.901,23.05,2.468,51.133,24.9,20.1,201.3,2.099,9.617,132,0.538,1990.0,1,118
UG-MBL-0002,coffee,2026-04-19T00:00:00,25.826,20.13,2.956,49.901,24.9,20.2,201.2,2.174,12.537,133,0.467,1728.5,1,119
UG-MBL-0002,coffee,2026-04-20T00:00:00,25.867,19.79,2.363,49.453,24.8,20.1,201.0,2.133,12.877,134,0.493,1824.3,1,118
UG-MBL-0002,coffee,2026-04-21T00:00:00,25.886,17.33,1.449,48.54,24.9,20.0,200.8,2.114,15.337,135,0.563,2081.3,1,117
UG-MBL-0002,coffee,2026-04-22T00:00:00,25.73,17.82,2.23,49.024,24.9,20.0,201.1,2.27,14.847,136,0.453,1674.6,1,117
UG-MBL-0002,coffee,2026-04-23T00:00:00,25.421,16.58,2.254,49.169,24.8,19.7,201.8,2.579,16.087,137,0.475,1756.2,1,117
UG-MBL-0002,coffee,2026-04-24T00:00:00,25.511,13.45,2.373,49.753,24.7,19.7,200.8,2.489,19.217,138,0.456,1688.5,1,117
UG-MBL-0002,coffee,2026-04-25T00:00:00,25.903,17.21,2.814,49.691,24.6,19.6,201.2,2.097,15.457,139,0.499,1845.6,1,114
UG-MBL-0002,coffee,2026-04-26T00:00:00,25.744,23.35,1.729,48.183,24.7,19.6,200.8,2.256,9.317,140,0.498,1843.9,1,110
UG-MBL-0002,coffee,2026-04-27T00:00:00,25.536,21.07,1.66,47.98,24.7,19.5,201.0,2.464,11.597,141,0.527,1951.6,1,110
UG-MBL-0002,coffee,2026-04-28T00:00:00,25.164,21.63,0.919,47.663,24.4,19.6,200.8,2.836,11.037,142,0.476,1761.1,1,109
UG-MBL-0002,coffee,2026-04-29T00:00:00,24.996,19.94,1.682,47.729,24.4,19.4,200.2,3.004,12.727,143,0.506,1871.7,1,109
UG-MBL-0002,coffee,2026-04-30T00:00:00,24.866,21.46,1.601,46.627,24.3,19.4,199.4,3.134,11.207,144,0.493,1825.3,1,108
UG-MBL-0002,coffee,2026-05-01T00:00:00,24.379,21.46,1.522,46.171,24.3,19.2,199.6,3.621,11.207,145,0.479,1773.7,1,107
UG-MBL-0002,coffee,2026-05-02T00:00:00,24.346,18.64,1.107,46.287,24.4,19.2,199.1,3.654,14.027,146,0.511,1890.6,1,107
UG-MBL-0002,coffee,2026-05-03T00:00:00,24.479,16.24,1.948,47.273,24.1,19.1,199.4,3.521,16.427,147,0.453,1676.4,1,108
UG-MBL-0002,coffee,2026-05-04T00:00:00,24.686,15.31,2.071,46.107,24.0,19.1,199.1,3.314,17.357,148,0.469,1733.8,1,107
UG-MBL-0002,coffee,2026-05-05T00:00:00,24.857,19.39,2.658,46.669,24.2,19.1,199.1,3.143,13.277,149,0.502,1856.3,1,105
UG-MBL-0002,coffee,2026-05-06T00:00:00,24.676,21.65,2.983,46.374,24.0,19.2,199.1,3.324,11.017,150,0.538,1991.1,1,103
UG-MBL-0002,coffee,2026-05-07T00:00:00,24.597,18.8,3.29,46.884,24.1,19.2,199.7,3.403,13.867,151,0.439,1623.2,1,104
UG-MBL-0002,coffee,2026-05-08T00:00:00,24.714,18.8,3.272,45.99,24.0,19.4,199.7,3.286,13.867,152,0.505,1868.5,1,102
UG-MBL-0002,coffee,2026-05-09T00:00:00,24.46,18.74,3.918,46.166,23.9,19.4,199.7,3.54,13.927,153,0.47,1738.9,1,102
UG-MBL-0002,coffee,2026-05-10T00:00:00,24.186,17.93,4.066,46.284,24.0,19.4,198.9,3.814,14.737,154,0.447,1652.1,1,102
UG-MBL-0002,coffee,2026-05-11T00:00:00,24.25,14.67,3.874,47.744,23.7,19.6,199.0,3.75,17.997,155,0.399,1476.1,0,102
UG-MBL-0002,coffee,2026-05-12T00:00:00,24.28,10.67,2.962,47.4,23.6,19.5,198.2,3.72,21.997,156,0.424,1568.1,1,103
UG-MBL-0002,coffee,2026-05-13T00:00:00,24.361,8.34,1.152,45.871,23.6,19.4,198.2,3.639,24.327,157,0.373,1379.5,0,101
UG-MBL-0002,coffee,2026-05-14T00:00:00,24.344,8.34,1.435,46.366,23.4,19.3,197.7,3.656,24.327,158,0.412,1523.3,1,100
UG-MBL-0002,coffee,2026-05-15T00:00:00,24.4,12.91,2.091,46.321,23.1,19.1,197.7,3.6,19.757,159,0.485,1792.9,1,98
UG-MBL-0002,coffee,2026-05-16T00:00:00,24.236,14.21,1.873,45.599,23.0,19.0,197.5,3.764,18.457,160,0.464,1717.9,1,96
UG-MBL-0002,coffee,2026-05-17T00:00:00,24.07,14.8,2.739,43.94,22.7,18.9,197.8,3.93,17.867,161,0.472,1745.6,1,96
UG-MBL-0002,coffee,2026-05-18T00:00:00,23.87,14.8,3.022,42.7,22.7,18.8,197.3,4.13,17.867,162,0.403,1490.8,1,95
UG-MBL-0002,coffee,2026-05-19T00:00:00,23.783,11.8,2.784,43.691,22.8,18.6,197.8,4.217,20.867,163,0.423,1566.9,1,96
UG-MBL-0002,coffee,2026-05-20T00:00:00,23.846,15.12,2.832,45.873,22.5,18.6,197.6,4.154,17.547,164,0.392,1449.6,0,93
UG-MBL-0002,coffee,2026-05-21T00:00:00,23.977,17.5,2.492,45.276,22.3,18.6,197.7,4.023,15.167,165,0.442,1634.9,1,90
UG-MBL-0002,coffee,2026-05-22T00:00:00,23.867,12.93,1.755,45.92,22.4,18.6,197.8,4.133,19.737,166,0.469,1733.6,1,91
UG-MBL-0002,coffee,2026-05-23T00:00:00,23.98,10.57,1.838,45.969,22.3,18.7,197.6,4.02,22.097,167,0.38,1406.0,0,91
UG-MBL-0002,coffee,2026-05-24T00:00:00,24.124,7.71,1.755,46.183,22.5,18.9,197.3,3.876,24.957,168,0.413,1528.5,1,91
UG-MBL-0002,coffee,2026-05-25T00:00:00,24.27,10.02,1.167,47.164,22.4,18.8,197.2,3.73,22.647,169,0.435,1608.6,1,88
UG-MBL-0002,coffee,2026-05-26T00:00:00,24.121,10.57,1.332,45.524,22.3,19.0,196.7,3.879,22.097,170,0.437,1617.6,1,88
UG-MBL-0002,coffee,2026-05-27T00:00:00,24.061,10.04,0.904,44.557,22.4,19.0,196.0,3.939,22.627,171,0.366,1355.4,0,86
UG-MBL-0002,coffee,2026-05-28T00:00:00,24.193,8.02,1.006,44.394,22.5,18.9,195.8,3.807,24.647,172,0.405,1497.5,1,86
UG-MBL-0002,coffee,2026-05-29T00:00:00,24.65,8.02,1.361,44.344,22.5,18.9,195.8,3.35,24.647,173,0.387,1433.1,0,85
UG-MBL-0002,coffee,2026-05-30T00:00:00,24.534,8.78,1.372,45.701,22.6,18.8,195.6,3.466,23.887,174,0.429,1587.0,1,84
UG-MBL-0002,coffee,2026-05-31T00:00:00,24.743,9.82,1.184,46.99,22.1,18.6,195.6,3.257,22.847,175,0.357,1321.5,0,82
UG-MBL-0002,coffee,2026-06-01T00:00:00,24.607,7.51,1.712,47.494,22.1,18.6,195.9,3.393,25.157,176,0.393,1453.1,0,83
UG-MBL-0002,coffee,2026-06-02T00:00:00,24.866,9.88,1.278,47.914,21.8,18.4,195.7,3.134,22.787,177,0.413,1527.5,1,80
UG-MBL-0002,coffee,2026-06-03T00:00:00,25.361,7.09,1.456,47.071,21.7,18.4,196.0,2.639,25.577,178,0.33,1219.4,0,80
UG-MBL-0002,coffee,2026-06-04T00:00:00,25.249,9.62,1.524,47.271,21.4,18.3,195.4,2.751,23.047,179,0.379,1401.1,0,78
UG-MBL-0003,coffee,2025-12-13T00:00:00,25.333,14.07,8.688,49.503,39.7,24.9,219.3,2.667,18.597,6,0.546,928.6,1,253
UG-MBL-0003,coffee,2025-12-14T00:00:00,25.394,10.98,6.021,49.774,39.5,24.9,218.8,2.606,21.687,7,0.565,960.0,1,252
UG-MBL-0003,coffee,2025-12-15T00:00:00,25.593,14.37,4.627,50.961,39.4,24.9,218.9,2.407,18.297,8,0.639,1085.7,1,248
UG-MBL-0003,coffee,2025-12-16T00:00:00,25.879,11.74,4.852,49.64,39.4,24.8,218.8,2.121,20.927,9,0.61,1036.3,1,248
UG-MBL-0003,coffee,2025-12-17T00:00:00,26.257,12.87,5.062,48.23,39.2,24.7,218.7,1.743,19.797,10,0.622,1056.7,1,246
UG-MBL-0003,coffee,2025-12-18T00:00:00,26.287,15.25,3.758,48.521,39.0,24.6,218.5,1.713,17.417,11,0.61,1036.2,1,244
UG-MBL-0003,coffee,2025-12-19T00:00:00,26.283,14.65,1.047,47.009,38.9,24.7,218.4,1.717,18.017,12,0.688,1168.9,1,241
UG-MBL-0003,coffee,2025-12-20T00:00:00,26.38,17.06,1.247,48.03,38.8,24.6,218.1,1.62,15.607,13,0.671,1141.4,1,239
UG-MBL-0003,coffee,2025-12-21T00:00:00,26.576,22.01,1.491,49.114,38.7,24.5,218.2,1.424,10.657,14,0.712,1211.2,2,235
UG-MBL-0003,coffee,2025-12-22T00:00:00,26.453,23.5,1.542,47.854,38.5,24.4,218.2,1.547,9.167,15,0.748,1272.1,2,234
UG-MBL-0003,coffee,2025-12-23T00:00:00,26.47,28.82,1.429,49.879,38.4,24.5,217.9,1.53,3.847,16,0.734,1247.3,2,230
UG-MBL-0003,coffee,2025-12-24T00:00:00,26.509,29.14,1.439,49.554,38.2,24.5,217.7,1.491,3.527,17,0.773,1313.3,2,229
UG-MBL-0003,coffee,2025-12-25T00:00:00,26.576,30.84,3.068,51.864,37.9,24.6,217.8,1.424,1.827,18,0.781,1328.3,2,228
UG-MBL-0003,coffee,2025-12-26T00:00:00,26.883,34.45,3.561,52.989,37.8,24.5,217.7,1.117,1.783,19,0.753,1280.9,2,227
UG-MBL-0003,coffee,2025-12-27T00:00:00,27.011,36.36,4.231,52.216,37.7,24.4,217.7,0.989,3.693,20,0.772,1312.0,2,227
UG-MBL-0003,coffee,2025-12-28T00:00:00,26.966,36.91,3.519,51.49,37.6,24.3,217.4,1.034,4.243,21,0.764,1298.7,2,226
UG-MBL-0003,coffee,2025-12-29T00:00:00,27.084,36.92,4.076,51.026,37.5,24.2,217.2,0.916,4.253,22,0.745,1266.0,2,225
UG-MBL-0003,coffee,2025-12-30T00:00:00,27.167,35.7,3.82,50.839,37.4,24.2,217.0,0.833,3.033,23,0.755,1283.7,2,224
UG-MBL-0003,coffee,2025-12-31T00:00:00,27.341,34.82,1.88,51.61,37.3,24.2,217.1,0.659,2.153,24,0.796,1352.8,2,221
UG-MBL-0003,coffee,2026-01-01T00:00:00,27.67,32.89,2.274,51.751,37.3,24.1,217.0,0.33,0.223,25,0.821,1395.6,2,219
UG-MBL-0003,coffee,2026-01-02T00:00:00,27.911,32.4,2.574,53.62,37.1,24.0,216.7,0.089,0.267,26,0.799,1358.9,2,218
UG-MBL-0003,coffee,2026-01-03T00:00:00,28.341,34.99,2.731,54.997,36.8,24.0,216.0,0.341,2.323,27,0.809,1374.7,2,218
UG-MBL-0003,coffee,2026-01-04T00:00:00,28.677,33.27,2.738,55.926,36.8,24.0,215.8,0.677,0.603,28,0.803,1364.8,2,217
UG-MBL-0003,coffee,2026-01-05T00:00:00,29.08,33.3,1.787,58.109,36.8,23.9,215.4,1.08,0.633,29,0.729,1238.9,2,215
UG-MBL-0003,coffee,2026-01-06T00:00:00,29.38,33.68,1.664,57.583,36.8,23.8,215.5,1.38,1.013,30,0.733,1246.6,2,215
UG-MBL-0003,coffee,2026-01-07T00:00:00,29.473,38.14,1.709,58.394,36.7,23.8,215.4,1.473,5.473,31,0.773,1314.0,2,216
UG-MBL-0003,coffee,2026-01-08T00:00:00,29.187,41.96,2.424,57.467,36.5,23.7,215.4,1.187,9.293,32,0.698,1186.0,1,217
UG-MBL-0003,coffee,2026-01-09T00:00:00,29.276,41.87,3.06,57.006,36.3,23.7,215.2,1.276,9.203,33,0.705,1197.8,2,217
UG-MBL-0003,coffee,2026-01-10T00:00:00,29.123,40.77,2.349,56.409,36.3,23.6,215.4,1.123,8.103,34,0.749,1273.4,2,214
UG-MBL-0003,coffee,2026-01-11T00:00:00,29.276,43.57,2.678,56.284,36.1,23.6,215.3,1.276,10.903,35,0.687,1167.5,1,215
UG-MBL-0003,coffee,2026-01-12T00:00:00,29.23,43.27,3.423,55.687,35.8,23.6,215.3,1.23,10.603,36,0.686,1165.8,1,215
UG-MBL-0003,coffee,2026-01-13T00:00:00,29.28,41.53,2.483,55.781,35.5,23.5,215.1,1.28,8.863,37,0.676,1148.5,1,212
UG-MBL-0003,coffee,2026-01-14T00:00:00,29.29,39.59,1.932,55.936,35.4,23.4,214.8,1.29,6.923,38,0.731,1242.5,2,210
UG-MBL-0003,coffee,2026-01-15T00:00:00,29.587,38.07,1.929,57.484,35.1,23.4,214.4,1.587,5.403,39,0.744,1264.1,2,208
UG-MBL-0003,coffee,2026-01-16T00:00:00,29.564,39.73,4.417,57.131,35.0,23.3,214.4,1.564,7.063,40,0.68,1156.6,1,210
UG-MBL-0003,coffee,2026-01-17T00:00:00,29.719,38.01,4.42,57.93,34.8,23.3,214.1,1.719,5.343,41,0.681,1157.4,1,208
UG-MBL-0003,coffee,2026-01-18T00:00:00,29.947,38.69,4.466,58.863,34.7,23.2,214.1,1.947,6.023,42,0.777,1321.2,2,208
UG-MBL-0003,coffee,2026-01-19T00:00:00,30.174,37.48,3.315,59.324,34.7,23.2,213.9,2.174,4.813,43,0.708,1203.4,2,206
UG-MBL-0003,coffee,2026-01-20T00:00:00,30.34,35.98,3.558,59.813,34.7,23.2,213.8,2.34,3.313,44,0.698,1187.3,1,204
UG-MBL-0003,coffee,2026-01-21T00:00:00,30.503,40.73,2.887,61.551,34.6,23.2,213.5,2.503,8.063,45,0.703,1194.4,2,205
UG-MBL-0003,coffee,2026-01-22T00:00:00,30.87,43.44,4.309,60.634,34.5,23.2,213.2,2.87,10.773,46,0.644,1095.6,1,207
UG-MBL-0003,coffee,2026-01-23T00:00:00,30.9,44.97,2.662,60.831,34.4,23.3,212.9,2.9,12.303,47,0.61,1036.4,1,206
UG-MBL-0003,coffee,2026-01-24T00:00:00,31.017,48.98,2.438,61.314,34.3,23.2,212.6,3.017,16.313,48,0.623,1059.3,1,207
UG-MBL-0003,coffee,2026-01-25T00:00:00,30.996,47.94,2.152,60.706,34.1,23.3,212.8,2.996,15.273,49,0.593,1008.5,1,205
UG-MBL-0003,coffee,2026-01-26T00:00:00,30.937,47.09,2.19,60.571,33.9,23.1,212.5,2.937,14.423,50,0.672,1141.8,1,203
UG-MBL-0003,coffee,2026-01-27T00:00:00,30.86,50.62,2.143,59.87,33.5,23.0,212.5,2.86,17.953,51,0.611,1038.1,1,204
UG-MBL-0003,coffee,2026-01-28T00:00:00,30.691,46.8,0.734,59.506,33.3,23.0,212.6,2.691,14.133,52,0.632,1074.5,1,200
UG-MBL-0003,coffee,2026-01-29T00:00:00,30.394,47.26,0.537,60.873,33.6,22.9,212.9,2.394,14.593,53,0.647,1100.6,1,198
UG-MBL-0003,coffee,2026-01-30T00:00:00,30.506,45.94,0.402,61.57,33.4,22.8,212.6,2.506,13.273,54,0.681,1157.4,1,196
UG-MBL-0003,coffee,2026-01-31T00:00:00,30.741,41.74,0.548,61.311,33.4,22.7,212.7,2.741,9.073,55,0.687,1167.9,1,194
UG-MBL-0003,coffee,2026-02-01T00:00:00,30.667,44.12,0.595,63.421,33.3,22.7,212.3,2.667,11.453,56,0.726,1234.1,2,194
UG-MBL-0003,coffee,2026-02-02T00:00:00,30.944,50.17,0.872,63.881,33.2,22.7,212.4,2.944,17.503,57,0.64,1088.3,1,197
UG-MBL-0003,coffee,2026-02-03T00:00:00,31.071,54.06,0.836,66.356,33.3,22.7,212.0,3.071,21.393,58,0.588,999.9,1,198
UG-MBL-0003,coffee,2026-02-04T00:00:00,31.53,58.39,0.875,65.093,33.2,22.5,211.8,3.53,25.723,59,0.502,853.9,1,199
UG-MBL-0003,coffee,2026-02-05T00:00:00,31.924,59.55,0.883,64.743,32.9,22.5,211.4,3.924,26.883,60,0.509,865.3,1,199
UG-MBL-0003,coffee,2026-02-06T00:00:00,31.693,56.67,0.877,66.046,32.8,22.5,211.7,3.693,24.003,61,0.554,942.4,1,197
UG-MBL-0003,coffee,2026-02-07T00:00:00,31.564,61.07,1.654,66.326,32.7,22.4,211.4,3.564,28.403,62,0.474,805.8,1,198
UG-MBL-0003,coffee,2026-02-08T00:00:00,31.624,57.84,1.766,65.997,32.6,22.4,211.1,3.624,25.173,63,0.561,953.1,1,196
UG-MBL-0003,coffee,2026-02-09T00:00:00,31.336,52.75,1.484,66.193,32.4,22.4,211.1,3.336,20.083,64,0.539,916.9,1,192
UG-MBL-0003,coffee,2026-02-10T00:00:00,31.397,48.1,1.768,65.971,32.2,22.4,211.4,3.397,15.433,65,0.583,991.0,1,189
UG-MBL-0003,coffee,2026-02-11T00:00:00,31.406,42.02,1.665,65.8,32.1,22.5,211.1,3.406,9.353,66,0.634,1078.2,1,185
UG-MBL-0003,coffee,2026-02-12T00:00:00,31.584,42.1,1.733,66.06,32.0,22.5,211.0,3.584,9.433,67,0.669,1136.8,1,184
UG-MBL-0003,coffee,2026-02-13T00:00:00,31.954,46.16,2.782,65.149,31.7,22.4,210.5,3.954,13.493,68,0.575,977.8,1,187
UG-MBL-0003,coffee,2026-02-14T00:00:00,32.276,41.73,2.068,65.714,31.4,22.4,210.4,4.276,9.063,69,0.58,985.4,1,183
UG-MBL-0003,coffee,2026-02-15T00:00:00,32.346,41.34,2.027,63.879,31.2,22.4,210.1,4.346,8.673,70,0.668,1135.5,1,182
UG-MBL-0003,coffee,2026-02-16T00:00:00,32.249,46.32,2.36,64.81,31.2,22.3,210.0,4.249,13.653,71,0.58,986.5,1,184
UG-MBL-0003,coffee,2026-02-17T00:00:00,32.043,48.42,2.242,64.756,31.0,22.2,209.2,4.043,15.753,72,0.547,930.4,1,184
UG-MBL-0003,coffee,2026-02-18T00:00:00,31.896,49.77,2.259,65.486,30.9,22.1,209.3,3.896,17.103,73,0.547,930.6,1,183
UG-MBL-0003,coffee,2026-02-19T00:00:00,31.533,49.76,1.578,65.536,30.8,22.2,209.2,3.533,17.093,74,0.632,1073.8,1,181
UG-MBL-0003,coffee,2026-02-20T00:00:00,31.277,48.37,1.189,65.929,30.9,22.1,209.0,3.277,15.703,75,0.579,983.8,1,179
UG-MBL-0003,coffee,2026-02-21T00:00:00,31.031,54.43,1.544,64.936,30.9,22.0,208.8,3.031,21.763,76,0.546,928.6,1,181
UG-MBL-0003,coffee,2026-02-22T00:00:00,30.981,56.24,1.005,65.821,30.8,21.9,209.0,2.981,23.573,77,0.526,895.0,1,180
UG-MBL-0003,coffee,2026-02-23T00:00:00,31.446,55.46,0.906,65.401,30.6,21.9,208.6,3.446,22.793,78,0.503,854.6,1,179
UG-MBL-0003,coffee,2026-02-24T00:00:00,31.791,58.57,1.034,65.566,30.6,21.9,208.9,3.791,25.903,79,0.486,826.1,1,180
UG-MBL-0003,coffee,2026-02-25T00:00:00,31.957,56.43,0.983,64.644,30.4,21.9,208.7,3.957,23.763,80,0.484,822.1,1,178
UG-MBL-0003,coffee,2026-02-26T00:00:00,32.153,55.31,2.15,63.141,30.4,21.8,208.5,4.153,22.643,81,0.547,930.6,1,178
UG-MBL-0003,coffee,2026-02-27T00:00:00,32.239,57.85,2.394,63.15,30.2,21.9,208.4,4.239,25.183,82,0.498,846.5,1,178
UG-MBL-0003,coffee,2026-02-28T00:00:00,32.314,56.29,3.362,63.126,30.2,21.8,208.6,4.314,23.623,83,0.574,976.4,1,177
UG-MBL-0003,coffee,2026-03-01T00:00:00,32.354,54.37,4.471,62.864,30.1,21.8,208.4,4.354,21.703,84,0.487,828.2,1,176
UG-MBL-0003,coffee,2026-03-02T00:00:00,32.14,52.12,4.462,62.981,30.2,21.6,208.1,4.14,19.453,85,0.503,855.8,1,174
UG-MBL-0003,coffee,2026-03-03T00:00:00,31.96,47.89,4.335,62.809,29.9,21.6,208.1,3.96,15.223,86,0.611,1039.2,1,171
UG-MBL-0003,coffee,2026-03-04T00:00:00,31.726,51.42,4.32,62.213,29.9,21.6,208.0,3.726,18.753,87,0.572,972.7,1,171
UG-MBL-0003,coffee,2026-03-05T00:00:00,31.629,51.72,3.231,63.153,29.8,21.4,207.8,3.629,19.053,88,0.555,944.3,1,169
UG-MBL-0003,coffee,2026-03-06T00:00:00,31.584,50.2,2.717,62.053,29.7,21.4,207.6,3.584,17.533,89,0.525,893.0,1,167
UG-MBL-0003,coffee,2026-03-07T00:00:00,31.507,41.84,1.342,62.117,29.5,21.3,207.1,3.507,9.173,90,0.688,1168.8,1,161
UG-MBL-0003,coffee,2026-03-08T00:00:00,31.391,44.38,1.349,61.689,29.4,21.3,206.8,3.391,11.713,91,0.614,1043.8,1,161
UG-MBL-0003,coffee,2026-03-09T00:00:00,31.159,44.68,2.184,60.846,29.2,21.3,206.6,3.159,12.013,92,0.597,1014.6,1,161
UG-MBL-0003,coffee,2026-03-10T00:00:00,31.084,46.06,2.468,59.384,29.2,21.1,206.4,3.084,13.393,93,0.631,1073.0,1,160
UG-MBL-0003,coffee,2026-03-11T00:00:00,31.141,47.62,2.82,60.767,28.9,21.0,206.0,3.141,14.953,94,0.579,984.5,1,160
UG-MBL-0003,coffee,2026-03-12T00:00:00,31.089,47.97,2.796,61.361,28.9,21.1,206.0,3.089,15.303,95,0.543,923.3,1,160
UG-MBL-0003,coffee,2026-03-13T00:00:00,31.299,43.45,2.596,60.28,28.9,21.0,206.0,3.299,10.783,96,0.613,1041.9,1,157
UG-MBL-0003,coffee,2026-03-14T00:00:00,31.156,49.59,2.808,60.456,28.9,21.0,205.9,3.156,16.923,97,0.54,918.4,1,158
UG-MBL-0003,coffee,2026-03-15T00:00:00,30.957,50.22,2.518,60.951,28.9,20.9,206.2,2.957,17.553,98,0.473,803.6,1,157
UG-MBL-0003,coffee,2026-03-16T00:00:00,31.136,54.0,2.102,59.387,28.7,20.8,206.4,3.136,21.333,99,0.506,859.6,1,158
UG-MBL-0003,coffee,2026-03-17T00:00:00,30.849,54.61,1.577,60.326,28.7,20.8,206.2,2.849,21.943,100,0.519,882.7,1,156
UG-MBL-0003,coffee,2026-03-18T00:00:00,30.766,51.98,1.759,59.373,28.5,20.7,206.5,2.766,19.313,101,0.52,884.7,1,154
UG-MBL-0003,coffee,2026-03-19T00:00:00,30.373,51.6,0.754,57.55,28.3,20.8,206.2,2.373,18.933,102,0.589,1002.1,1,152
UG-MBL-0003,coffee,2026-03-20T00:00:00,30.317,56.17,1.609,58.476,28.2,20.9,206.0,2.317,23.503,103,0.505,858.6,1,154
UG-MBL-0003,coffee,2026-03-21T00:00:00,30.174,55.9,2.857,58.23,28.1,20.9,206.1,2.174,23.233,104,0.538,915.3,1,153
UG-MBL-0003,coffee,2026-03-22T00:00:00,30.15,52.03,2.712,58.45,28.0,20.9,205.6,2.15,19.363,105,0.519,882.0,1,150
UG-MBL-0003,coffee,2026-03-23T00:00:00,29.767,49.15,3.367,60.71,27.9,20.9,205.4,1.767,16.483,106,0.607,1032.6,1,148
UG-MBL-0003,coffee,2026-03-24T00:00:00,29.821,44.0,3.085,60.527,27.8,20.9,205.7,1.821,11.333,107,0.583,991.9,1,144
UG-MBL-0003,coffee,2026-03-25T00:00:00,29.684,43.57,2.862,60.901,27.8,20.9,204.8,1.684,10.903,108,0.558,948.5,1,143
UG-MBL-0003,coffee,2026-03-26T00:00:00,29.784,43.88,2.986,61.237,27.7,20.8,204.6,1.784,11.213,109,0.659,1121.1,1,142
UG-MBL-0003,coffee,2026-03-27T00:00:00,29.5,43.63,3.494,61.274,27.4,20.7,204.9,1.5,10.963,110,0.599,1018.0,1,141
UG-MBL-0003,coffee,2026-03-28T00:00:00,29.243,44.0,2.932,60.971,27.2,20.6,204.5,1.243,11.333,111,0.68,1155.8,1,140
UG-MBL-0003,coffee,2026-03-29T00:00:00,29.211,45.79,4.058,60.047,27.2,20.6,204.2,1.211,13.123,112,0.624,1060.1,1,140
UG-MBL-0003,coffee,2026-03-30T00:00:00,29.22,41.72,5.897,58.066,27.2,20.6,203.8,1.22,9.053,113,0.654,1112.2,1,138
UG-MBL-0003,coffee,2026-03-31T00:00:00,29.136,43.15,8.41,56.451,26.9,20.6,203.7,1.136,10.483,114,0.641,1090.2,1,139
UG-MBL-0003,coffee,2026-04-01T00:00:00,28.926,41.09,8.413,54.936,26.9,20.6,203.6,0.926,8.423,115,0.633,1076.3,1,137
UG-MBL-0003,coffee,2026-04-02T00:00:00,28.864,40.17,7.154,53.871,26.7,20.6,203.6,0.864,7.503,116,0.645,1097.2,1,135
UG-MBL-0003,coffee,2026-04-03T00:00:00,28.767,36.41,3.307,52.554,26.8,20.6,203.5,0.767,3.743,117,0.729,1239.1,2,130
UG-MBL-0003,coffee,2026-04-04T00:00:00,28.7,34.77,1.526,51.871,26.8,20.5,203.6,0.7,2.103,118,0.719,1222.4,2,126
UG-MBL-0003,coffee,2026-04-05T00:00:00,28.453,32.65,2.362,51.327,26.4,20.5,203.5,0.453,0.017,119,0.707,1201.4,2,125
UG-MBL-0003,coffee,2026-04-06T00:00:00,28.146,30.37,3.625,50.273,26.2,20.6,203.4,0.146,2.297,120,0.725,1232.1,2,125
UG-MBL-0003,coffee,2026-04-07T00:00:00,27.909,29.52,2.329,50.521,26.2,20.6,203.4,0.091,3.147,121,0.645,1096.9,1,124
UG-MBL-0003,coffee,2026-04-08T00:00:00,27.541,29.43,2.638,50.27,26.0,20.5,203.9,0.459,3.237,122,0.739,1256.8,2,124
UG-MBL-0003,coffee,2026-04-09T00:00:00,27.363,27.97,2.625,51.679,26.0,20.4,203.7,0.637,4.697,123,0.725,1232.7,2,123
UG-MBL-0003,coffee,2026-04-10T00:00:00,27.129,24.59,2.526,51.5,25.8,20.4,203.6,0.871,8.077,124,0.69,1173.3,1,124
UG-MBL-0003,coffee,2026-04-11T00:00:00,26.877,25.51,1.801,52.884,25.7,20.5,203.5,1.123,7.157,125,0.697,1185.3,1,123
UG-MBL-0003,coffee,2026-04-12T00:00:00,26.757,26.01,1.748,50.686,25.8,20.4,203.5,1.243,6.657,126,0.663,1126.5,1,121
UG-MBL-0003,coffee,2026-04-13T00:00:00,26.966,28.1,0.722,52.747,25.7,20.2,203.5,1.034,4.567,127,0.69,1173.0,1,118
UG-MBL-0003,coffee,2026-04-14T00:00:00,26.906,24.57,0.755,52.096,25.7,20.1,203.1,1.094,8.097,128,0.626,1063.9,1,119
UG-MBL-0003,coffee,2026-04-15T00:00:00,27.001,26.58,1.172,52.643,25.7,20.1,202.8,0.999,6.087,129,0.728,1238.0,2,117
UG-MBL-0003,coffee,2026-04-16T00:00:00,26.797,24.9,2.144,51.466,25.8,20.2,202.7,1.203,7.767,130,0.638,1084.2,1,118
UG-MBL-0003,coffee,2026-04-17T00:00:00,26.443,27.98,2.506,51.83,25.6,20.2,202.5,1.557,4.687,131,0.679,1153.8,1,116
UG-MBL-0003,coffee,2026-04-18T00:00:00,26.541,24.13,2.453,49.324,25.6,20.1,202.2,1.459,8.537,132,0.646,1098.5,1,117
UG-MBL-0003,coffee,2026-04-19T00:00:00,26.266,21.5,2.524,48.739,25.6,20.1,202.1,1.734,11.167,133,0.573,973.7,1,118
UG-MBL-0003,coffee,2026-04-20T00:00:00,25.931,25.07,2.588,48.374,25.6,20.1,202.0,2.069,7.597,134,0.584,992.7,1,115
UG-MBL-0003,coffee,2026-04-21T00:00:00,25.583,27.3,2.458,48.139,25.5,20.1,201.7,2.417,5.367,135,0.649,1103.9,1,114
UG-MBL-0003,coffee,2026-04-22T00:00:00,25.43,23.14,1.855,46.757,25.4,19.9,201.6,2.57,9.527,136,0.603,1024.7,1,114
UG-MBL-0003,coffee,2026-04-23T00:00:00,25.417,18.89,0.622,46.291,25.1,19.8,201.3,2.583,13.777,137,0.589,1001.5,1,114
UG-MBL-0003,coffee,2026-04-24T00:00:00,25.609,15.89,1.169,44.776,25.1,19.8,201.0,2.391,16.777,138,0.596,1013.5,1,115
UG-MBL-0003,coffee,2026-04-25T00:00:00,25.371,19.43,1.269,45.67,25.0,19.7,200.8,2.629,13.237,139,0.594,1010.4,1,113
UG-MBL-0003,coffee,2026-04-26T00:00:00,25.529,20.11,1.284,47.543,24.7,19.6,200.8,2.471,12.557,140,0.616,1047.5,1,111
UG-MBL-0003,coffee,2026-04-27T00:00:00,25.421,15.13,1.119,46.813,24.6,19.6,200.4,2.579,17.537,141,0.566,962.0,1,113
UG-MBL-0003,coffee,2026-04-28T00:00:00,25.514,12.78,1.176,47.201,24.6,19.4,200.3,2.486,19.887,142,0.524,891.6,1,113
UG-MBL-0003,coffee,2026-04-29T00:00:00,25.151,16.99,0.935,47.473,24.3,19.5,200.4,2.849,15.677,143,0.534,907.6,1,110
UG-MBL-0003,coffee,2026-04-30T00:00:00,24.72,22.14,1.208,48.836,24.2,19.5,200.7,3.28,10.527,144,0.604,1026.1,1,107
UG-MBL-0003,coffee,2026-05-01T00:00:00,24.641,21.92,1.326,49.729,24.2,19.4,200.7,3.359,10.747,145,0.594,1009.5,1,106
UG-MBL-0003,coffee,2026-05-02T00:00:00,24.711,20.37,1.435,49.167,24.1,19.5,200.4,3.289,12.297,146,0.607,1031.1,1,106
UG-MBL-0003,coffee,2026-05-03T00:00:00,24.504,17.87,1.372,49.184,24.3,19.4,200.2,3.496,14.797,147,0.552,938.5,1,107
UG-MBL-0003,coffee,2026-05-04T00:00:00,24.504,18.33,1.277,47.2,24.3,19.3,200.0,3.496,14.337,148,0.551,937.1,1,105
UG-MBL-0003,coffee,2026-05-05T00:00:00,24.516,19.66,1.764,46.887,24.2,19.4,200.0,3.484,13.007,149,0.56,952.3,1,104
UG-MBL-0003,coffee,2026-05-06T00:00:00,24.684,16.7,2.257,47.277,24.1,19.4,199.3,3.316,15.967,150,0.514,874.1,1,105
UG-MBL-0003,coffee,2026-05-07T00:00:00,24.75,11.55,1.967,47.316,24.1,19.5,198.6,3.25,21.117,151,0.547,930.2,1,106
UG-MBL-0003,coffee,2026-05-08T00:00:00,24.531,11.48,2.33,46.553,24.1,19.4,198.4,3.469,21.187,152,0.531,903.1,1,105
UG-MBL-0003,coffee,2026-05-09T00:00:00,24.45,6.68,3.788,47.097,24.1,19.3,198.6,3.55,25.987,153,0.412,700.1,1,108
UG-MBL-0003,coffee,2026-05-10T00:00:00,24.441,6.78,3.57,46.216,23.9,19.3,198.6,3.559,25.887,154,0.474,805.7,1,107
UG-MBL-0003,coffee,2026-05-11T00:00:00,24.246,8.94,3.934,46.071,23.8,19.3,198.9,3.754,23.727,155,0.407,691.3,1,105
UG-MBL-0003,coffee,2026-05-12T00:00:00,24.06,10.01,3.758,46.334,23.6,19.3,198.8,3.94,22.657,156,0.497,844.8,1,104
UG-MBL-0003,coffee,2026-05-13T00:00:00,24.151,9.89,3.706,44.697,23.6,19.3,198.7,3.849,22.777,157,0.447,760.5,1,103
UG-MBL-0003,coffee,2026-05-14T00:00:00,24.101,9.89,3.844,42.653,23.5,19.1,198.7,3.899,22.777,158,0.476,809.6,1,102
UG-MBL-0003,coffee,2026-05-15T00:00:00,24.147,11.69,3.135,43.004,23.3,19.1,198.5,3.853,20.977,159,0.426,723.7,1,99
UG-MBL-0003,coffee,2026-05-16T00:00:00,24.009,11.69,1.278,42.029,23.1,19.1,198.2,3.991,20.977,160,0.457,777.1,1,97
UG-MBL-0003,coffee,2026-05-17T00:00:00,23.98,12.39,1.542,42.794,22.9,19.1,197.8,4.02,20.277,161,0.509,865.4,1,96
UG-MBL-0003,coffee,2026-05-18T00:00:00,24.069,10.18,1.278,42.24,22.9,19.2,197.6,3.931,22.487,162,0.46,781.9,1,96
UG-MBL-0003,coffee,2026-05-19T00:00:00,24.004,9.39,1.276,42.551,22.8,19.2,197.3,3.996,23.277,163,0.448,761.8,1,95
UG-MBL-0003,coffee,2026-05-20T00:00:00,23.893,10.73,0.232,44.583,22.6,19.1,197.4,4.107,21.937,164,0.536,911.4,1,92
UG-MBL-0003,coffee,2026-05-21T00:00:00,23.991,12.13,0.203,45.893,22.5,19.0,197.2,4.009,20.537,165,0.573,974.1,1,90
UG-MBL-0003,coffee,2026-05-22T00:00:00,23.94,12.84,0.469,45.546,22.6,19.0,197.2,4.06,19.827,166,0.535,909.9,1,90
UG-MBL-0003,coffee,2026-05-23T00:00:00,23.99,16.25,0.313,46.471,22.6,19.1,197.0,4.01,16.417,167,0.505,859.1,1,87
UG-MBL-0003,coffee,2026-05-24T00:00:00,23.923,19.07,0.293,46.064,22.6,19.1,196.8,4.077,13.597,168,0.613,1041.8,1,84
UG-MBL-0003,coffee,2026-05-25T00:00:00,23.84,19.79,0.427,47.234,22.6,19.0,196.8,4.16,12.877,169,0.515,875.1,1,83
UG-MBL-0003,coffee,2026-05-26T00:00:00,23.791,19.87,1.409,44.926,22.7,18.9,197.1,4.209,12.797,170,0.542,921.1,1,84
UG-MBL-0003,coffee,2026-05-27T00:00:00,24.083,17.76,1.426,45.091,22.8,18.8,196.7,3.917,14.907,171,0.539,917.1,1,83
UG-MBL-0003,coffee,2026-05-28T00:00:00,24.046,19.24,1.494,45.093,22.6,18.7,196.8,3.954,13.427,172,0.605,1029.0,1,82
UG-MBL-0003,coffee,2026-05-29T00:00:00,23.979,18.53,2.293,46.367,22.4,18.6,196.4,4.021,14.137,173,0.561,953.3,1,82
UG-MBL-0003,coffee,2026-05-30T00:00:00,24.0,15.66,2.236,45.981,22.2,18.5,196.1,4.0,17.007,174,0.496,843.6,1,82
UG-MBL-0003,coffee,2026-05-31T00:00:00,24.091,14.41,2.562,47.283,22.0,18.4,196.2,3.909,18.257,175,0.469,797.9,1,82
UG-MBL-0003,coffee,2026-06-01T00:00:00,24.367,12.69,2.347,46.384,21.8,18.4,196.1,3.633,19.977,176,0.519,882.4,1,81
UG-MBL-0003,coffee,2026-06-02T00:00:00,24.574,12.41,2.76,47.471,21.7,18.4,195.4,3.426,20.257,177,0.471,800.0,1,80
UG-MBL-0003,coffee,2026-06-03T00:00:00,24.287,14.28,3.969,46.52,21.6,18.5,195.5,3.713,18.387,178,0.497,844.5,1,80
UG-MBL-0003,coffee,2026-06-04T00:00:00,24.339,14.58,3.762,44.614,21.5,18.4,195.2,3.661,18.087,179,0.453,769.7,1,78
UG-MBL-0004,coffee,2025-12-13T00:00:00,24.973,15.74,0.871,48.347,39.3,24.8,219.0,3.027,16.927,6,0.671,1946.8,1,247
UG-MBL-0004,coffee,2025-12-14T00:00:00,25.141,17.31,0.882,50.187,39.1,24.8,218.8,2.859,15.357,7,0.682,1978.9,1,246
UG-MBL-0004,coffee,2025-12-15T00:00:00,25.463,13.33,0.868,49.816,38.9,24.7,218.8,2.537,19.337,8,0.603,1747.6,1,246
UG-MBL-0004,coffee,2025-12-16T00:00:00,25.433,15.89,1.631,50.72,38.8,24.7,218.7,2.567,16.777,9,0.683,1981.8,1,245
UG-MBL-0004,coffee,2025-12-17T00:00:00,25.654,18.76,0.92,50.85,38.6,24.6,218.6,2.346,13.907,10,0.701,2031.8,2,241
UG-MBL-0004,coffee,2025-12-18T00:00:00,25.764,20.97,1.276,50.516,38.5,24.6,218.7,2.236,11.697,11,0.721,2091.8,2,240
UG-MBL-0004,coffee,2025-12-19T00:00:00,26.027,22.48,1.615,52.276,38.4,24.6,218.2,1.973,10.187,12,0.701,2032.0,2,238
UG-MBL-0004,coffee,2025-12-20T00:00:00,26.169,21.5,2.218,51.213,38.5,24.6,217.9,1.831,11.167,13,0.707,2050.9,2,238
UG-MBL-0004,coffee,2025-12-21T00:00:00,26.087,23.81,2.253,50.904,38.3,24.5,217.8,1.913,8.857,14,0.72,2087.5,2,236
UG-MBL-0004,coffee,2025-12-22T00:00:00,26.141,26.08,3.729,51.541,38.2,24.6,217.6,1.859,6.587,15,0.724,2098.8,2,235
UG-MBL-0004,coffee,2025-12-23T00:00:00,26.326,24.3,2.288,51.794,38.2,24.6,217.8,1.674,8.367,16,0.73,2117.7,2,233
UG-MBL-0004,coffee,2025-12-24T00:00:00,26.546,22.12,1.325,54.099,38.1,24.6,217.8,1.454,10.547,17,0.756,2191.1,2,232
UG-MBL-0004,coffee,2025-12-25T00:00:00,26.75,24.36,1.295,54.221,37.9,24.6,217.9,1.25,8.307,18,0.771,2234.6,2,230
UG-MBL-0004,coffee,2025-12-26T00:00:00,26.834,24.23,1.219,53.307,37.8,24.5,218.0,1.166,8.437,19,0.703,2039.2,2,229
UG-MBL-0004,coffee,2025-12-27T00:00:00,27.14,27.19,1.775,53.016,37.6,24.4,217.9,0.86,5.477,20,0.79,2292.2,2,226
UG-MBL-0004,coffee,2025-12-28T00:00:00,27.477,27.63,1.33,53.706,37.7,24.5,217.9,0.523,5.037,21,0.809,2347.1,2,224
UG-MBL-0004,coffee,2025-12-29T00:00:00,27.564,31.16,1.55,52.989,37.5,24.4,217.7,0.436,1.507,22,0.795,2306.5,2,222
UG-MBL-0004,coffee,2025-12-30T00:00:00,27.907,28.1,1.178,52.317,37.3,24.3,217.6,0.093,4.567,23,0.798,2314.0,2,221
UG-MBL-0004,coffee,2025-12-31T00:00:00,27.977,30.11,1.339,50.87,37.4,24.2,217.4,0.023,2.557,24,0.813,2357.6,2,220
UG-MBL-0004,coffee,2026-01-01T00:00:00,27.917,29.18,1.279,52.536,37.4,24.1,217.4,0.083,3.487,25,0.764,2216.5,2,219
UG-MBL-0004,coffee,2026-01-02T00:00:00,28.144,28.87,1.352,53.2,37.2,23.9,217.6,0.144,3.797,26,0.773,2241.6,2,218
UG-MBL-0004,coffee,2026-01-03T00:00:00,28.224,28.08,1.203,54.943,37.1,23.9,217.3,0.224,4.587,27,0.8,2320.4,2,218
UG-MBL-0004,coffee,2026-01-04T00:00:00,28.366,29.59,1.704,54.056,37.0,23.9,217.6,0.366,3.077,28,0.768,2227.5,2,217
UG-MBL-0004,coffee,2026-01-05T00:00:00,28.383,23.65,1.602,55.746,36.8,24.0,217.3,0.383,9.017,29,0.765,2218.4,2,218
UG-MBL-0004,coffee,2026-01-06T00:00:00,28.223,24.98,1.683,56.92,36.5,24.0,216.7,0.223,7.687,30,0.785,2277.6,2,217
UG-MBL-0004,coffee,2026-01-07T00:00:00,28.356,25.38,1.572,57.24,36.2,23.9,216.7,0.356,7.287,31,0.781,2265.5,2,215
UG-MBL-0004,coffee,2026-01-08T00:00:00,28.416,21.16,1.503,56.331,36.0,23.9,216.2,0.416,11.507,32,0.771,2237.0,2,216
UG-MBL-0004,coffee,2026-01-09T00:00:00,28.403,23.48,2.323,56.353,35.8,24.0,215.9,0.403,9.187,33,0.721,2091.6,2,215
UG-MBL-0004,coffee,2026-01-10T00:00:00,28.353,30.73,2.326,55.423,35.6,24.0,215.6,0.353,1.937,34,0.787,2281.6,2,211
UG-MBL-0004,coffee,2026-01-11T00:00:00,28.401,29.78,2.029,57.647,35.4,23.9,214.7,0.401,2.887,35,0.783,2271.5,2,210
UG-MBL-0004,coffee,2026-01-12T00:00:00,28.53,33.01,4.815,58.264,35.4,23.7,214.6,0.53,0.343,36,0.774,2244.2,2,210
UG-MBL-0004,coffee,2026-01-13T00:00:00,28.761,39.18,4.882,56.899,35.4,23.7,214.8,0.761,6.513,37,0.739,2143.3,2,212
UG-MBL-0004,coffee,2026-01-14T00:00:00,28.993,38.93,6.487,58.117,35.2,23.7,214.6,0.993,6.263,38,0.662,1920.8,1,212
UG-MBL-0004,coffee,2026-01-15T00:00:00,29.277,45.42,6.406,59.929,35.2,23.7,214.5,1.277,12.753,39,0.663,1924.1,1,214
UG-MBL-0004,coffee,2026-01-16T00:00:00,29.621,43.78,6.365,60.526,35.0,23.6,214.2,1.621,11.113,40,0.623,1807.2,1,213
UG-MBL-0004,coffee,2026-01-17T00:00:00,29.827,42.19,6.732,62.257,35.0,23.5,214.2,1.827,9.523,41,0.643,1864.3,1,211
UG-MBL-0004,coffee,2026-01-18T00:00:00,29.936,42.61,6.718,59.983,34.8,23.4,214.4,1.936,9.943,42,0.688,1993.9,1,211
UG-MBL-0004,coffee,2026-01-19T00:00:00,30.1,41.03,4.604,60.531,34.6,23.4,214.2,2.1,8.363,43,0.678,1966.2,1,208
UG-MBL-0004,coffee,2026-01-20T00:00:00,30.401,37.91,4.898,62.99,34.5,23.3,214.4,2.401,5.243,44,0.723,2097.0,2,206
UG-MBL-0004,coffee,2026-01-21T00:00:00,30.339,37.53,2.035,62.899,34.4,23.2,214.0,2.339,4.863,45,0.714,2071.1,2,203
UG-MBL-0004,coffee,2026-01-22T00:00:00,30.567,37.57,1.777,62.304,34.2,23.2,213.9,2.567,4.903,46,0.751,2178.7,2,202
UG-MBL-0004,coffee,2026-01-23T00:00:00,30.621,38.48,1.95,63.459,34.1,23.2,213.6,2.621,5.813,47,0.701,2033.3,2,202
UG-MBL-0004,coffee,2026-01-24T00:00:00,30.671,36.01,3.295,62.57,33.9,23.3,213.7,2.671,3.343,48,0.66,1914.0,1,201
UG-MBL-0004,coffee,2026-01-25T00:00:00,30.839,35.08,3.298,63.629,34.0,23.2,213.7,2.839,2.413,49,0.73,2117.3,2,199
UG-MBL-0004,coffee,2026-01-26T00:00:00,30.983,41.56,2.398,63.846,33.9,23.1,213.5,2.983,8.893,50,0.609,1764.9,1,201
UG-MBL-0004,coffee,2026-01-27T00:00:00,30.997,44.26,2.454,63.51,33.9,23.0,213.2,2.997,11.593,51,0.608,1761.8,1,201
UG-MBL-0004,coffee,2026-01-28T00:00:00,31.04,46.7,5.186,63.764,33.7,23.1,213.2,3.04,14.033,52,0.59,1710.7,1,203
UG-MBL-0004,coffee,2026-01-29T00:00:00,31.104,45.79,4.631,64.517,33.6,23.0,213.0,3.104,13.123,53,0.594,1722.6,1,202
UG-MBL-0004,coffee,2026-01-30T00:00:00,31.099,47.81,3.689,63.957,33.6,22.8,212.9,3.099,15.143,54,0.595,1726.1,1,201
UG-MBL-0004,coffee,2026-01-31T00:00:00,31.284,48.65,2.894,65.604,33.4,22.7,212.5,3.284,15.983,55,0.574,1664.4,1,200
UG-MBL-0004,coffee,2026-02-01T00:00:00,31.29,50.89,2.905,66.776,33.2,22.7,212.4,3.29,18.223,56,0.544,1577.7,1,200
UG-MBL-0004,coffee,2026-02-02T00:00:00,31.351,48.11,2.948,65.444,33.1,22.7,212.4,3.351,15.443,57,0.653,1892.9,1,198
UG-MBL-0004,coffee,2026-02-03T00:00:00,31.623,47.63,2.192,65.127,32.9,22.6,212.4,3.623,14.963,58,0.59,1709.9,1,197
UG-MBL-0004,coffee,2026-02-04T00:00:00,31.594,46.2,2.057,66.139,32.7,22.4,212.3,3.594,13.533,59,0.554,1606.7,1,195
UG-MBL-0004,coffee,2026-02-05T00:00:00,31.566,46.04,1.911,64.889,32.6,22.3,212.4,3.566,13.373,60,0.612,1775.0,1,194
UG-MBL-0004,coffee,2026-02-06T00:00:00,31.399,44.05,1.577,64.501,32.4,22.4,212.0,3.399,11.383,61,0.61,1768.5,1,191
UG-MBL-0004,coffee,2026-02-07T00:00:00,31.374,48.53,2.098,63.581,32.4,22.3,211.5,3.374,15.863,62,0.577,1673.2,1,193
UG-MBL-0004,coffee,2026-02-08T00:00:00,31.557,51.49,2.22,62.366,32.3,22.4,211.1,3.557,18.823,63,0.597,1731.9,1,193
UG-MBL-0004,coffee,2026-02-09T00:00:00,31.663,49.59,2.008,64.044,32.2,22.4,210.6,3.663,16.923,64,0.577,1673.0,1,191
UG-MBL-0004,coffee,2026-02-10T00:00:00,31.343,49.92,3.33,65.223,32.1,22.3,210.4,3.343,17.253,65,0.548,1590.3,1,191
UG-MBL-0004,coffee,2026-02-11T00:00:00,31.563,51.13,1.694,63.421,32.1,22.5,210.3,3.563,18.463,66,0.595,1725.1,1,190
UG-MBL-0004,coffee,2026-02-12T00:00:00,31.56,53.68,1.278,64.336,31.9,22.5,210.2,3.56,21.013,67,0.598,1735.0,1,190
UG-MBL-0004,coffee,2026-02-13T00:00:00,31.789,55.88,0.795,63.946,31.9,22.4,210.5,3.789,23.213,68,0.563,1633.8,1,189
UG-MBL-0004,coffee,2026-02-14T00:00:00,31.773,53.25,1.015,64.546,31.6,22.4,210.9,3.773,20.583,69,0.492,1426.1,1,187
UG-MBL-0004,coffee,2026-02-15T00:00:00,31.689,48.25,1.379,64.793,31.3,22.3,210.6,3.689,15.583,70,0.568,1646.8,1,184
UG-MBL-0004,coffee,2026-02-16T00:00:00,31.573,52.17,1.424,65.344,31.1,22.3,210.9,3.573,19.503,71,0.572,1659.4,1,185
UG-MBL-0004,coffee,2026-02-17T00:00:00,31.619,51.98,1.101,64.453,31.1,22.4,210.7,3.619,19.313,72,0.567,1645.6,1,184
UG-MBL-0004,coffee,2026-02-18T00:00:00,31.636,51.52,2.119,66.419,30.9,22.2,210.5,3.636,18.853,73,0.558,1619.0,1,183
UG-MBL-0004,coffee,2026-02-19T00:00:00,31.539,50.23,1.842,65.283,30.8,22.1,210.0,3.539,17.563,74,0.552,1599.7,1,181
UG-MBL-0004,coffee,2026-02-20T00:00:00,31.453,51.83,0.717,65.753,30.6,22.1,209.4,3.453,19.163,75,0.536,1555.3,1,180
UG-MBL-0004,coffee,2026-02-21T00:00:00,31.52,49.96,0.936,66.23,30.5,22.2,209.1,3.52,17.293,76,0.65,1886.0,1,178
UG-MBL-0004,coffee,2026-02-22T00:00:00,31.48,52.37,0.982,67.827,30.5,22.1,209.3,3.48,19.703,77,0.571,1656.9,1,179
UG-MBL-0004,coffee,2026-02-23T00:00:00,31.494,54.92,1.515,65.989,30.5,22.0,209.1,3.494,22.253,78,0.564,1634.5,1,179
UG-MBL-0004,coffee,2026-02-24T00:00:00,31.566,54.4,1.648,64.6,30.3,21.8,208.8,3.566,21.733,79,0.545,1580.1,1,178
UG-MBL-0004,coffee,2026-02-25T00:00:00,31.673,58.54,0.873,64.389,30.3,21.8,208.6,3.673,25.873,80,0.518,1502.6,1,179
UG-MBL-0004,coffee,2026-02-26T00:00:00,31.574,58.07,0.915,63.817,30.3,21.7,208.4,3.574,25.403,81,0.519,1505.0,1,177
UG-MBL-0004,coffee,2026-02-27T00:00:00,31.736,56.84,0.81,63.624,30.2,21.7,208.6,3.736,24.173,82,0.496,1437.7,1,176
UG-MBL-0004,coffee,2026-02-28T00:00:00,31.556,59.81,0.81,62.366,30.3,21.6,208.5,3.556,27.143,83,0.463,1341.7,1,176
UG-MBL-0004,coffee,2026-03-01T00:00:00,31.471,56.27,0.772,60.979,30.2,21.6,208.3,3.471,23.603,84,0.549,1592.9,1,173
UG-MBL-0004,coffee,2026-03-02T00:00:00,31.543,56.67,2.555,61.34,30.0,21.6,208.1,3.543,24.003,85,0.524,1519.2,1,174
UG-MBL-0004,coffee,2026-03-03T00:00:00,31.397,56.44,2.499,62.09,29.9,21.6,208.0,3.397,23.773,86,0.55,1594.9,1,173
UG-MBL-0004,coffee,2026-03-04T00:00:00,31.297,53.86,2.704,61.433,29.8,21.6,207.7,3.297,21.193,87,0.564,1636.1,1,171
UG-MBL-0004,coffee,2026-03-05T00:00:00,31.3,56.79,2.629,63.393,29.7,21.7,207.7,3.3,24.123,88,0.495,1434.5,1,171
UG-MBL-0004,coffee,2026-03-06T00:00:00,31.223,57.66,2.346,63.363,29.5,21.6,207.6,3.223,24.993,89,0.548,1589.1,1,170
UG-MBL-0004,coffee,2026-03-07T00:00:00,31.163,52.75,2.291,61.816,29.3,21.7,207.5,3.163,20.083,90,0.577,1672.3,1,167
UG-MBL-0004,coffee,2026-03-08T00:00:00,30.954,51.38,2.19,62.986,29.2,21.7,207.4,2.954,18.713,91,0.589,1707.3,1,165
UG-MBL-0004,coffee,2026-03-09T00:00:00,30.714,47.56,0.704,61.964,29.1,21.6,206.9,2.714,14.893,92,0.682,1976.9,1,160
UG-MBL-0004,coffee,2026-03-10T00:00:00,30.469,47.19,0.788,61.641,29.1,21.7,206.7,2.469,14.523,93,0.681,1976.3,1,159
UG-MBL-0004,coffee,2026-03-11T00:00:00,30.284,42.36,0.901,61.343,29.1,21.6,206.4,2.284,9.693,94,0.681,1973.7,1,155
UG-MBL-0004,coffee,2026-03-12T00:00:00,30.204,39.9,0.752,60.777,29.1,21.5,206.4,2.204,7.233,95,0.699,2026.2,1,153
UG-MBL-0004,coffee,2026-03-13T00:00:00,30.189,40.23,0.906,60.823,28.9,21.4,205.8,2.189,7.563,96,0.708,2054.5,2,152
UG-MBL-0004,coffee,2026-03-14T00:00:00,30.223,45.52,1.665,62.957,28.9,21.3,205.4,2.223,12.853,97,0.608,1763.3,1,154
UG-MBL-0004,coffee,2026-03-15T00:00:00,30.403,49.63,1.668,61.996,28.9,21.3,205.4,2.403,16.963,98,0.573,1660.7,1,156
UG-MBL-0004,coffee,2026-03-16T00:00:00,30.443,49.4,1.056,62.001,28.8,21.2,205.7,2.443,16.733,99,0.616,1786.5,1,154
UG-MBL-0004,coffee,2026-03-17T00:00:00,30.439,48.26,1.028,62.517,28.7,21.0,205.7,2.439,15.593,100,0.578,1676.6,1,152
UG-MBL-0004,coffee,2026-03-18T00:00:00,30.301,50.38,1.167,62.359,28.5,20.9,205.8,2.301,17.713,101,0.604,1752.1,1,152
UG-MBL-0004,coffee,2026-03-19T00:00:00,30.35,47.97,0.717,62.497,28.1,20.8,205.6,2.35,15.303,102,0.612,1776.0,1,150
UG-MBL-0004,coffee,2026-03-20T00:00:00,29.979,45.64,2.285,61.843,28.1,20.9,205.8,1.979,12.973,103,0.593,1720.8,1,149
UG-MBL-0004,coffee,2026-03-21T00:00:00,29.859,38.94,2.196,61.697,27.9,20.8,205.8,1.859,6.273,104,0.675,1956.7,1,144
UG-MBL-0004,coffee,2026-03-22T00:00:00,29.557,38.77,2.316,61.364,27.7,20.7,205.6,1.557,6.103,105,0.717,2078.5,2,143
UG-MBL-0004,coffee,2026-03-23T00:00:00,29.427,39.45,3.621,62.2,27.5,20.8,205.3,1.427,6.783,106,0.668,1937.6,1,143
UG-MBL-0004,coffee,2026-03-24T00:00:00,29.366,42.37,3.599,61.847,27.3,20.9,205.0,1.366,9.703,107,0.646,1872.2,1,143
UG-MBL-0004,coffee,2026-03-25T00:00:00,29.319,41.26,3.609,61.791,27.2,21.0,204.6,1.319,8.593,108,0.662,1920.6,1,142
UG-MBL-0004,coffee,2026-03-26T00:00:00,29.041,43.36,2.929,60.626,27.3,21.0,204.6,1.041,10.693,109,0.658,1907.4,1,141
UG-MBL-0004,coffee,2026-03-27T00:00:00,29.189,43.59,1.751,59.761,27.1,20.9,204.2,1.189,10.923,110,0.637,1846.2,1,139
UG-MBL-0004,coffee,2026-03-28T00:00:00,29.026,46.57,1.829,57.91,27.2,20.9,204.2,1.026,13.903,111,0.635,1841.9,1,140
UG-MBL-0004,coffee,2026-03-29T00:00:00,29.066,46.89,1.734,56.449,27.3,20.9,203.7,1.066,14.223,112,0.591,1713.0,1,139
UG-MBL-0004,coffee,2026-03-30T00:00:00,28.851,42.65,0.844,54.76,27.3,20.8,203.9,0.851,9.983,113,0.643,1863.8,1,135
UG-MBL-0004,coffee,2026-03-31T00:00:00,28.714,40.46,1.095,53.36,27.2,20.7,203.8,0.714,7.793,114,0.663,1923.3,1,133
UG-MBL-0004,coffee,2026-04-01T00:00:00,28.677,42.02,1.171,52.144,27.1,20.6,204.0,0.677,9.353,115,0.684,1982.7,1,132
UG-MBL-0004,coffee,2026-04-02T00:00:00,28.656,40.11,3.032,51.987,27.0,20.6,204.0,0.656,7.443,116,0.676,1961.6,1,132
UG-MBL-0004,coffee,2026-04-03T00:00:00,28.51,39.52,2.835,53.501,27.0,20.5,204.0,0.51,6.853,117,0.675,1958.3,1,130
UG-MBL-0004,coffee,2026-04-04T00:00:00,28.301,38.87,2.855,53.323,26.8,20.4,204.1,0.301,6.203,118,0.707,2050.3,2,129
UG-MBL-0004,coffee,2026-04-05T00:00:00,28.031,35.82,2.621,54.676,26.4,20.4,204.0,0.031,3.153,119,0.726,2104.9,2,126
UG-MBL-0004,coffee,2026-04-06T00:00:00,27.879,34.49,3.623,55.419,26.4,20.5,203.5,0.121,1.823,120,0.709,2056.7,2,125
UG-MBL-0004,coffee,2026-04-07T00:00:00,27.724,34.21,3.93,54.676,26.2,20.4,203.5,0.276,1.543,121,0.684,1984.9,1,124
UG-MBL-0004,coffee,2026-04-08T00:00:00,27.399,32.7,6.508,53.791,26.1,20.3,203.5,0.601,0.033,122,0.685,1987.7,1,124
UG-MBL-0004,coffee,2026-04-09T00:00:00,27.221,34.78,4.701,53.794,26.1,20.1,203.3,0.779,2.113,123,0.654,1895.2,1,124
UG-MBL-0004,coffee,2026-04-10T00:00:00,26.79,31.7,4.651,52.737,25.9,20.1,203.3,1.21,0.967,124,0.704,2042.2,2,123
UG-MBL-0004,coffee,2026-04-11T00:00:00,26.909,27.74,4.598,53.177,25.8,20.3,202.9,1.091,4.927,125,0.644,1868.5,1,123
UG-MBL-0004,coffee,2026-04-12T00:00:00,26.77,29.1,4.607,51.913,25.8,20.3,202.6,1.23,3.567,126,0.664,1926.6,1,122
UG-MBL-0004,coffee,2026-04-13T00:00:00,26.687,26.92,3.779,51.376,25.6,20.3,202.4,1.313,5.747,127,0.66,1913.0,1,121
UG-MBL-0004,coffee,2026-04-14T00:00:00,26.701,27.1,4.118,52.333,25.6,20.2,202.4,1.299,5.567,128,0.694,2012.7,1,121
UG-MBL-0004,coffee,2026-04-15T00:00:00,26.57,26.71,1.225,52.313,25.6,20.2,202.0,1.43,5.957,129,0.704,2041.1,2,118
UG-MBL-0004,coffee,2026-04-16T00:00:00,26.421,25.17,1.252,51.916,25.3,20.2,202.0,1.579,7.497,130,0.659,1910.2,1,118
UG-MBL-0004,coffee,2026-04-17T00:00:00,26.589,24.07,1.216,50.446,25.2,20.2,201.8,1.411,8.597,131,0.691,2005.0,1,117
UG-MBL-0004,coffee,2026-04-18T00:00:00,26.306,28.11,1.116,49.616,25.2,20.1,201.6,1.694,4.557,132,0.622,1802.4,1,114
UG-MBL-0004,coffee,2026-04-19T00:00:00,26.303,26.75,0.97,49.484,25.1,20.1,201.9,1.697,5.917,133,0.729,2113.3,2,114
UG-MBL-0004,coffee,2026-04-20T00:00:00,26.254,31.41,0.926,49.213,25.1,20.0,201.9,1.746,1.257,134,0.73,2116.2,2,111
UG-MBL-0004,coffee,2026-04-21T00:00:00,25.747,28.1,0.644,49.88,25.1,19.9,201.5,2.253,4.567,135,0.68,1972.8,1,111
UG-MBL-0004,coffee,2026-04-22T00:00:00,25.599,26.75,0.135,50.849,25.0,20.0,201.2,2.401,5.917,136,0.646,1873.0,1,110
UG-MBL-0004,coffee,2026-04-23T00:00:00,25.566,25.26,0.196,50.196,24.9,20.0,200.9,2.434,7.407,137,0.645,1871.9,1,110
UG-MBL-0004,coffee,2026-04-24T00:00:00,25.343,23.89,0.659,50.703,25.0,20.0,200.6,2.657,8.777,138,0.655,1899.7,1,111
UG-MBL-0004,coffee,2026-04-25T00:00:00,25.137,21.12,0.705,49.716,25.0,19.9,200.7,2.863,11.547,139,0.629,1825.5,1,111
UG-MBL-0004,coffee,2026-04-26T00:00:00,24.846,21.21,0.893,49.676,24.8,19.8,200.2,3.154,11.457,140,0.623,1807.3,1,111
UG-MBL-0004,coffee,2026-04-27T00:00:00,24.647,20.27,1.278,49.07,24.6,19.8,200.1,3.353,12.397,141,0.566,1642.8,1,111
UG-MBL-0004,coffee,2026-04-28T00:00:00,24.637,20.7,1.439,48.551,24.5,19.6,200.0,3.363,11.967,142,0.561,1627.1,1,110
UG-MBL-0004,coffee,2026-04-29T00:00:00,24.68,17.68,2.494,49.604,24.4,19.6,200.0,3.32,14.987,143,0.564,1634.2,1,111
UG-MBL-0004,coffee,2026-04-30T00:00:00,24.309,15.69,2.399,49.096,24.3,19.5,199.9,3.691,16.977,144,0.559,1620.7,1,112
UG-MBL-0004,coffee,2026-05-01T00:00:00,24.081,14.88,2.033,47.349,24.2,19.5,199.8,3.919,17.787,145,0.528,1531.0,1,111
UG-MBL-0004,coffee,2026-05-02T00:00:00,23.9,13.34,2.026,47.074,24.0,19.6,199.8,4.1,19.327,146,0.557,1613.9,1,111
UG-MBL-0004,coffee,2026-05-03T00:00:00,23.909,9.59,2.155,47.079,23.9,19.5,199.8,4.091,23.077,147,0.482,1397.5,1,112
UG-MBL-0004,coffee,2026-05-04T00:00:00,23.994,8.86,1.976,46.684,23.9,19.5,199.5,4.006,23.807,148,0.477,1383.0,1,111
UG-MBL-0004,coffee,2026-05-05T00:00:00,24.159,9.03,1.658,45.713,23.9,19.6,199.1,3.841,23.637,149,0.504,1461.6,1,110
UG-MBL-0004,coffee,2026-05-06T00:00:00,24.151,11.82,1.091,44.024,23.7,19.6,199.0,3.849,20.847,150,0.546,1584.6,1,107
UG-MBL-0004,coffee,2026-05-07T00:00:00,24.226,10.72,1.997,43.581,23.7,19.6,198.9,3.774,21.947,151,0.454,1316.4,1,107
UG-MBL-0004,coffee,2026-05-08T00:00:00,24.414,10.72,2.067,44.527,23.5,19.5,198.3,3.586,21.947,152,0.462,1339.8,1,106
UG-MBL-0004,coffee,2026-05-09T00:00:00,24.761,11.26,1.907,46.38,23.6,19.5,198.1,3.239,21.407,153,0.497,1441.7,1,104
UG-MBL-0004,coffee,2026-05-10T00:00:00,24.769,12.06,1.78,45.199,23.5,19.4,198.0,3.231,20.607,154,0.608,1762.6,1,102
UG-MBL-0004,coffee,2026-05-11T00:00:00,24.421,10.51,1.394,45.394,23.4,19.5,198.3,3.579,22.157,155,0.491,1424.1,1,102
UG-MBL-0004,coffee,2026-05-12T00:00:00,24.257,8.6,1.36,44.511,23.2,19.5,198.2,3.743,24.067,156,0.477,1382.0,1,102
UG-MBL-0004,coffee,2026-05-13T00:00:00,24.233,9.99,0.557,43.374,23.3,19.5,198.1,3.767,22.677,157,0.518,1502.6,1,100
UG-MBL-0004,coffee,2026-05-14T00:00:00,24.201,11.6,0.784,44.33,23.2,19.3,197.8,3.799,21.067,158,0.537,1557.7,1,98
UG-MBL-0004,coffee,2026-05-15T00:00:00,24.046,13.25,1.615,43.439,23.0,19.3,198.3,3.954,19.417,159,0.516,1495.8,1,98
UG-MBL-0004,coffee,2026-05-16T00:00:00,23.727,11.18,2.151,42.277,22.8,19.3,197.9,4.273,21.487,160,0.519,1505.5,1,98
UG-MBL-0004,coffee,2026-05-17T00:00:00,23.581,10.4,2.121,42.457,22.9,19.3,197.8,4.419,22.267,161,0.441,1278.2,1,98
UG-MBL-0004,coffee,2026-05-18T00:00:00,23.611,12.53,2.122,42.056,22.9,19.2,197.7,4.389,20.137,162,0.471,1364.7,1,96
UG-MBL-0004,coffee,2026-05-19T00:00:00,23.763,16.54,2.179,43.083,22.9,19.1,197.7,4.237,16.127,163,0.562,1629.7,1,93
UG-MBL-0004,coffee,2026-05-20T00:00:00,23.533,15.98,1.949,42.121,22.9,19.1,197.6,4.467,16.687,164,0.521,1510.8,1,92
UG-MBL-0004,coffee,2026-05-21T00:00:00,23.67,18.0,0.923,42.376,22.8,19.2,197.5,4.33,14.667,165,0.509,1477.5,1,89
UG-MBL-0004,coffee,2026-05-22T00:00:00,23.699,21.56,0.741,44.344,22.7,19.1,197.2,4.301,11.107,166,0.538,1558.8,1,86
UG-MBL-0004,coffee,2026-05-23T00:00:00,23.796,25.8,0.401,45.206,22.7,19.0,196.9,4.204,6.867,167,0.592,1717.2,1,82
UG-MBL-0004,coffee,2026-05-24T00:00:00,23.91,27.43,0.704,45.977,22.5,18.9,196.8,4.09,5.237,168,0.626,1814.4,1,81
UG-MBL-0004,coffee,2026-05-25T00:00:00,24.091,24.95,0.939,45.629,22.4,18.8,196.6,3.909,7.717,169,0.619,1794.6,1,81
UG-MBL-0004,coffee,2026-05-26T00:00:00,24.241,20.45,0.805,43.886,22.2,18.7,196.7,3.759,12.217,170,0.562,1628.9,1,82
UG-MBL-0004,coffee,2026-05-27T00:00:00,24.414,16.57,0.847,44.673,22.1,18.6,196.6,3.586,16.097,171,0.553,1604.7,1,83
UG-MBL-0004,coffee,2026-05-28T00:00:00,24.451,13.85,1.619,44.11,22.1,18.7,196.1,3.549,18.817,172,0.501,1451.9,1,84
UG-MBL-0004,coffee,2026-05-29T00:00:00,24.553,11.7,1.332,42.997,22.1,18.8,196.6,3.447,20.967,173,0.538,1559.4,1,83
UG-MBL-0004,coffee,2026-05-30T00:00:00,24.634,8.58,1.855,42.221,21.9,18.7,196.8,3.366,24.087,174,0.548,1590.4,1,84
UG-MBL-0004,coffee,2026-05-31T00:00:00,24.574,9.92,1.774,41.461,21.8,18.8,196.8,3.426,22.747,175,0.471,1365.2,1,83
UG-MBL-0004,coffee,2026-06-01T00:00:00,24.599,10.83,1.625,41.901,21.5,18.9,196.5,3.401,21.837,176,0.505,1463.9,1,81
UG-MBL-0004,coffee,2026-06-02T00:00:00,24.541,11.48,1.653,43.403,21.4,19.0,195.9,3.459,21.187,177,0.507,1469.0,1,80
UG-MBL-0004,coffee,2026-06-03T00:00:00,24.487,16.23,1.823,44.424,21.2,19.0,195.9,3.513,16.437,178,0.534,1548.1,1,77
UG-MBL-0004,coffee,2026-06-04T00:00:00,24.551,21.81,0.941,46.101,21.1,19.0,196.2,3.449,10.857,179,0.602,1745.0,1,72
UG-MBL-0005,coffee,2025-12-13T00:00:00,25.44,18.46,2.101,50.629,39.9,24.8,219.4,2.56,14.207,6,0.593,2015.6,1,247
UG-MBL-0005,coffee,2025-12-14T00:00:00,25.339,17.94,2.481,50.477,39.9,24.6,219.7,2.661,14.727,7,0.555,1888.5,1,247
UG-MBL-0005,coffee,2025-12-15T00:00:00,25.601,17.34,1.412,50.274,39.8,24.6,219.7,2.399,15.327,8,0.616,2093.0,1,245
UG-MBL-0005,coffee,2025-12-16T00:00:00,25.933,16.91,1.66,49.8,39.7,24.5,219.7,2.067,15.757,9,0.581,1974.4,1,244
UG-MBL-0005,coffee,2025-12-17T00:00:00,25.786,20.11,4.427,48.549,39.6,24.5,219.6,2.214,12.557,10,0.57,1936.7,1,243
UG-MBL-0005,coffee,2025-12-18T00:00:00,25.806,24.71,5.089,48.009,39.3,24.6,219.3,2.194,7.957,11,0.688,2338.2,1,240
UG-MBL-0005,coffee,2025-12-19T00:00:00,26.024,22.7,5.012,48.054,39.0,24.6,219.3,1.976,9.967,12,0.598,2031.7,1,240
UG-MBL-0005,coffee,2025-12-20T00:00:00,26.274,22.32,5.041,45.564,38.9,24.6,219.3,1.726,10.347,13,0.609,2069.2,1,239
UG-MBL-0005,coffee,2025-12-21T00:00:00,26.4,23.23,4.343,47.249,38.7,24.5,219.5,1.6,9.437,14,0.618,2099.7,1,237
UG-MBL-0005,coffee,2025-12-22T00:00:00,26.394,25.0,4.026,48.044,38.5,24.6,219.0,1.606,7.667,15,0.623,2119.6,1,235
UG-MBL-0005,coffee,2025-12-23T00:00:00,26.596,23.52,4.063,49.09,38.3,24.9,218.8,1.404,9.147,16,0.633,2150.7,1,234
UG-MBL-0005,coffee,2025-12-24T00:00:00,26.614,20.32,0.868,50.349,38.2,24.9,218.5,1.386,12.347,17,0.589,2004.0,1,232
UG-MBL-0005,coffee,2025-12-25T00:00:00,26.759,17.84,0.397,50.854,38.2,24.8,218.2,1.241,14.827,18,0.62,2108.3,1,232
UG-MBL-0005,coffee,2025-12-26T00:00:00,26.603,22.69,0.436,50.264,37.8,24.7,218.0,1.397,9.977,19,0.583,1983.3,1,229
UG-MBL-0005,coffee,2025-12-27T00:00:00,26.629,22.08,0.377,51.989,37.8,24.5,217.5,1.371,10.587,20,0.592,2012.9,1,228
UG-MBL-0005,coffee,2025-12-28T00:00:00,26.917,27.39,0.642,51.486,37.5,24.5,216.9,1.083,5.277,21,0.728,2474.1,2,224
UG-MBL-0005,coffee,2025-12-29T00:00:00,26.716,30.58,0.673,51.05,37.3,24.4,216.9,1.284,2.087,22,0.656,2228.9,1,222
UG-MBL-0005,coffee,2025-12-30T00:00:00,26.676,34.57,0.671,53.097,37.2,24.2,216.7,1.324,1.903,23,0.634,2155.8,1,221
UG-MBL-0005,coffee,2025-12-31T00:00:00,26.829,39.45,0.543,52.734,37.1,24.1,216.4,1.171,6.783,24,0.62,2106.6,1,222
UG-MBL-0005,coffee,2026-01-01T00:00:00,27.137,40.69,0.563,53.514,36.8,24.3,216.4,0.863,8.023,25,0.703,2390.2,2,221
UG-MBL-0005,coffee,2026-01-02T00:00:00,27.406,43.67,0.532,54.02,36.8,24.3,216.4,0.594,11.003,26,0.578,1964.9,1,221
UG-MBL-0005,coffee,2026-01-03T00:00:00,27.67,45.81,1.75,53.347,36.5,24.5,216.9,0.33,13.143,27,0.578,1965.0,1,222
UG-MBL-0005,coffee,2026-01-04T00:00:00,27.533,43.43,1.732,54.743,36.4,24.3,217.2,0.467,10.763,28,0.579,1967.9,1,220
UG-MBL-0005,coffee,2026-01-05T00:00:00,28.097,42.06,1.621,54.897,36.2,24.3,217.3,0.097,9.393,29,0.631,2144.2,1,218
UG-MBL-0005,coffee,2026-01-06T00:00:00,28.157,40.31,2.116,52.48,35.9,24.0,217.1,0.157,7.643,30,0.633,2151.5,1,217
UG-MBL-0005,coffee,2026-01-07T00:00:00,28.343,44.86,3.731,54.486,35.7,24.0,217.0,0.343,12.193,31,0.582,1977.8,1,219
UG-MBL-0005,coffee,2026-01-08T00:00:00,28.596,48.77,4.107,54.801,35.5,23.9,217.2,0.596,16.103,32,0.614,2086.8,1,221
UG-MBL-0005,coffee,2026-01-09T00:00:00,29.21,45.01,4.571,55.613,35.5,23.7,216.6,1.21,12.343,33,0.539,1834.0,1,219
UG-MBL-0005,coffee,2026-01-10T00:00:00,29.047,43.42,2.887,57.173,35.6,23.6,216.3,1.047,10.753,34,0.596,2026.5,1,216
UG-MBL-0005,coffee,2026-01-11T00:00:00,29.49,46.48,1.977,56.474,35.5,23.8,216.0,1.49,13.813,35,0.585,1987.7,1,216
UG-MBL-0005,coffee,2026-01-12T00:00:00,29.254,49.85,0.679,57.111,35.6,23.8,216.0,1.254,17.183,36,0.533,1813.1,1,215
UG-MBL-0005,coffee,2026-01-13T00:00:00,29.596,50.84,0.689,59.109,35.6,23.8,216.2,1.596,18.173,37,0.565,1919.5,1,215
UG-MBL-0005,coffee,2026-01-14T00:00:00,29.829,45.95,0.528,57.836,35.6,23.8,215.7,1.829,13.283,38,0.575,1956.1,1,212
UG-MBL-0005,coffee,2026-01-15T00:00:00,29.784,43.91,0.529,57.466,35.6,23.7,215.4,1.784,11.243,39,0.615,2090.2,1,210
UG-MBL-0005,coffee,2026-01-16T00:00:00,29.506,45.34,0.634,58.221,35.4,23.8,215.4,1.506,12.673,40,0.591,2010.4,1,209
UG-MBL-0005,coffee,2026-01-17T00:00:00,29.799,43.77,0.715,57.673,35.1,23.7,215.2,1.799,11.103,41,0.539,1831.6,1,208
UG-MBL-0005,coffee,2026-01-18T00:00:00,29.716,40.65,0.633,57.834,34.8,23.6,214.6,1.716,7.983,42,0.665,2259.8,1,205
UG-MBL-0005,coffee,2026-01-19T00:00:00,30.161,37.5,1.19,58.016,34.9,23.5,213.6,2.161,4.833,43,0.699,2377.5,1,204
UG-MBL-0005,coffee,2026-01-20T00:00:00,29.889,39.96,1.179,57.96,34.7,23.6,213.0,1.889,7.293,44,0.616,2093.6,1,204
UG-MBL-0005,coffee,2026-01-21T00:00:00,30.177,40.26,1.614,57.651,34.6,23.4,213.2,2.177,7.593,45,0.583,1980.6,1,204
UG-MBL-0005,coffee,2026-01-22T00:00:00,30.266,40.98,1.626,57.936,34.7,23.4,212.7,2.266,8.313,46,0.647,2200.4,1,203
UG-MBL-0005,coffee,2026-01-23T00:00:00,30.606,37.12,1.723,57.271,34.5,23.4,212.9,2.606,4.453,47,0.683,2323.1,1,201
UG-MBL-0005,coffee,2026-01-24T00:00:00,31.111,42.38,1.503,57.52,34.4,23.2,212.2,3.111,9.713,48,0.572,1944.7,1,203
UG-MBL-0005,coffee,2026-01-25T00:00:00,31.631,43.99,2.545,59.311,34.1,23.0,211.7,3.631,11.323,49,0.54,1836.5,1,204
UG-MBL-0005,coffee,2026-01-26T00:00:00,31.539,45.83,2.646,59.899,33.6,23.1,212.3,3.539,13.163,50,0.529,1798.6,1,204
UG-MBL-0005,coffee,2026-01-27T00:00:00,32.1,45.72,2.76,59.019,33.5,23.0,212.3,4.1,13.053,51,0.472,1603.8,1,204
UG-MBL-0005,coffee,2026-01-28T00:00:00,31.893,44.95,2.832,61.36,33.4,23.0,212.0,3.893,12.283,52,0.522,1774.0,1,202
UG-MBL-0005,coffee,2026-01-29T00:00:00,31.881,47.54,2.835,62.143,33.2,23.0,211.4,3.881,14.873,53,0.56,1904.2,1,202
UG-MBL-0005,coffee,2026-01-30T00:00:00,31.597,50.3,2.883,62.286,33.1,22.9,211.0,3.597,17.633,54,0.485,1648.2,1,202
UG-MBL-0005,coffee,2026-01-31T00:00:00,31.351,49.46,2.562,62.333,32.9,22.8,211.0,3.351,16.793,55,0.47,1597.0,1,200
UG-MBL-0005,coffee,2026-02-01T00:00:00,31.16,51.19,1.94,61.12,32.9,23.0,211.6,3.16,18.523,56,0.51,1735.0,1,200
UG-MBL-0005,coffee,2026-02-02T00:00:00,31.341,50.1,1.748,60.587,32.9,23.0,211.3,3.341,17.433,57,0.482,1640.1,1,198
UG-MBL-0005,coffee,2026-02-03T00:00:00,31.054,50.48,2.345,60.601,32.8,22.9,211.6,3.054,17.813,58,0.497,1689.3,1,197
UG-MBL-0005,coffee,2026-02-04T00:00:00,31.074,56.68,2.624,59.491,32.7,22.7,211.5,3.074,24.013,59,0.408,1385.6,1,200
UG-MBL-0005,coffee,2026-02-05T00:00:00,31.217,57.42,2.368,59.614,32.3,22.7,212.0,3.217,24.753,60,0.407,1382.5,1,199
UG-MBL-0005,coffee,2026-02-06T00:00:00,31.413,57.89,1.753,61.686,32.1,22.6,211.8,3.413,25.223,61,0.456,1551.6,1,198
UG-MBL-0005,coffee,2026-02-07T00:00:00,31.323,57.84,2.091,62.351,32.1,22.7,212.4,3.323,25.173,62,0.438,1489.2,1,197
UG-MBL-0005,coffee,2026-02-08T00:00:00,31.427,56.78,1.924,61.204,32.1,22.6,212.3,3.427,24.113,63,0.419,1423.2,1,196
UG-MBL-0005,coffee,2026-02-09T00:00:00,31.359,57.45,1.825,62.647,32.0,22.7,212.3,3.359,24.783,64,0.442,1502.4,1,195
UG-MBL-0005,coffee,2026-02-10T00:00:00,31.41,55.71,1.334,62.18,32.1,22.7,211.8,3.41,23.043,65,0.437,1487.2,1,192
UG-MBL-0005,coffee,2026-02-11T00:00:00,31.661,52.12,2.043,63.313,31.9,22.5,211.7,3.661,19.453,66,0.45,1529.6,1,191
UG-MBL-0005,coffee,2026-02-12T00:00:00,31.671,51.55,1.857,64.374,32.1,22.6,211.0,3.671,18.883,67,0.515,1749.7,1,189
UG-MBL-0005,coffee,2026-02-13T00:00:00,31.74,48.95,1.951,62.279,31.8,22.5,211.3,3.74,16.283,68,0.521,1771.9,1,187
UG-MBL-0005,coffee,2026-02-14T00:00:00,31.684,48.19,1.018,63.14,31.8,22.4,210.5,3.684,15.523,69,0.51,1735.3,1,185
UG-MBL-0005,coffee,2026-02-15T00:00:00,31.843,50.83,1.013,65.03,31.6,22.6,210.0,3.843,18.163,70,0.492,1671.3,1,185
UG-MBL-0005,coffee,2026-02-16T00:00:00,31.913,53.61,1.243,65.531,31.7,22.5,209.6,3.913,20.943,71,0.461,1568.4,1,186
UG-MBL-0005,coffee,2026-02-17T00:00:00,32.073,59.01,1.559,67.447,31.3,22.5,209.1,4.073,26.343,72,0.426,1449.3,1,188
UG-MBL-0005,coffee,2026-02-18T00:00:00,32.114,61.25,1.444,66.801,31.2,22.7,209.3,4.114,28.583,73,0.37,1259.6,0,188
UG-MBL-0005,coffee,2026-02-19T00:00:00,32.13,57.68,1.923,66.317,31.0,22.6,209.6,4.13,25.013,74,0.444,1509.3,1,186
UG-MBL-0005,coffee,2026-02-20T00:00:00,32.153,61.5,2.397,67.563,30.8,22.6,209.1,4.153,28.833,75,0.394,1338.7,0,187
UG-MBL-0005,coffee,2026-02-21T00:00:00,32.184,60.69,2.305,65.331,30.6,22.6,208.6,4.184,28.023,76,0.381,1294.8,0,186
UG-MBL-0005,coffee,2026-02-22T00:00:00,31.949,60.01,3.768,66.31,30.6,22.4,208.5,3.949,27.343,77,0.374,1270.2,0,185
UG-MBL-0005,coffee,2026-02-23T00:00:00,31.877,60.36,5.859,66.147,30.2,22.3,208.2,3.877,27.693,78,0.4,1359.0,0,185
UG-MBL-0005,coffee,2026-02-24T00:00:00,31.977,52.66,5.224,66.036,30.1,22.1,208.5,3.977,19.993,79,0.432,1468.4,1,180
UG-MBL-0005,coffee,2026-02-25T00:00:00,31.843,50.79,5.184,66.694,30.2,22.1,207.7,3.843,18.123,80,0.432,1470.2,1,178
UG-MBL-0005,coffee,2026-02-26T00:00:00,31.747,52.76,5.276,67.091,30.4,22.1,207.6,3.747,20.093,81,0.428,1454.0,1,178
UG-MBL-0005,coffee,2026-02-27T00:00:00,31.5,50.82,7.194,66.561,30.5,22.0,207.5,3.5,18.153,82,0.474,1610.6,1,177
UG-MBL-0005,coffee,2026-02-28T00:00:00,31.21,53.5,7.313,69.071,30.4,22.0,208.0,3.21,20.833,83,0.385,1308.1,0,177
UG-MBL-0005,coffee,2026-03-01T00:00:00,31.019,49.71,5.625,68.389,30.3,21.9,207.8,3.019,17.043,84,0.461,1567.7,1,173
UG-MBL-0005,coffee,2026-03-02T00:00:00,31.194,45.03,5.239,66.909,30.3,21.9,207.7,3.194,12.363,85,0.541,1837.7,1,170
UG-MBL-0005,coffee,2026-03-03T00:00:00,30.587,49.72,5.549,65.224,30.1,22.0,207.9,2.587,17.053,86,0.474,1609.9,1,170
UG-MBL-0005,coffee,2026-03-04T00:00:00,30.717,49.98,5.533,64.28,30.1,21.9,207.9,2.717,17.313,87,0.482,1639.1,1,170
UG-MBL-0005,coffee,2026-03-05T00:00:00,30.886,52.31,5.326,63.161,29.8,21.7,207.7,2.886,19.643,88,0.484,1645.4,1,170
UG-MBL-0005,coffee,2026-03-06T00:00:00,30.65,49.4,2.52,63.711,29.7,21.5,208.1,2.65,16.733,89,0.518,1762.6,1,166
UG-MBL-0005,coffee,2026-03-07T00:00:00,31.304,46.77,1.805,64.314,29.5,21.5,207.7,3.304,14.103,90,0.493,1676.3,1,163
UG-MBL-0005,coffee,2026-03-08T00:00:00,31.593,46.83,1.795,62.82,29.3,21.3,207.8,3.593,14.163,91,0.496,1687.5,1,163
UG-MBL-0005,coffee,2026-03-09T00:00:00,31.293,50.92,1.526,62.5,29.1,21.2,207.9,3.293,18.253,92,0.5,1698.6,1,163
UG-MBL-0005,coffee,2026-03-10T00:00:00,31.391,46.85,0.914,64.75,29.1,21.0,207.1,3.391,14.183,93,0.536,1822.5,1,160
UG-MBL-0005,coffee,2026-03-11T00:00:00,31.123,46.16,1.195,64.461,28.9,21.0,207.1,3.123,13.493,94,0.511,1737.5,1,158
UG-MBL-0005,coffee,2026-03-12T00:00:00,30.501,43.51,1.655,64.153,29.0,21.0,206.6,2.501,10.843,95,0.539,1833.3,1,156
UG-MBL-0005,coffee,2026-03-13T00:00:00,30.801,46.66,1.529,63.109,28.9,21.1,206.3,2.801,13.993,96,0.52,1767.6,1,157
UG-MBL-0005,coffee,2026-03-14T00:00:00,29.95,50.85,1.591,60.291,28.8,21.1,205.7,1.95,18.183,97,0.531,1805.2,1,157
UG-MBL-0005,coffee,2026-03-15T00:00:00,29.24,51.58,1.59,60.673,28.8,21.1,205.9,1.24,18.913,98,0.527,1791.1,1,155
UG-MBL-0005,coffee,2026-03-16T00:00:00,29.197,47.95,0.606,61.174,29.0,21.0,205.8,1.197,15.283,99,0.555,1887.9,1,151
UG-MBL-0005,coffee,2026-03-17T00:00:00,29.443,49.51,0.914,58.63,28.6,21.1,205.7,1.443,16.843,100,0.481,1635.4,1,152
UG-MBL-0005,coffee,2026-03-18T00:00:00,29.383,47.02,0.81,58.473,28.4,21.2,205.3,1.383,14.353,101,0.527,1790.3,1,149
UG-MBL-0005,coffee,2026-03-19T00:00:00,29.59,46.96,0.494,58.501,28.0,21.2,205.5,1.59,14.293,102,0.528,1795.6,1,148
UG-MBL-0005,coffee,2026-03-20T00:00:00,29.414,42.75,0.308,58.589,27.8,21.3,205.1,1.414,10.083,103,0.616,2093.9,1,144
UG-MBL-0005,coffee,2026-03-21T00:00:00,29.654,42.46,0.533,58.72,27.8,21.2,205.4,1.654,9.793,104,0.561,1908.5,1,144
UG-MBL-0005,coffee,2026-03-22T00:00:00,29.687,40.83,1.149,58.473,27.8,21.0,204.8,1.687,8.163,105,0.611,2076.7,1,143
UG-MBL-0005,coffee,2026-03-23T00:00:00,29.673,40.46,3.938,58.171,27.6,21.2,204.1,1.673,7.793,106,0.54,1837.5,1,144
UG-MBL-0005,coffee,2026-03-24T00:00:00,29.504,34.74,4.183,59.116,27.7,21.1,204.1,1.504,2.073,107,0.59,2005.9,1,140
UG-MBL-0005,coffee,2026-03-25T00:00:00,29.87,37.04,4.195,58.363,27.8,21.0,204.2,1.87,4.373,108,0.595,2021.9,1,141
UG-MBL-0005,coffee,2026-03-26T00:00:00,30.084,35.49,4.834,56.629,27.7,21.1,204.0,2.084,2.823,109,0.634,2154.4,1,140
UG-MBL-0005,coffee,2026-03-27T00:00:00,30.054,38.04,5.175,55.623,27.3,21.1,203.7,2.054,5.373,110,0.557,1894.1,1,140
UG-MBL-0005,coffee,2026-03-28T00:00:00,29.916,33.03,4.308,55.433,27.2,21.0,203.8,1.916,0.363,111,0.532,1808.5,1,136
UG-MBL-0005,coffee,2026-03-29T00:00:00,29.901,32.82,5.33,55.103,27.0,21.2,203.8,1.901,0.153,112,0.559,1901.8,1,135
UG-MBL-0005,coffee,2026-03-30T00:00:00,29.669,34.03,3.725,54.476,26.9,20.8,204.5,1.669,1.363,113,0.615,2090.3,1,134
UG-MBL-0005,coffee,2026-03-31T00:00:00,29.309,39.05,3.005,53.07,26.6,20.6,204.6,1.309,6.383,114,0.529,1797.7,1,134
UG-MBL-0005,coffee,2026-04-01T00:00:00,28.55,35.32,6.76,52.536,26.4,20.6,204.5,0.55,2.653,115,0.57,1938.5,1,133
UG-MBL-0005,coffee,2026-04-02T00:00:00,28.207,31.57,6.592,52.556,26.1,20.3,204.3,0.207,1.097,116,0.612,2080.4,1,130
UG-MBL-0005,coffee,2026-04-03T00:00:00,27.774,32.87,6.738,52.574,26.1,20.2,204.2,0.226,0.203,117,0.544,1848.1,1,129
UG-MBL-0005,coffee,2026-04-04T00:00:00,27.496,31.38,6.207,51.93,25.9,20.3,203.9,0.504,1.287,118,0.594,2020.6,1,129
UG-MBL-0005,coffee,2026-04-05T00:00:00,27.306,28.92,5.498,50.406,25.8,20.0,203.9,0.694,3.747,119,0.55,1869.2,1,129
UG-MBL-0005,coffee,2026-04-06T00:00:00,26.779,27.9,4.8,48.859,25.6,20.3,203.1,1.221,4.767,120,0.527,1791.0,1,129
UG-MBL-0005,coffee,2026-04-07T00:00:00,26.709,25.77,6.8,49.207,25.8,20.3,202.4,1.291,6.897,121,0.522,1773.5,1,130
UG-MBL-0005,coffee,2026-04-08T00:00:00,26.743,23.9,4.772,50.296,25.8,20.4,202.3,1.257,8.767,122,0.508,1725.9,1,128
UG-MBL-0005,coffee,2026-04-09T00:00:00,26.071,28.07,4.115,50.601,25.9,20.4,201.5,1.929,4.597,123,0.58,1972.8,1,126
UG-MBL-0005,coffee,2026-04-10T00:00:00,26.329,25.92,4.021,50.441,26.1,20.4,201.4,1.671,6.747,124,0.59,2007.5,1,126
UG-MBL-0005,coffee,2026-04-11T00:00:00,26.154,22.84,4.012,50.844,26.0,20.5,201.2,1.846,9.827,125,0.516,1754.2,1,126
UG-MBL-0005,coffee,2026-04-12T00:00:00,26.286,20.6,3.621,51.053,25.9,20.5,201.4,1.714,12.067,126,0.495,1683.5,1,126
UG-MBL-0005,coffee,2026-04-13T00:00:00,26.633,16.97,3.031,51.869,25.8,20.5,201.5,1.367,15.697,127,0.479,1629.2,1,126
UG-MBL-0005,coffee,2026-04-14T00:00:00,26.854,19.47,1.814,53.3,25.4,20.6,201.8,1.146,13.197,128,0.489,1663.1,1,122
UG-MBL-0005,coffee,2026-04-15T00:00:00,26.384,23.61,1.649,51.777,25.5,20.4,201.3,1.616,9.057,129,0.51,1732.9,1,120
UG-MBL-0005,coffee,2026-04-16T00:00:00,26.711,19.38,1.734,52.677,25.5,20.4,201.9,1.289,13.287,130,0.47,1598.0,1,121
UG-MBL-0005,coffee,2026-04-17T00:00:00,26.404,21.82,1.5,51.846,25.5,20.3,201.5,1.596,10.847,131,0.496,1685.2,1,119
UG-MBL-0005,coffee,2026-04-18T00:00:00,26.666,26.55,1.286,51.95,25.6,20.2,201.6,1.334,6.117,132,0.628,2133.6,1,115
UG-MBL-0005,coffee,2026-04-19T00:00:00,26.436,26.47,1.728,52.581,25.3,20.2,201.3,1.564,6.197,133,0.549,1868.2,1,115
UG-MBL-0005,coffee,2026-04-20T00:00:00,26.289,25.44,1.586,53.37,25.7,20.1,201.5,1.711,7.227,134,0.474,1610.3,1,114
UG-MBL-0005,coffee,2026-04-21T00:00:00,25.866,22.42,0.624,51.796,25.8,20.1,201.4,2.134,10.247,135,0.523,1778.1,1,114
UG-MBL-0005,coffee,2026-04-22T00:00:00,25.846,21.88,0.716,52.063,25.7,20.1,201.9,2.154,10.787,136,0.487,1655.7,1,113
UG-MBL-0005,coffee,2026-04-23T00:00:00,25.511,21.47,1.081,50.533,25.4,19.9,202.0,2.489,11.197,137,0.523,1778.1,1,113
UG-MBL-0005,coffee,2026-04-24T00:00:00,25.244,19.07,1.654,50.244,25.1,19.9,202.3,2.756,13.597,138,0.49,1667.5,1,114
UG-MBL-0005,coffee,2026-04-25T00:00:00,25.093,15.1,1.886,50.663,25.0,19.9,202.2,2.907,17.567,139,0.457,1554.9,1,116
UG-MBL-0005,coffee,2026-04-26T00:00:00,25.033,22.49,1.856,49.891,25.0,19.8,202.2,2.967,10.177,140,0.512,1740.2,1,111
UG-MBL-0005,coffee,2026-04-27T00:00:00,24.636,22.8,2.42,47.317,24.6,19.7,201.3,3.364,9.867,141,0.492,1674.3,1,111
UG-MBL-0005,coffee,2026-04-28T00:00:00,24.393,23.94,2.545,45.556,24.6,19.7,201.4,3.607,8.727,142,0.465,1580.1,1,110
UG-MBL-0005,coffee,2026-04-29T00:00:00,24.679,21.01,4.959,45.28,24.4,19.8,201.5,3.321,11.657,143,0.474,1610.9,1,111
UG-MBL-0005,coffee,2026-04-30T00:00:00,24.56,24.56,4.685,46.46,24.3,19.9,201.3,3.44,8.107,144,0.534,1816.7,1,109
UG-MBL-0005,coffee,2026-05-01T00:00:00,24.786,23.88,3.708,48.733,24.3,19.8,201.3,3.214,8.787,145,0.56,1905.7,1,107
UG-MBL-0005,coffee,2026-05-02T00:00:00,24.456,25.53,5.657,46.779,24.1,19.9,201.1,3.544,7.137,146,0.498,1691.8,1,107
UG-MBL-0005,coffee,2026-05-03T00:00:00,24.25,18.14,5.694,46.913,24.1,20.0,200.4,3.75,14.527,147,0.439,1491.4,1,110
UG-MBL-0005,coffee,2026-05-04T00:00:00,24.216,16.97,3.955,48.851,24.2,19.9,200.9,3.784,15.697,148,0.456,1551.3,1,108
UG-MBL-0005,coffee,2026-05-05T00:00:00,24.413,14.22,3.958,49.667,23.9,19.8,200.5,3.587,18.447,149,0.465,1580.9,1,108
UG-MBL-0005,coffee,2026-05-06T00:00:00,24.267,14.27,2.768,48.804,23.9,19.9,199.6,3.733,18.397,150,0.41,1393.5,1,107
UG-MBL-0005,coffee,2026-05-07T00:00:00,24.45,9.76,2.23,47.503,23.8,19.7,199.5,3.55,22.907,151,0.414,1408.1,1,107
UG-MBL-0005,coffee,2026-05-08T00:00:00,23.986,12.09,2.358,44.859,23.8,19.6,199.4,4.014,20.577,152,0.379,1287.4,0,106
UG-MBL-0005,coffee,2026-05-09T00:00:00,23.78,9.71,0.901,44.774,23.7,19.5,198.8,4.22,22.957,153,0.402,1366.2,1,105
UG-MBL-0005,coffee,2026-05-10T00:00:00,23.911,11.23,0.92,44.629,23.4,19.3,199.3,4.089,21.437,154,0.434,1474.2,1,103
UG-MBL-0005,coffee,2026-05-11T00:00:00,23.953,15.95,0.77,42.981,23.0,19.3,198.7,4.047,16.717,155,0.404,1372.3,1,99
UG-MBL-0005,coffee,2026-05-12T00:00:00,24.21,14.8,0.701,42.286,23.2,19.2,198.6,3.79,17.867,156,0.422,1436.1,1,99
UG-MBL-0005,coffee,2026-05-13T00:00:00,24.211,14.85,0.904,42.81,23.2,19.2,198.7,3.789,17.817,157,0.465,1580.1,1,98
UG-MBL-0005,coffee,2026-05-14T00:00:00,24.179,14.45,1.042,43.34,23.3,19.2,198.3,3.821,18.217,158,0.45,1528.9,1,97
UG-MBL-0005,coffee,2026-05-15T00:00:00,24.157,10.54,0.897,43.779,23.1,19.2,197.4,3.843,22.127,159,0.431,1465.1,1,98
UG-MBL-0005,coffee,2026-05-16T00:00:00,24.376,10.51,1.053,42.78,23.3,19.1,197.8,3.624,22.157,160,0.427,1452.3,1,97
UG-MBL-0005,coffee,2026-05-17T00:00:00,24.24,11.53,0.97,42.003,23.3,19.0,196.9,3.76,21.137,161,0.398,1351.9,0,96
UG-MBL-0005,coffee,2026-05-18T00:00:00,24.42,8.16,0.657,41.694,23.6,19.0,197.2,3.58,24.507,162,0.454,1544.6,1,96
UG-MBL-0005,coffee,2026-05-19T00:00:00,24.043,13.64,1.678,42.454,23.3,19.1,197.4,3.957,19.027,163,0.42,1428.6,1,93
UG-MBL-0005,coffee,2026-05-20T00:00:00,23.874,15.89,2.3,41.693,23.1,19.1,196.5,4.126,16.777,164,0.334,1135.6,0,92
UG-MBL-0005,coffee,2026-05-21T00:00:00,23.84,16.63,3.007,41.303,22.7,19.0,196.3,4.16,16.037,165,0.417,1416.8,1,91
UG-MBL-0005,coffee,2026-05-22T00:00:00,24.387,14.06,4.113,42.566,22.7,19.0,196.6,3.613,18.607,166,0.393,1335.4,0,92
UG-MBL-0005,coffee,2026-05-23T00:00:00,24.263,16.04,4.164,43.351,22.3,19.0,195.7,3.737,16.627,167,0.442,1502.8,1,90
UG-MBL-0005,coffee,2026-05-24T00:00:00,24.307,14.73,4.717,45.004,22.3,18.9,195.9,3.693,17.937,168,0.392,1334.1,0,90
UG-MBL-0005,coffee,2026-05-25T00:00:00,24.591,14.51,4.79,44.904,22.1,18.9,195.3,3.409,18.157,169,0.44,1494.8,1,89
UG-MBL-0005,coffee,2026-05-26T00:00:00,24.719,10.38,3.623,43.237,22.1,18.9,194.6,3.281,22.287,170,0.398,1351.9,0,89
UG-MBL-0005,coffee,2026-05-27T00:00:00,24.761,9.1,3.361,43.929,22.0,18.9,195.5,3.239,23.567,171,0.343,1165.4,0,88
UG-MBL-0005,coffee,2026-05-28T00:00:00,24.72,11.32,2.587,44.69,21.7,19.0,195.6,3.28,21.347,172,0.39,1325.2,0,86
UG-MBL-0005,coffee,2026-05-29T00:00:00,24.309,13.85,3.592,43.384,21.5,19.1,195.1,3.691,18.817,173,0.378,1285.1,0,85
UG-MBL-0005,coffee,2026-05-30T00:00:00,24.294,16.67,3.506,44.389,21.5,19.2,195.2,3.706,15.997,174,0.43,1462.8,1,82
UG-MBL-0005,coffee,2026-05-31T00:00:00,24.366,19.39,2.814,44.224,21.4,19.1,195.3,3.634,13.277,175,0.427,1452.2,1,79
UG-MBL-0005,coffee,2026-06-01T00:00:00,24.083,19.52,3.461,45.437,21.3,19.0,195.0,3.917,13.147,176,0.445,1513.6,1,79
UG-MBL-0005,coffee,2026-06-02T00:00:00,24.101,20.56,3.395,48.016,21.4,18.8,194.9,3.899,12.107,177,0.443,1506.7,1,77
UG-MBL-0005,coffee,2026-06-03T00:00:00,23.977,23.06,3.099,48.1,21.4,18.8,194.7,4.023,9.607,178,0.466,1585.2,1,75
UG-MBL-0005,coffee,2026-06-04T00:00:00,24.22,23.69,3.932,47.143,21.4,18.6,194.5,3.78,8.977,179,0.536,1821.6,1,74
UG-MBL-0006,coffee,2025-12-13T00:00:00,25.823,29.85,1.101,47.526,39.4,24.8,219.6,2.177,2.817,6,0.698,1395.2,1,240
UG-MBL-0006,coffee,2025-12-14T00:00:00,25.853,26.4,2.415,46.016,39.5,24.5,219.6,2.147,6.267,7,0.612,1224.7,1,242
UG-MBL-0006,coffee,2025-12-15T00:00:00,26.156,23.81,4.007,45.346,39.3,24.7,219.2,1.844,8.857,8,0.675,1351.0,1,243
UG-MBL-0006,coffee,2025-12-16T00:00:00,26.203,23.32,4.22,45.824,38.9,24.6,218.6,1.797,9.347,9,0.668,1336.6,1,242
UG-MBL-0006,coffee,2025-12-17T00:00:00,26.277,23.54,4.252,47.369,38.8,24.7,218.4,1.723,9.127,10,0.582,1163.3,1,241
UG-MBL-0006,coffee,2025-12-18T00:00:00,26.193,21.65,4.257,50.099,38.6,24.6,218.3,1.807,11.017,11,0.602,1204.6,1,241
UG-MBL-0006,coffee,2025-12-19T00:00:00,26.364,23.11,4.343,49.279,38.6,24.7,217.6,1.636,9.557,12,0.65,1300.2,1,239
UG-MBL-0006,coffee,2025-12-20T00:00:00,26.507,22.35,6.155,48.881,38.5,24.6,217.5,1.493,10.317,13,0.64,1280.2,1,239
UG-MBL-0006,coffee,2025-12-21T00:00:00,26.871,25.73,4.343,49.573,38.3,24.7,217.5,1.129,6.937,14,0.665,1329.0,1,235
UG-MBL-0006,coffee,2025-12-22T00:00:00,26.874,30.09,3.684,50.643,38.1,24.6,217.5,1.126,2.577,15,0.702,1404.2,2,232
UG-MBL-0006,coffee,2025-12-23T00:00:00,26.624,27.91,2.776,50.65,38.1,24.8,217.6,1.376,4.757,16,0.658,1315.6,1,231
UG-MBL-0006,coffee,2025-12-24T00:00:00,26.757,24.71,3.23,50.991,38.0,24.6,217.5,1.243,7.957,17,0.586,1172.9,1,232
UG-MBL-0006,coffee,2025-12-25T00:00:00,26.754,27.96,3.533,49.514,37.9,24.4,217.0,1.246,4.707,18,0.743,1485.6,2,230
UG-MBL-0006,coffee,2025-12-26T00:00:00,26.616,28.05,2.517,49.899,37.7,24.3,217.4,1.384,4.617,19,0.656,1311.5,1,228
UG-MBL-0006,coffee,2025-12-27T00:00:00,26.461,27.31,1.962,51.52,37.5,24.2,217.4,1.539,5.357,20,0.684,1369.0,1,227
UG-MBL-0006,coffee,2025-12-28T00:00:00,26.393,28.03,3.374,52.241,37.5,24.0,217.0,1.607,4.637,21,0.669,1338.7,1,227
UG-MBL-0006,coffee,2025-12-29T00:00:00,26.097,25.77,3.601,53.603,37.3,24.0,216.8,1.903,6.897,22,0.676,1351.9,1,228
UG-MBL-0006,coffee,2025-12-30T00:00:00,26.314,26.95,3.307,53.566,37.4,23.8,216.4,1.686,5.717,23,0.666,1331.7,1,226
UG-MBL-0006,coffee,2025-12-31T00:00:00,26.566,29.38,3.25,52.751,37.3,23.6,215.6,1.434,3.287,24,0.689,1377.5,1,223
UG-MBL-0006,coffee,2026-01-01T00:00:00,26.919,25.57,2.273,53.251,37.2,23.8,215.3,1.081,7.097,25,0.586,1172.9,1,223
UG-MBL-0006,coffee,2026-01-02T00:00:00,27.126,28.35,2.053,56.34,37.1,23.6,215.2,0.874,4.317,26,0.666,1331.6,1,220
UG-MBL-0006,coffee,2026-01-03T00:00:00,27.75,30.02,2.024,56.723,37.0,23.5,215.3,0.25,2.647,27,0.735,1470.7,2,217
UG-MBL-0006,coffee,2026-01-04T00:00:00,28.109,29.94,1.297,57.006,36.9,23.5,215.4,0.109,2.727,28,0.739,1478.6,2,216
UG-MBL-0006,coffee,2026-01-05T00:00:00,28.266,32.5,1.114,57.544,36.9,23.3,215.8,0.266,0.167,29,0.71,1420.8,2,213
UG-MBL-0006,coffee,2026-01-06T00:00:00,28.829,30.5,1.094,58.53,36.7,23.3,216.2,0.829,2.167,30,0.667,1333.2,1,214
UG-MBL-0006,coffee,2026-01-07T00:00:00,28.907,31.82,4.636,58.847,36.5,23.4,216.7,0.907,0.847,31,0.705,1410.4,2,215
UG-MBL-0006,coffee,2026-01-08T00:00:00,29.119,33.67,4.203,59.331,36.4,23.3,217.2,1.119,1.003,32,0.611,1221.6,1,214
UG-MBL-0006,coffee,2026-01-09T00:00:00,29.457,35.48,4.671,57.394,36.3,23.3,217.1,1.457,2.813,33,0.642,1283.2,1,215
UG-MBL-0006,coffee,2026-01-10T00:00:00,29.313,38.56,5.443,55.134,36.0,23.3,216.9,1.313,5.893,34,0.701,1403.0,2,216
UG-MBL-0006,coffee,2026-01-11T00:00:00,29.239,37.75,5.847,56.001,35.8,23.3,216.9,1.239,5.083,35,0.697,1394.8,1,214
UG-MBL-0006,coffee,2026-01-12T00:00:00,29.639,38.4,5.032,54.421,35.6,23.5,216.6,1.639,5.733,36,0.661,1321.4,1,214
UG-MBL-0006,coffee,2026-01-13T00:00:00,29.747,43.3,4.081,54.827,35.6,23.5,216.2,1.747,10.633,37,0.619,1237.7,1,215
UG-MBL-0006,coffee,2026-01-14T00:00:00,30.077,43.73,2.462,56.317,35.5,23.4,216.4,2.077,11.063,38,0.551,1101.6,1,213
UG-MBL-0006,coffee,2026-01-15T00:00:00,29.964,47.39,2.298,56.23,35.3,23.4,215.6,1.964,14.723,39,0.559,1118.9,1,214
UG-MBL-0006,coffee,2026-01-16T00:00:00,29.976,45.0,0.758,55.93,35.2,23.5,215.7,1.976,12.333,40,0.605,1209.5,1,210
UG-MBL-0006,coffee,2026-01-17T00:00:00,30.137,45.62,0.807,57.994,35.1,23.5,215.4,2.137,12.953,41,0.584,1168.0,1,209
UG-MBL-0006,coffee,2026-01-18T00:00:00,30.034,46.88,1.082,57.583,34.8,23.6,214.6,2.034,14.213,42,0.582,1164.7,1,209
UG-MBL-0006,coffee,2026-01-19T00:00:00,30.101,48.91,1.107,58.839,34.5,23.5,214.3,2.101,16.243,43,0.612,1224.3,1,209
UG-MBL-0006,coffee,2026-01-20T00:00:00,29.886,48.19,1.061,59.954,34.1,23.6,214.2,1.886,15.523,44,0.565,1130.7,1,208
UG-MBL-0006,coffee,2026-01-21T00:00:00,29.774,53.08,1.142,58.289,34.0,23.5,213.6,1.774,20.413,45,0.532,1063.5,1,209
UG-MBL-0006,coffee,2026-01-22T00:00:00,30.011,50.04,1.263,57.534,34.0,23.5,213.7,2.011,17.373,46,0.584,1168.4,1,207
UG-MBL-0006,coffee,2026-01-23T00:00:00,30.229,52.06,2.717,58.624,33.6,23.4,213.1,2.229,19.393,47,0.487,974.6,1,208
UG-MBL-0006,coffee,2026-01-24T00:00:00,30.431,51.28,3.334,59.01,33.5,23.4,212.9,2.431,18.613,48,0.504,1007.4,1,208
UG-MBL-0006,coffee,2026-01-25T00:00:00,30.71,56.42,2.842,60.093,33.5,23.3,213.2,2.71,23.753,49,0.464,927.6,1,209
UG-MBL-0006,coffee,2026-01-26T00:00:00,30.837,54.59,2.152,60.621,33.5,23.5,212.7,2.837,21.923,50,0.505,1010.4,1,207
UG-MBL-0006,coffee,2026-01-27T00:00:00,31.283,54.32,1.955,60.766,33.4,23.3,211.6,3.283,21.653,51,0.489,977.1,1,206
UG-MBL-0006,coffee,2026-01-28T00:00:00,31.266,47.56,0.79,61.869,33.4,23.5,211.5,3.266,14.893,52,0.555,1109.2,1,201
UG-MBL-0006,coffee,2026-01-29T00:00:00,31.197,49.58,0.925,64.221,33.3,23.4,211.3,3.197,16.913,53,0.526,1052.8,1,201
UG-MBL-0006,coffee,2026-01-30T00:00:00,31.116,48.47,0.657,64.904,33.3,23.4,211.3,3.116,15.803,54,0.528,1055.0,1,199
UG-MBL-0006,coffee,2026-01-31T00:00:00,31.16,47.83,0.467,63.88,33.2,23.3,211.2,3.16,15.163,55,0.584,1167.8,1,197
UG-MBL-0006,coffee,2026-02-01T00:00:00,31.303,45.67,0.549,62.904,33.3,23.2,210.7,3.303,13.003,56,0.569,1138.7,1,195
UG-MBL-0006,coffee,2026-02-02T00:00:00,31.211,47.25,1.11,61.259,33.1,23.0,210.6,3.211,14.583,57,0.579,1157.4,1,196
UG-MBL-0006,coffee,2026-02-03T00:00:00,30.986,49.93,1.11,60.627,33.2,23.0,211.5,2.986,17.263,58,0.509,1018.9,1,196
UG-MBL-0006,coffee,2026-02-04T00:00:00,31.203,53.7,2.333,61.69,33.0,23.1,211.5,3.203,21.033,59,0.48,959.0,1,198
UG-MBL-0006,coffee,2026-02-05T00:00:00,31.449,54.43,2.689,59.39,32.8,23.1,211.4,3.449,21.763,60,0.48,960.4,1,198
UG-MBL-0006,coffee,2026-02-06T00:00:00,31.57,58.92,3.028,60.539,32.5,23.1,211.0,3.57,26.253,61,0.442,883.7,1,200
UG-MBL-0006,coffee,2026-02-07T00:00:00,31.691,62.67,3.05,62.159,32.7,22.9,210.6,3.691,30.003,62,0.436,872.7,1,201
UG-MBL-0006,coffee,2026-02-08T00:00:00,31.714,58.89,3.756,62.331,32.4,22.7,210.9,3.714,26.223,63,0.425,849.6,1,198
UG-MBL-0006,coffee,2026-02-09T00:00:00,31.806,61.2,2.81,63.476,32.4,22.7,210.6,3.806,28.533,64,0.445,890.8,1,198
UG-MBL-0006,coffee,2026-02-10T00:00:00,31.544,59.46,2.912,65.251,32.2,22.6,210.0,3.544,26.793,65,0.45,899.8,1,196
UG-MBL-0006,coffee,2026-02-11T00:00:00,31.579,54.47,2.919,64.881,32.3,22.5,210.1,3.579,21.803,66,0.475,949.1,1,192
UG-MBL-0006,coffee,2026-02-12T00:00:00,31.427,54.02,2.477,65.15,32.1,22.3,210.3,3.427,21.353,67,0.456,912.4,1,191
UG-MBL-0006,coffee,2026-02-13T00:00:00,31.617,52.23,2.075,63.891,32.2,22.2,210.4,3.617,19.563,68,0.522,1043.7,1,189
UG-MBL-0006,coffee,2026-02-14T00:00:00,31.504,49.86,2.118,64.4,31.7,22.2,210.8,3.504,17.193,69,0.49,979.3,1,186
UG-MBL-0006,coffee,2026-02-15T00:00:00,31.566,54.71,1.096,64.719,31.7,22.3,211.0,3.566,22.043,70,0.486,971.7,1,187
UG-MBL-0006,coffee,2026-02-16T00:00:00,31.89,55.43,1.149,64.613,31.5,22.1,211.7,3.89,22.763,71,0.472,944.5,1,187
UG-MBL-0006,coffee,2026-02-17T00:00:00,32.126,52.66,1.211,63.649,31.3,21.9,211.8,4.126,19.993,72,0.484,968.3,1,185
UG-MBL-0006,coffee,2026-02-18T00:00:00,31.864,52.69,0.559,62.337,31.0,21.7,210.8,3.864,20.023,73,0.487,973.3,1,183
UG-MBL-0006,coffee,2026-02-19T00:00:00,31.954,56.59,0.613,65.221,31.0,21.8,210.7,3.954,23.923,74,0.44,880.8,1,184
UG-MBL-0006,coffee,2026-02-20T00:00:00,31.723,54.87,0.983,65.194,30.7,21.8,210.3,3.723,22.203,75,0.428,856.4,1,182
UG-MBL-0006,coffee,2026-02-21T00:00:00,31.574,56.42,0.622,63.623,30.8,21.7,209.8,3.574,23.753,76,0.512,1024.9,1,181
UG-MBL-0006,coffee,2026-02-22T00:00:00,31.53,53.41,0.623,65.347,30.6,21.7,209.4,3.53,20.743,77,0.48,959.3,1,179
UG-MBL-0006,coffee,2026-02-23T00:00:00,31.283,55.89,0.985,65.259,30.5,21.8,208.9,3.283,23.223,78,0.47,939.9,1,179
UG-MBL-0006,coffee,2026-02-24T00:00:00,31.124,60.95,1.046,64.801,30.4,21.8,208.8,3.124,28.283,79,0.431,861.4,1,180
UG-MBL-0006,coffee,2026-02-25T00:00:00,31.184,68.86,2.568,65.921,30.2,22.0,209.4,3.184,36.193,80,0.393,785.1,0,185
UG-MBL-0006,coffee,2026-02-26T00:00:00,31.026,62.03,2.531,64.811,30.3,21.8,208.9,3.026,29.363,81,0.474,948.2,1,180
UG-MBL-0006,coffee,2026-02-27T00:00:00,30.87,62.94,1.904,64.307,30.2,21.7,209.0,2.87,30.273,82,0.419,838.0,1,179
UG-MBL-0006,coffee,2026-02-28T00:00:00,30.993,61.55,2.071,65.161,29.9,21.6,209.5,2.993,28.883,83,0.417,833.2,1,177
UG-MBL-0006,coffee,2026-03-01T00:00:00,30.886,64.44,1.905,66.221,29.8,21.5,209.0,2.886,31.773,84,0.366,731.2,0,178
UG-MBL-0006,coffee,2026-03-02T00:00:00,30.736,56.84,1.941,66.764,29.6,21.5,208.9,2.736,24.173,85,0.419,837.1,1,173
UG-MBL-0006,coffee,2026-03-03T00:00:00,31.003,52.41,1.946,66.714,29.4,21.5,208.3,3.003,19.743,86,0.439,877.7,1,170
UG-MBL-0006,coffee,2026-03-04T00:00:00,30.93,50.89,0.843,65.883,29.5,21.5,207.6,2.93,18.223,87,0.49,980.8,1,167
UG-MBL-0006,coffee,2026-03-05T00:00:00,30.82,56.69,4.73,65.4,29.3,21.5,207.7,2.82,24.023,88,0.381,762.3,0,172
UG-MBL-0006,coffee,2026-03-06T00:00:00,30.844,52.57,5.474,65.76,29.1,21.6,207.2,2.844,19.903,89,0.505,1009.8,1,169
UG-MBL-0006,coffee,2026-03-07T00:00:00,30.657,53.04,6.09,65.436,29.2,21.7,207.0,2.657,20.373,90,0.482,964.9,1,168
UG-MBL-0006,coffee,2026-03-08T00:00:00,30.604,48.0,6.085,62.41,29.3,21.7,207.3,2.604,15.333,91,0.504,1008.1,1,165
UG-MBL-0006,coffee,2026-03-09T00:00:00,30.331,46.14,6.673,62.874,29.3,21.7,206.8,2.331,13.473,92,0.561,1122.1,1,163
UG-MBL-0006,coffee,2026-03-10T00:00:00,30.357,45.08,7.155,61.739,29.2,21.7,207.3,2.357,12.413,93,0.502,1003.1,1,162
UG-MBL-0006,coffee,2026-03-11T00:00:00,30.806,44.16,5.449,62.169,29.0,21.5,207.5,2.806,11.493,94,0.515,1030.6,1,160
UG-MBL-0006,coffee,2026-03-12T00:00:00,30.959,40.01,2.984,61.914,28.9,21.4,207.3,2.959,7.343,95,0.524,1048.5,1,156
UG-MBL-0006,coffee,2026-03-13T00:00:00,31.26,44.84,2.203,61.674,29.0,21.5,207.8,3.26,12.173,96,0.568,1135.7,1,157
UG-MBL-0006,coffee,2026-03-14T00:00:00,30.981,46.44,2.46,61.231,28.7,21.3,207.1,2.981,13.773,97,0.508,1015.6,1,156
UG-MBL-0006,coffee,2026-03-15T00:00:00,30.734,48.45,4.245,61.237,28.6,21.3,207.0,2.734,15.783,98,0.51,1019.1,1,157
UG-MBL-0006,coffee,2026-03-16T00:00:00,31.061,50.97,4.028,60.877,28.5,21.2,207.3,3.061,18.303,99,0.514,1028.9,1,158
UG-MBL-0006,coffee,2026-03-17T00:00:00,30.894,53.16,4.095,61.149,28.6,21.2,207.1,2.894,20.493,100,0.511,1021.4,1,158
UG-MBL-0006,coffee,2026-03-18T00:00:00,30.583,53.23,4.972,60.91,28.5,21.2,207.1,2.583,20.563,101,0.468,936.8,1,157
UG-MBL-0006,coffee,2026-03-19T00:00:00,30.339,52.71,4.789,60.054,28.5,21.3,207.5,2.339,20.043,102,0.49,979.4,1,155
UG-MBL-0006,coffee,2026-03-20T00:00:00,29.684,49.46,4.519,60.554,28.4,21.2,206.7,1.684,16.793,103,0.487,973.8,1,152
UG-MBL-0006,coffee,2026-03-21T00:00:00,29.684,43.48,3.729,60.073,28.4,21.2,207.1,1.684,10.813,104,0.616,1232.9,1,147
UG-MBL-0006,coffee,2026-03-22T00:00:00,29.96,41.02,2.836,58.176,28.1,21.1,206.6,1.96,8.353,105,0.58,1159.9,1,145
UG-MBL-0006,coffee,2026-03-23T00:00:00,29.743,42.56,3.133,56.92,28.1,21.1,206.1,1.743,9.893,106,0.576,1151.7,1,145
UG-MBL-0006,coffee,2026-03-24T00:00:00,29.323,41.27,2.857,57.521,27.9,21.0,205.1,1.323,8.603,107,0.578,1155.9,1,142
UG-MBL-0006,coffee,2026-03-25T00:00:00,28.949,41.61,2.172,57.484,28.0,20.9,204.6,0.949,8.943,108,0.633,1266.1,1,140
UG-MBL-0006,coffee,2026-03-26T00:00:00,28.884,39.12,2.234,57.494,27.7,21.0,203.4,0.884,6.453,109,0.622,1244.5,1,138
UG-MBL-0006,coffee,2026-03-27T00:00:00,29.183,35.62,2.256,57.197,27.7,21.1,203.8,1.183,2.953,110,0.663,1325.3,1,136
UG-MBL-0006,coffee,2026-03-28T00:00:00,29.539,37.34,2.58,57.49,27.7,21.1,203.0,1.539,4.673,111,0.629,1257.5,1,136
UG-MBL-0006,coffee,2026-03-29T00:00:00,29.173,38.78,2.822,57.441,27.7,21.0,202.9,1.173,6.113,112,0.604,1207.5,1,136
UG-MBL-0006,coffee,2026-03-30T00:00:00,29.223,38.86,2.517,57.983,27.4,21.2,203.1,1.223,6.193,113,0.639,1277.1,1,135
UG-MBL-0006,coffee,2026-03-31T00:00:00,29.129,36.91,1.984,56.803,27.3,21.1,203.5,1.129,4.243,114,0.641,1282.1,1,132
UG-MBL-0006,coffee,2026-04-01T00:00:00,28.974,31.99,2.116,54.28,27.1,21.0,203.6,0.974,0.677,115,0.63,1260.4,1,129
UG-MBL-0006,coffee,2026-04-02T00:00:00,29.019,35.27,1.637,53.903,27.2,20.8,203.8,1.019,2.603,116,0.616,1232.9,1,129
UG-MBL-0006,coffee,2026-04-03T00:00:00,28.803,35.61,1.918,52.376,27.0,20.8,203.0,0.803,2.943,117,0.648,1295.4,1,128
UG-MBL-0006,coffee,2026-04-04T00:00:00,28.357,35.59,2.41,52.723,26.8,20.8,203.1,0.357,2.923,118,0.673,1346.3,1,127
UG-MBL-0006,coffee,2026-04-05T00:00:00,28.281,35.62,1.99,53.26,26.6,20.6,203.4,0.281,2.953,119,0.698,1395.4,1,126
UG-MBL-0006,coffee,2026-04-06T00:00:00,27.401,32.59,2.291,51.234,26.7,20.4,203.5,0.599,0.077,120,0.611,1221.8,1,124
UG-MBL-0006,coffee,2026-04-07T00:00:00,26.996,30.83,3.135,51.474,26.7,20.3,203.3,1.004,1.837,121,0.639,1278.3,1,125
UG-MBL-0006,coffee,2026-04-08T00:00:00,26.86,32.75,2.891,52.27,26.5,20.4,203.2,1.14,0.083,122,0.666,1331.3,1,123
UG-MBL-0006,coffee,2026-04-09T00:00:00,26.516,27.24,2.756,51.71,26.2,20.5,203.3,1.484,5.427,123,0.612,1224.5,1,125
UG-MBL-0006,coffee,2026-04-10T00:00:00,26.44,27.25,2.616,51.537,26.1,20.4,204.0,1.56,5.417,124,0.633,1266.0,1,124
UG-MBL-0006,coffee,2026-04-11T00:00:00,26.356,24.23,3.135,49.97,25.9,20.4,203.6,1.644,8.437,125,0.593,1186.2,1,125
UG-MBL-0006,coffee,2026-04-12T00:00:00,26.319,22.59,3.267,50.594,25.7,20.6,203.1,1.681,10.077,126,0.529,1058.0,1,125
UG-MBL-0006,coffee,2026-04-13T00:00:00,26.369,21.89,3.278,51.406,25.7,20.6,202.8,1.631,10.777,127,0.523,1045.9,1,124
UG-MBL-0006,coffee,2026-04-14T00:00:00,26.709,26.23,2.674,49.531,25.5,20.6,202.7,1.291,6.437,128,0.606,1211.1,1,120
UG-MBL-0006,coffee,2026-04-15T00:00:00,26.51,23.53,1.835,49.964,25.7,20.5,202.8,1.49,9.137,129,0.607,1214.1,1,120
UG-MBL-0006,coffee,2026-04-16T00:00:00,26.75,22.96,1.708,49.886,25.6,20.4,202.6,1.25,9.707,130,0.58,1160.9,1,119
UG-MBL-0006,coffee,2026-04-17T00:00:00,26.696,20.15,1.841,50.539,25.3,20.3,202.9,1.304,12.517,131,0.503,1006.0,1,119
UG-MBL-0006,coffee,2026-04-18T00:00:00,26.517,21.32,0.911,50.49,25.3,20.3,202.6,1.483,11.347,132,0.533,1066.9,1,117
UG-MBL-0006,coffee,2026-04-19T00:00:00,26.54,22.05,1.262,49.247,25.5,20.0,202.6,1.46,10.617,133,0.588,1176.8,1,116
UG-MBL-0006,coffee,2026-04-20T00:00:00,26.586,22.74,1.106,48.693,25.2,19.9,202.5,1.414,9.927,134,0.563,1126.1,1,114
UG-MBL-0006,coffee,2026-04-21T00:00:00,26.306,18.61,1.228,48.09,25.0,19.9,202.0,1.694,14.057,135,0.537,1074.7,1,116
UG-MBL-0006,coffee,2026-04-22T00:00:00,26.48,19.14,1.587,48.904,24.8,20.0,201.4,1.52,13.527,136,0.569,1137.7,1,115
UG-MBL-0006,coffee,2026-04-23T00:00:00,26.383,21.16,3.535,49.194,24.8,19.9,201.3,1.617,11.507,137,0.503,1005.7,1,114
UG-MBL-0006,coffee,2026-04-24T00:00:00,26.171,24.08,2.9,47.537,24.8,19.9,200.6,1.829,8.587,138,0.55,1099.5,1,112
UG-MBL-0006,coffee,2026-04-25T00:00:00,26.033,22.23,2.524,46.557,24.7,19.8,200.9,1.967,10.437,139,0.531,1062.4,1,112
UG-MBL-0006,coffee,2026-04-26T00:00:00,25.559,24.17,2.739,46.723,24.6,19.7,201.0,2.441,8.497,140,0.564,1127.6,1,110
UG-MBL-0006,coffee,2026-04-27T00:00:00,25.76,22.24,1.363,44.681,24.5,19.7,200.4,2.24,10.427,141,0.573,1145.8,1,109
UG-MBL-0006,coffee,2026-04-28T00:00:00,25.777,20.06,1.434,45.054,24.5,19.7,200.3,2.223,12.607,142,0.488,975.1,1,109
UG-MBL-0006,coffee,2026-04-29T00:00:00,25.447,18.82,1.927,43.85,24.1,19.7,200.7,2.553,13.847,143,0.512,1023.4,1,110
UG-MBL-0006,coffee,2026-04-30T00:00:00,24.827,17.43,1.887,42.811,23.9,19.5,200.4,3.173,15.237,144,0.516,1032.1,1,110
UG-MBL-0006,coffee,2026-05-01T00:00:00,24.843,19.1,2.266,43.449,23.8,19.5,200.0,3.157,13.567,145,0.445,889.3,1,108
UG-MBL-0006,coffee,2026-05-02T00:00:00,24.727,21.03,1.672,44.504,23.9,19.5,199.4,3.273,11.637,146,0.516,1032.3,1,106
UG-MBL-0006,coffee,2026-05-03T00:00:00,24.696,18.14,4.41,46.031,23.8,19.6,199.0,3.304,14.527,147,0.442,883.6,1,108
UG-MBL-0006,coffee,2026-05-04T00:00:00,24.459,17.82,5.211,48.823,23.7,19.6,199.4,3.541,14.847,148,0.449,898.7,1,108
UG-MBL-0006,coffee,2026-05-05T00:00:00,24.234,17.19,5.186,48.819,23.6,19.5,199.7,3.766,15.477,149,0.384,767.8,0,108
UG-MBL-0006,coffee,2026-05-06T00:00:00,24.109,15.16,5.176,49.171,23.9,19.4,199.3,3.891,17.507,150,0.484,967.4,1,108
UG-MBL-0006,coffee,2026-05-07T00:00:00,24.171,19.63,5.229,49.016,23.9,19.6,199.3,3.829,13.037,151,0.468,937.0,1,105
UG-MBL-0006,coffee,2026-05-08T00:00:00,24.04,20.3,5.138,48.286,23.8,19.5,199.3,3.96,12.367,152,0.458,916.0,1,104
UG-MBL-0006,coffee,2026-05-09T00:00:00,24.066,17.3,5.189,47.986,23.8,19.5,199.6,3.934,15.367,153,0.468,936.5,1,104
UG-MBL-0006,coffee,2026-05-10T00:00:00,24.176,17.46,1.836,46.456,23.6,19.4,199.4,3.824,15.207,154,0.447,893.6,1,101
UG-MBL-0006,coffee,2026-05-11T00:00:00,24.184,17.83,0.945,45.796,23.6,19.4,199.0,3.816,14.837,155,0.455,909.9,1,99
UG-MBL-0006,coffee,2026-05-12T00:00:00,24.084,19.63,0.907,44.974,23.8,19.4,198.6,3.916,13.037,156,0.548,1096.8,1,97
UG-MBL-0006,coffee,2026-05-13T00:00:00,24.394,21.6,0.941,43.967,23.6,19.3,198.9,3.606,11.067,157,0.576,1151.8,1,94
UG-MBL-0006,coffee,2026-05-14T00:00:00,24.343,15.87,0.733,45.279,23.6,19.2,198.8,3.657,16.797,158,0.459,917.6,1,96
UG-MBL-0006,coffee,2026-05-15T00:00:00,24.22,10.61,2.38,46.109,23.5,19.2,198.6,3.78,22.057,159,0.451,901.2,1,99
UG-MBL-0006,coffee,2026-05-16T00:00:00,24.126,10.61,2.227,46.456,23.0,19.1,198.2,3.874,22.057,160,0.427,853.3,1,98
UG-MBL-0006,coffee,2026-05-17T00:00:00,23.846,7.0,2.226,46.161,22.8,19.2,197.9,4.154,25.667,161,0.34,679.5,0,99
UG-MBL-0006,coffee,2026-05-18T00:00:00,23.719,4.76,2.07,45.779,22.5,19.1,198.2,4.281,27.907,162,0.334,668.2,0,99
UG-MBL-0006,coffee,2026-05-19T00:00:00,24.333,6.21,1.892,45.801,22.5,19.1,197.9,3.667,26.457,163,0.43,860.3,1,97
UG-MBL-0006,coffee,2026-05-20T00:00:00,24.311,4.14,1.638,46.214,22.3,19.2,197.0,3.689,28.527,164,0.325,650.3,0,97
UG-MBL-0006,coffee,2026-05-21T00:00:00,24.213,7.36,2.204,44.939,22.0,19.1,196.9,3.787,25.307,165,0.455,909.7,1,95
UG-MBL-0006,coffee,2026-05-22T00:00:00,23.981,13.3,0.738,43.784,22.0,19.1,196.8,4.019,19.367,166,0.425,850.9,1,90
UG-MBL-0006,coffee,2026-05-23T00:00:00,24.153,14.42,1.187,42.197,22.2,19.0,197.2,3.847,18.247,167,0.498,995.4,1,88
UG-MBL-0006,coffee,2026-05-24T00:00:00,24.007,20.01,1.177,41.959,22.2,19.0,197.1,3.993,12.657,168,0.484,967.3,1,85
UG-MBL-0006,coffee,2026-05-25T00:00:00,24.05,20.42,1.11,42.931,22.4,18.9,196.7,3.95,12.247,169,0.521,1042.7,1,84
UG-MBL-0006,coffee,2026-05-26T00:00:00,23.614,17.78,1.169,44.271,22.0,18.8,196.6,4.386,14.887,170,0.509,1018.0,1,85
UG-MBL-0006,coffee,2026-05-27T00:00:00,23.78,18.5,3.14,45.243,22.1,18.7,196.8,4.22,14.167,171,0.503,1006.7,1,85
UG-MBL-0006,coffee,2026-05-28T00:00:00,23.873,17.57,3.992,45.219,22.0,18.7,197.1,4.127,15.097,172,0.434,867.0,1,84
UG-MBL-0006,coffee,2026-05-29T00:00:00,24.456,12.62,4.282,45.093,22.0,18.8,197.0,3.544,20.047,173,0.394,787.2,0,85
UG-MBL-0006,coffee,2026-05-30T00:00:00,24.046,15.44,3.846,44.954,21.8,18.9,196.4,3.954,17.227,174,0.434,868.8,1,83
UG-MBL-0006,coffee,2026-05-31T00:00:00,24.316,11.06,4.515,44.269,21.6,18.9,196.5,3.684,21.607,175,0.363,725.7,0,84
UG-MBL-0006,coffee,2026-06-01T00:00:00,24.43,11.54,4.477,42.757,21.4,18.7,196.0,3.57,21.127,176,0.413,825.6,1,83
UG-MBL-0006,coffee,2026-06-02T00:00:00,24.48,12.97,4.88,43.469,21.6,18.8,196.1,3.52,19.697,177,0.392,784.9,0,81
UG-MBL-0006,coffee,2026-06-03T00:00:00,24.223,15.13,2.918,43.591,21.5,18.8,195.6,3.777,17.537,178,0.473,945.5,1,79
UG-MBL-0006,coffee,2026-06-04T00:00:00,24.216,15.6,1.253,45.249,21.5,18.8,195.0,3.784,17.067,179,0.438,875.8,1,76
UG-MBL-0007,coffee,2025-12-13T00:00:00,24.946,16.53,2.327,49.323,39.3,24.4,220.5,3.054,16.137,6,0.514,668.6,1,249
UG-MBL-0007,coffee,2025-12-14T00:00:00,25.287,12.12,2.302,48.384,39.1,24.6,220.2,2.713,20.547,7,0.579,752.3,1,249
UG-MBL-0007,coffee,2025-12-15T00:00:00,25.616,11.23,2.384,49.711,38.9,24.6,219.4,2.384,21.437,8,0.538,699.5,1,248
UG-MBL-0007,coffee,2025-12-16T00:00:00,25.727,16.1,4.242,50.796,38.9,24.5,219.1,2.273,16.567,9,0.563,732.1,1,246
UG-MBL-0007,coffee,2025-12-17T00:00:00,25.904,15.9,4.809,51.109,39.0,24.5,218.4,2.096,16.767,10,0.594,771.9,1,245
UG-MBL-0007,coffee,2025-12-18T00:00:00,25.9,14.83,5.194,49.486,39.0,24.5,217.9,2.1,17.837,11,0.576,748.7,1,245
UG-MBL-0007,coffee,2025-12-19T00:00:00,26.274,14.09,4.355,50.531,38.7,24.4,218.2,1.726,18.577,12,0.529,687.7,1,243
UG-MBL-0007,coffee,2025-12-20T00:00:00,26.256,15.07,3.966,52.129,38.6,24.5,217.6,1.744,17.597,13,0.548,712.1,1,242
UG-MBL-0007,coffee,2025-12-21T00:00:00,26.507,21.47,4.841,53.113,38.5,24.4,217.9,1.493,11.197,14,0.578,751.1,1,238
UG-MBL-0007,coffee,2025-12-22T00:00:00,26.707,23.78,4.979,53.14,38.4,24.4,217.5,1.293,8.887,15,0.588,764.3,1,236
UG-MBL-0007,coffee,2025-12-23T00:00:00,27.003,21.08,1.727,52.14,38.2,24.2,217.0,0.997,11.587,16,0.648,842.9,1,233
UG-MBL-0007,coffee,2025-12-24T00:00:00,26.821,18.21,1.77,51.804,38.0,24.3,217.4,1.179,14.457,17,0.617,801.6,1,234
UG-MBL-0007,coffee,2025-12-25T00:00:00,26.929,21.79,0.722,53.467,37.9,24.3,217.7,1.071,10.877,18,0.667,867.1,1,230
UG-MBL-0007,coffee,2025-12-26T00:00:00,26.884,28.85,0.845,53.073,37.8,24.3,217.5,1.116,3.817,19,0.737,957.6,2,226
UG-MBL-0007,coffee,2025-12-27T00:00:00,27.22,27.27,1.296,53.341,37.6,24.1,218.3,0.78,5.397,20,0.708,920.7,2,226
UG-MBL-0007,coffee,2025-12-28T00:00:00,27.224,23.47,1.381,53.813,37.4,24.0,218.0,0.776,9.197,21,0.678,881.8,1,227
UG-MBL-0007,coffee,2025-12-29T00:00:00,27.464,23.72,1.286,54.994,37.2,23.8,218.3,0.536,8.947,22,0.595,773.6,1,225
UG-MBL-0007,coffee,2025-12-30T00:00:00,27.776,26.14,1.272,57.033,36.9,24.0,217.9,0.224,6.527,23,0.672,873.3,1,223
UG-MBL-0007,coffee,2025-12-31T00:00:00,28.11,31.55,1.129,57.701,36.6,23.9,217.6,0.11,1.117,24,0.754,980.4,2,219
UG-MBL-0007,coffee,2026-01-01T00:00:00,28.061,33.78,3.109,58.333,36.5,23.9,217.0,0.061,1.113,25,0.676,879.3,1,219
UG-MBL-0007,coffee,2026-01-02T00:00:00,28.123,32.36,3.045,57.36,36.7,23.9,216.8,0.123,0.307,26,0.72,936.6,2,218
UG-MBL-0007,coffee,2026-01-03T00:00:00,28.34,35.03,2.441,57.571,36.5,23.9,216.3,0.34,2.363,27,0.716,931.3,2,218
UG-MBL-0007,coffee,2026-01-04T00:00:00,28.334,34.69,2.57,56.75,36.7,23.9,215.8,0.334,2.023,28,0.717,931.5,2,217
UG-MBL-0007,coffee,2026-01-05T00:00:00,28.361,36.78,2.592,58.109,36.4,24.0,216.0,0.361,4.113,29,0.697,905.5,1,217
UG-MBL-0007,coffee,2026-01-06T00:00:00,28.411,36.89,3.141,57.599,36.5,24.1,216.6,0.411,4.223,30,0.7,909.9,1,216
UG-MBL-0007,coffee,2026-01-07T00:00:00,28.327,32.64,3.683,57.49,36.5,24.1,217.1,0.327,0.027,31,0.719,935.3,2,214
UG-MBL-0007,coffee,2026-01-08T00:00:00,28.759,32.52,2.298,57.224,36.3,24.1,217.0,0.759,0.147,32,0.67,870.9,1,212
UG-MBL-0007,coffee,2026-01-09T00:00:00,28.869,31.56,3.168,58.193,36.2,23.9,216.6,0.869,1.107,33,0.713,926.6,2,212
UG-MBL-0007,coffee,2026-01-10T00:00:00,28.804,29.96,5.01,57.464,36.0,23.9,216.4,0.804,2.707,34,0.684,889.6,1,213
UG-MBL-0007,coffee,2026-01-11T00:00:00,29.0,36.92,2.675,59.894,35.6,23.8,216.4,1.0,4.253,35,0.627,815.0,1,212
UG-MBL-0007,coffee,2026-01-12T00:00:00,29.06,37.91,1.294,58.474,35.6,23.7,215.9,1.06,5.243,36,0.712,925.4,2,210
UG-MBL-0007,coffee,2026-01-13T00:00:00,29.086,40.88,1.513,58.13,35.4,23.7,215.7,1.086,8.213,37,0.66,857.5,1,211
UG-MBL-0007,coffee,2026-01-14T00:00:00,29.367,43.82,1.489,57.906,35.1,23.7,215.1,1.367,11.153,38,0.573,745.3,1,211
UG-MBL-0007,coffee,2026-01-15T00:00:00,29.42,42.63,1.441,59.181,35.0,23.5,214.8,1.42,9.963,39,0.598,777.3,1,210
UG-MBL-0007,coffee,2026-01-16T00:00:00,29.66,45.5,1.383,59.159,34.9,23.7,214.5,1.66,12.833,40,0.58,753.7,1,210
UG-MBL-0007,coffee,2026-01-17T00:00:00,29.771,47.16,0.649,61.381,34.9,23.7,214.5,1.771,14.493,41,0.572,743.4,1,210
UG-MBL-0007,coffee,2026-01-18T00:00:00,29.821,41.94,0.708,59.88,34.6,23.6,215.0,1.821,9.273,42,0.637,828.2,1,206
UG-MBL-0007,coffee,2026-01-19T00:00:00,29.939,41.04,1.271,59.74,34.5,23.7,215.2,1.939,8.373,43,0.599,778.2,1,206
UG-MBL-0007,coffee,2026-01-20T00:00:00,29.834,43.0,1.16,61.741,34.6,23.5,215.5,1.834,10.333,44,0.649,843.1,1,205
UG-MBL-0007,coffee,2026-01-21T00:00:00,29.9,43.87,1.16,62.43,34.6,23.3,215.1,1.9,11.203,45,0.637,827.6,1,205
UG-MBL-0007,coffee,2026-01-22T00:00:00,30.259,46.38,0.946,62.543,34.6,23.2,215.2,2.259,13.713,46,0.6,779.9,1,205
UG-MBL-0007,coffee,2026-01-23T00:00:00,30.334,47.75,1.026,62.241,34.2,22.9,215.2,2.334,15.083,47,0.567,736.7,1,205
UG-MBL-0007,coffee,2026-01-24T00:00:00,30.639,46.27,1.018,60.726,33.9,22.7,215.0,2.639,13.603,48,0.599,778.7,1,204
UG-MBL-0007,coffee,2026-01-25T00:00:00,30.713,49.07,1.405,61.673,34.1,22.7,214.5,2.713,16.403,49,0.536,696.5,1,204
UG-MBL-0007,coffee,2026-01-26T00:00:00,30.84,50.44,0.7,62.633,34.1,22.6,214.1,2.84,17.773,50,0.516,670.2,1,203
UG-MBL-0007,coffee,2026-01-27T00:00:00,31.046,48.82,0.865,62.447,33.8,22.5,213.5,3.046,16.153,51,0.579,752.9,1,202
UG-MBL-0007,coffee,2026-01-28T00:00:00,31.143,46.83,0.769,63.191,33.6,22.5,213.6,3.143,14.163,52,0.568,738.2,1,200
UG-MBL-0007,coffee,2026-01-29T00:00:00,31.24,49.73,0.848,62.936,33.5,22.4,214.0,3.24,17.063,53,0.511,664.8,1,201
UG-MBL-0007,coffee,2026-01-30T00:00:00,31.604,44.11,0.959,64.204,33.3,22.5,214.1,3.604,11.443,54,0.558,725.1,1,198
UG-MBL-0007,coffee,2026-01-31T00:00:00,31.324,48.83,1.174,65.449,33.4,22.5,214.1,3.324,16.163,55,0.512,666.2,1,199
UG-MBL-0007,coffee,2026-02-01T00:00:00,31.544,52.08,1.733,67.079,33.3,22.5,213.8,3.544,19.413,56,0.561,729.3,1,200
UG-MBL-0007,coffee,2026-02-02T00:00:00,31.503,56.16,1.636,66.316,33.3,22.4,213.6,3.503,23.493,57,0.469,609.3,1,201
UG-MBL-0007,coffee,2026-02-03T00:00:00,31.807,54.77,1.596,66.359,33.2,22.6,212.9,3.807,22.103,58,0.48,624.1,1,200
UG-MBL-0007,coffee,2026-02-04T00:00:00,31.841,57.56,1.321,65.713,33.1,22.6,212.1,3.841,24.893,59,0.476,619.0,1,200
UG-MBL-0007,coffee,2026-02-05T00:00:00,31.54,55.01,1.347,67.347,32.9,22.7,211.4,3.54,22.343,60,0.442,574.6,1,197
UG-MBL-0007,coffee,2026-02-06T00:00:00,31.301,60.41,1.442,68.144,33.0,22.8,211.4,3.301,27.743,61,0.471,612.8,1,199
UG-MBL-0007,coffee,2026-02-07T00:00:00,31.39,59.72,2.74,66.979,33.0,23.0,211.0,3.39,27.053,62,0.416,541.4,1,199
UG-MBL-0007,coffee,2026-02-08T00:00:00,31.4,58.69,2.059,66.509,33.0,22.8,211.2,3.4,26.023,63,0.501,651.4,1,197
UG-MBL-0007,coffee,2026-02-09T00:00:00,31.454,55.06,2.006,67.48,32.8,22.8,211.1,3.454,22.393,64,0.465,603.9,1,194
UG-MBL-0007,coffee,2026-02-10T00:00:00,31.543,54.59,2.3,68.281,32.6,22.5,211.0,3.543,21.923,65,0.503,654.3,1,193
UG-MBL-0007,coffee,2026-02-11T00:00:00,31.369,47.85,2.86,68.973,32.3,22.5,210.8,3.369,15.183,66,0.449,583.5,1,189
UG-MBL-0007,coffee,2026-02-12T00:00:00,31.559,51.15,2.847,68.704,32.3,22.5,211.2,3.559,18.483,67,0.459,597.1,1,190
UG-MBL-0007,coffee,2026-02-13T00:00:00,31.393,49.94,3.642,69.51,32.1,22.3,210.4,3.393,17.273,68,0.492,639.3,1,188
UG-MBL-0007,coffee,2026-02-14T00:00:00,31.674,50.96,1.947,69.706,31.8,22.0,210.3,3.674,18.293,69,0.435,564.9,1,187
UG-MBL-0007,coffee,2026-02-15T00:00:00,31.597,48.76,2.227,68.48,31.5,22.0,209.8,3.597,16.093,70,0.529,687.8,1,185
UG-MBL-0007,coffee,2026-02-16T00:00:00,31.61,47.41,1.539,68.273,31.5,21.8,210.0,3.61,14.743,71,0.535,695.7,1,183
UG-MBL-0007,coffee,2026-02-17T00:00:00,31.261,51.25,1.619,67.431,31.2,22.0,210.3,3.261,18.583,72,0.47,610.7,1,183
UG-MBL-0007,coffee,2026-02-18T00:00:00,31.657,55.94,1.516,66.05,31.3,21.9,210.9,3.657,23.273,73,0.457,593.5,1,185
UG-MBL-0007,coffee,2026-02-19T00:00:00,31.696,51.52,2.413,65.844,31.0,22.0,209.8,3.696,18.853,74,0.508,660.8,1,183
UG-MBL-0007,coffee,2026-02-20T00:00:00,31.97,51.11,3.065,64.527,30.9,21.9,210.3,3.97,18.443,75,0.415,540.0,1,182
UG-MBL-0007,coffee,2026-02-21T00:00:00,31.79,49.55,2.52,66.826,31.0,22.0,210.2,3.79,16.883,76,0.46,597.7,1,180
UG-MBL-0007,coffee,2026-02-22T00:00:00,31.97,48.94,3.676,66.787,30.7,21.9,209.5,3.97,16.273,77,0.481,625.7,1,180
UG-MBL-0007,coffee,2026-02-23T00:00:00,31.987,53.02,4.2,66.95,30.5,21.8,208.7,3.987,20.353,78,0.455,591.3,1,181
UG-MBL-0007,coffee,2026-02-24T00:00:00,31.897,50.22,4.104,65.496,30.4,21.8,208.3,3.897,17.553,79,0.476,618.7,1,178
UG-MBL-0007,coffee,2026-02-25T00:00:00,31.94,52.47,4.194,66.886,30.3,21.8,208.1,3.94,19.803,80,0.485,630.2,1,179
UG-MBL-0007,coffee,2026-02-26T00:00:00,31.696,54.23,2.725,65.786,30.3,21.7,208.8,3.696,21.563,81,0.47,610.9,1,177
UG-MBL-0007,coffee,2026-02-27T00:00:00,31.374,52.73,2.316,65.8,30.0,21.8,208.3,3.374,20.063,82,0.495,643.5,1,175
UG-MBL-0007,coffee,2026-02-28T00:00:00,31.229,51.47,2.482,64.577,29.8,21.7,208.5,3.229,18.803,83,0.442,575.1,1,173
UG-MBL-0007,coffee,2026-03-01T00:00:00,31.193,53.5,1.261,64.406,29.8,21.6,209.1,3.193,20.833,84,0.482,626.5,1,172
UG-MBL-0007,coffee,2026-03-02T00:00:00,31.083,48.92,0.858,64.284,29.8,21.7,209.6,3.083,16.253,85,0.511,664.4,1,168
UG-MBL-0007,coffee,2026-03-03T00:00:00,31.351,45.4,0.924,67.0,29.8,21.8,209.3,3.351,12.733,86,0.588,764.1,1,166
UG-MBL-0007,coffee,2026-03-04T00:00:00,31.089,46.76,0.675,67.04,29.6,21.6,209.2,3.089,14.093,87,0.544,706.7,1,165
UG-MBL-0007,coffee,2026-03-05T00:00:00,31.427,47.36,1.992,66.886,29.1,21.6,208.6,3.427,14.693,88,0.494,642.4,1,166
UG-MBL-0007,coffee,2026-03-06T00:00:00,31.621,46.15,2.018,66.673,29.3,21.6,208.9,3.621,13.483,89,0.547,711.2,1,165
UG-MBL-0007,coffee,2026-03-07T00:00:00,31.759,46.55,1.216,65.774,29.2,21.6,208.5,3.759,13.883,90,0.539,700.5,1,163
UG-MBL-0007,coffee,2026-03-08T00:00:00,31.969,45.36,2.541,63.224,29.3,21.6,207.9,3.969,12.693,91,0.494,642.3,1,163
UG-MBL-0007,coffee,2026-03-09T00:00:00,31.884,48.22,2.71,61.591,29.1,21.7,207.7,3.884,15.553,92,0.485,630.6,1,164
UG-MBL-0007,coffee,2026-03-10T00:00:00,31.774,49.34,3.0,58.874,28.9,21.7,207.2,3.774,16.673,93,0.475,618.0,1,163
UG-MBL-0007,coffee,2026-03-11T00:00:00,31.667,43.04,3.482,59.151,28.9,21.7,207.0,3.667,10.373,94,0.572,743.1,1,159
UG-MBL-0007,coffee,2026-03-12T00:00:00,31.241,45.4,2.727,58.921,29.2,21.7,206.4,3.241,12.733,95,0.533,693.4,1,158
UG-MBL-0007,coffee,2026-03-13T00:00:00,30.797,49.65,2.742,58.843,29.1,21.5,206.4,2.797,16.983,96,0.521,676.7,1,159
UG-MBL-0007,coffee,2026-03-14T00:00:00,30.447,49.24,2.816,58.403,29.2,21.3,205.7,2.447,16.573,97,0.491,638.2,1,157
UG-MBL-0007,coffee,2026-03-15T00:00:00,30.016,55.29,0.578,61.367,28.9,21.2,205.3,2.016,22.623,98,0.491,637.7,1,157
UG-MBL-0007,coffee,2026-03-16T00:00:00,29.809,56.36,0.783,63.016,28.9,21.1,205.1,1.809,23.693,99,0.511,664.5,1,156
UG-MBL-0007,coffee,2026-03-17T00:00:00,29.514,57.36,2.338,63.041,28.6,21.0,205.7,1.514,24.693,100,0.443,575.7,1,157
UG-MBL-0007,coffee,2026-03-18T00:00:00,29.267,61.66,1.714,61.014,28.5,20.9,205.2,1.267,28.993,101,0.43,558.7,1,157
UG-MBL-0007,coffee,2026-03-19T00:00:00,29.05,61.61,1.663,61.46,28.2,20.9,205.5,1.05,28.943,102,0.389,505.3,0,156
UG-MBL-0007,coffee,2026-03-20T00:00:00,29.476,53.0,1.561,59.886,28.1,20.9,204.7,1.476,20.333,103,0.469,610.2,1,151
UG-MBL-0007,coffee,2026-03-21T00:00:00,29.409,52.21,2.922,61.289,28.0,21.1,205.1,1.409,19.543,104,0.481,625.3,1,151
UG-MBL-0007,coffee,2026-03-22T00:00:00,29.447,45.57,4.168,60.366,28.1,21.3,205.3,1.447,12.903,105,0.506,658.1,1,147
UG-MBL-0007,coffee,2026-03-23T00:00:00,29.371,43.73,4.12,59.823,27.8,21.4,205.0,1.371,11.063,106,0.593,771.1,1,145
UG-MBL-0007,coffee,2026-03-24T00:00:00,29.286,48.84,3.661,59.741,27.8,21.5,204.8,1.286,16.173,107,0.491,638.8,1,146
UG-MBL-0007,coffee,2026-03-25T00:00:00,29.297,44.93,3.619,60.124,27.4,21.4,205.3,1.297,12.263,108,0.57,740.5,1,144
UG-MBL-0007,coffee,2026-03-26T00:00:00,29.607,42.65,3.619,59.127,27.4,21.3,205.2,1.607,9.983,109,0.564,733.8,1,142
UG-MBL-0007,coffee,2026-03-27T00:00:00,29.223,48.15,4.01,60.026,27.3,21.2,205.0,1.223,15.483,110,0.519,674.7,1,143
UG-MBL-0007,coffee,2026-03-28T00:00:00,28.976,47.29,1.856,58.177,27.1,21.2,204.3,0.976,14.623,111,0.585,760.4,1,140
UG-MBL-0007,coffee,2026-03-29T00:00:00,28.361,45.08,1.074,58.203,27.0,21.2,203.9,0.361,12.413,112,0.505,656.4,1,136
UG-MBL-0007,coffee,2026-03-30T00:00:00,28.253,44.25,1.079,58.863,27.1,21.0,203.7,0.253,11.583,113,0.575,747.1,1,135
UG-MBL-0007,coffee,2026-03-31T00:00:00,28.069,39.46,0.584,58.536,27.0,20.9,203.6,0.069,6.793,114,0.593,771.5,1,131
UG-MBL-0007,coffee,2026-04-01T00:00:00,28.019,41.16,0.598,59.709,27.1,20.9,202.7,0.019,8.493,115,0.554,720.6,1,130
UG-MBL-0007,coffee,2026-04-02T00:00:00,27.66,36.75,2.744,59.334,26.9,20.8,202.8,0.34,4.083,116,0.589,765.4,1,130
UG-MBL-0007,coffee,2026-04-03T00:00:00,27.594,36.34,2.332,58.549,26.8,20.7,202.6,0.406,3.673,117,0.629,818.1,1,128
UG-MBL-0007,coffee,2026-04-04T00:00:00,27.931,34.78,2.514,57.249,26.8,20.5,203.2,0.069,2.113,118,0.622,809.0,1,126
UG-MBL-0007,coffee,2026-04-05T00:00:00,28.056,36.6,2.508,57.34,26.6,20.4,203.5,0.056,3.933,119,0.656,852.6,1,126
UG-MBL-0007,coffee,2026-04-06T00:00:00,28.044,35.59,3.368,55.31,26.6,20.2,204.1,0.044,2.923,120,0.625,812.2,1,125
UG-MBL-0007,coffee,2026-04-07T00:00:00,27.726,33.47,3.288,54.679,26.7,20.1,203.8,0.274,0.803,121,0.635,826.1,1,124
UG-MBL-0007,coffee,2026-04-08T00:00:00,27.441,31.86,3.309,53.241,26.6,20.1,204.0,0.559,0.807,122,0.63,819.5,1,123
UG-MBL-0007,coffee,2026-04-09T00:00:00,27.417,29.78,1.091,53.487,26.6,20.2,203.4,0.583,2.887,123,0.636,826.6,1,121
UG-MBL-0007,coffee,2026-04-10T00:00:00,26.961,26.92,1.128,53.027,26.3,20.2,203.6,1.039,5.747,124,0.595,773.8,1,122
UG-MBL-0007,coffee,2026-04-11T00:00:00,26.591,27.79,1.159,53.57,26.3,20.1,203.4,1.409,4.877,125,0.582,757.2,1,121
UG-MBL-0007,coffee,2026-04-12T00:00:00,26.476,25.68,1.267,51.969,26.2,20.2,203.0,1.524,6.987,126,0.618,803.6,1,121
UG-MBL-0007,coffee,2026-04-13T00:00:00,26.36,24.64,1.038,51.127,25.9,20.2,202.5,1.64,8.027,127,0.561,728.9,1,121
UG-MBL-0007,coffee,2026-04-14T00:00:00,26.661,22.31,1.236,52.041,25.6,20.1,202.5,1.339,10.357,128,0.55,715.4,1,121
UG-MBL-0007,coffee,2026-04-15T00:00:00,26.449,21.0,2.07,52.084,25.8,20.0,202.1,1.551,11.667,129,0.554,720.6,1,121
UG-MBL-0007,coffee,2026-04-16T00:00:00,26.159,20.75,3.434,50.903,25.7,19.9,202.2,1.841,11.917,130,0.536,696.3,1,122
UG-MBL-0007,coffee,2026-04-17T00:00:00,26.07,18.93,5.182,50.416,25.7,19.9,201.8,1.93,13.737,131,0.475,617.3,1,123
UG-MBL-0007,coffee,2026-04-18T00:00:00,26.239,18.73,5.282,49.42,25.6,19.9,201.7,1.761,13.937,132,0.524,681.5,1,122
UG-MBL-0007,coffee,2026-04-19T00:00:00,26.0,16.6,4.006,49.019,25.5,19.7,202.1,2.0,16.067,133,0.502,652.7,1,121
UG-MBL-0007,coffee,2026-04-20T00:00:00,25.544,20.08,1.51,49.031,25.7,19.8,201.4,2.456,12.587,134,0.528,686.7,1,117
UG-MBL-0007,coffee,2026-04-21T00:00:00,25.219,19.52,1.06,47.176,25.8,19.9,201.3,2.781,13.147,135,0.505,656.9,1,117
UG-MBL-0007,coffee,2026-04-22T00:00:00,25.317,18.82,1.115,46.626,25.4,20.1,201.1,2.683,13.847,136,0.501,650.9,1,116
UG-MBL-0007,coffee,2026-04-23T00:00:00,25.397,19.96,1.369,46.42,25.2,19.9,200.7,2.603,12.707,137,0.513,667.0,1,115
UG-MBL-0007,coffee,2026-04-24T00:00:00,25.484,24.11,0.576,46.061,25.0,19.6,201.0,2.516,8.557,138,0.523,679.8,1,110
UG-MBL-0007,coffee,2026-04-25T00:00:00,25.283,24.14,0.866,46.959,25.0,19.7,200.7,2.717,8.527,139,0.553,718.6,1,110
UG-MBL-0007,coffee,2026-04-26T00:00:00,25.284,23.35,1.766,47.403,24.9,19.8,200.3,2.716,9.317,140,0.566,735.7,1,110
UG-MBL-0007,coffee,2026-04-27T00:00:00,25.656,17.2,1.705,46.529,24.5,19.8,200.5,2.344,15.467,141,0.521,677.4,1,112
UG-MBL-0007,coffee,2026-04-28T00:00:00,25.759,17.67,1.447,48.253,24.3,19.9,200.1,2.241,14.997,142,0.49,637.3,1,110
UG-MBL-0007,coffee,2026-04-29T00:00:00,25.741,18.46,1.774,46.174,24.4,19.8,200.3,2.259,14.207,143,0.537,698.2,1,109
UG-MBL-0007,coffee,2026-04-30T00:00:00,25.544,16.15,2.692,46.6,24.4,20.0,200.4,2.456,16.517,144,0.536,696.8,1,110
UG-MBL-0007,coffee,2026-05-01T00:00:00,25.574,11.71,2.692,45.094,24.5,20.1,200.0,2.426,20.957,145,0.435,565.1,1,111
UG-MBL-0007,coffee,2026-05-02T00:00:00,25.016,9.33,2.306,44.833,24.4,19.9,199.5,2.984,23.337,146,0.438,569.8,1,112
UG-MBL-0007,coffee,2026-05-03T00:00:00,24.956,8.29,2.512,46.029,24.3,19.7,199.3,3.044,24.377,147,0.338,439.1,0,112
UG-MBL-0007,coffee,2026-05-04T00:00:00,24.626,6.57,2.569,47.04,24.3,19.6,199.8,3.374,26.097,148,0.348,452.9,0,112
UG-MBL-0007,coffee,2026-05-05T00:00:00,24.474,9.19,2.568,44.317,24.4,19.3,199.6,3.526,23.477,149,0.406,528.2,1,110
UG-MBL-0007,coffee,2026-05-06T00:00:00,24.224,8.87,2.515,45.717,24.3,19.0,198.9,3.776,23.797,150,0.366,475.3,0,109
UG-MBL-0007,coffee,2026-05-07T00:00:00,24.209,13.16,0.469,44.706,24.3,18.9,199.1,3.791,19.507,151,0.508,660.9,1,104
UG-MBL-0007,coffee,2026-05-08T00:00:00,24.25,14.16,0.315,46.861,24.2,18.8,198.8,3.75,18.507,152,0.475,617.9,1,102
UG-MBL-0007,coffee,2026-05-09T00:00:00,24.409,16.71,0.508,45.537,23.8,19.0,198.6,3.591,15.957,153,0.505,657.1,1,100
UG-MBL-0007,coffee,2026-05-10T00:00:00,24.476,21.69,0.968,43.484,23.8,19.0,198.5,3.524,10.977,154,0.511,664.4,1,97
UG-MBL-0007,coffee,2026-05-11T00:00:00,24.189,22.98,3.168,43.306,23.7,19.0,197.9,3.811,9.687,155,0.471,611.9,1,98
UG-MBL-0007,coffee,2026-05-12T00:00:00,24.171,22.06,3.082,43.384,23.4,19.3,198.0,3.829,10.607,156,0.478,621.9,1,97
UG-MBL-0007,coffee,2026-05-13T00:00:00,24.23,19.75,4.852,43.986,23.5,19.3,198.4,3.77,12.917,157,0.476,618.5,1,99
UG-MBL-0007,coffee,2026-05-14T00:00:00,23.929,17.19,5.005,45.046,23.4,19.4,198.0,4.071,15.477,158,0.423,550.4,1,99
UG-MBL-0007,coffee,2026-05-15T00:00:00,23.931,19.54,5.038,44.444,23.3,19.5,197.8,4.069,13.127,159,0.481,625.5,1,97
UG-MBL-0007,coffee,2026-05-16T00:00:00,23.779,15.47,4.088,45.781,23.5,19.3,197.6,4.221,17.197,160,0.452,587.5,1,98
UG-MBL-0007,coffee,2026-05-17T00:00:00,23.901,12.45,5.587,46.656,23.3,19.3,197.4,4.099,20.217,161,0.401,521.0,1,99
UG-MBL-0007,coffee,2026-05-18T00:00:00,24.197,17.52,3.158,45.451,23.3,19.3,197.6,3.803,15.147,162,0.403,523.3,1,94
UG-MBL-0007,coffee,2026-05-19T00:00:00,24.009,17.2,4.419,47.52,23.3,19.1,197.5,3.991,15.467,163,0.496,645.0,1,94
UG-MBL-0007,coffee,2026-05-20T00:00:00,24.211,18.66,3.168,46.623,23.0,19.1,197.5,3.789,14.007,164,0.458,595.2,1,91
UG-MBL-0007,coffee,2026-05-21T00:00:00,24.46,18.2,3.089,46.434,22.7,18.9,197.4,3.54,14.467,165,0.544,707.1,1,90
UG-MBL-0007,coffee,2026-05-22T00:00:00,24.321,16.16,2.986,46.036,22.9,18.9,197.8,3.679,16.507,166,0.465,605.1,1,90
UG-MBL-0007,coffee,2026-05-23T00:00:00,24.476,17.63,3.153,45.683,22.5,18.7,197.8,3.524,15.037,167,0.45,585.4,1,88
UG-MBL-0007,coffee,2026-05-24T00:00:00,24.306,20.38,1.6,44.303,22.3,18.8,197.7,3.694,12.287,168,0.499,648.9,1,85
UG-MBL-0007,coffee,2026-05-25T00:00:00,24.474,14.42,2.874,45.286,22.2,18.7,197.1,3.526,18.247,169,0.37,481.2,0,88
UG-MBL-0007,coffee,2026-05-26T00:00:00,24.734,14.52,2.007,43.837,22.0,18.7,196.7,3.266,18.147,170,0.471,612.2,1,86
UG-MBL-0007,coffee,2026-05-27T00:00:00,24.587,17.83,1.488,44.933,21.9,18.6,196.4,3.413,14.837,171,0.544,707.7,1,83
UG-MBL-0007,coffee,2026-05-28T00:00:00,24.523,19.76,1.724,44.781,21.9,18.7,196.1,3.477,12.907,172,0.418,542.8,1,81
UG-MBL-0007,coffee,2026-05-29T00:00:00,24.769,21.56,2.115,46.176,21.4,18.6,196.2,3.231,11.107,173,0.484,629.2,1,79
UG-MBL-0007,coffee,2026-05-30T00:00:00,25.034,20.59,2.056,46.76,21.6,18.6,195.9,2.966,12.077,174,0.487,633.0,1,78
UG-MBL-0007,coffee,2026-05-31T00:00:00,25.086,17.3,2.038,48.427,21.5,18.3,195.6,2.914,15.367,175,0.489,635.7,1,79
UG-MBL-0007,coffee,2026-06-01T00:00:00,25.009,16.9,0.626,47.336,21.4,18.5,195.9,2.991,15.767,176,0.535,695.5,1,77
UG-MBL-0007,coffee,2026-06-02T00:00:00,25.114,13.85,0.62,48.104,21.5,18.4,195.4,2.886,18.817,177,0.46,598.1,1,77
UG-MBL-0007,coffee,2026-06-03T00:00:00,24.991,12.23,0.54,48.113,21.6,18.4,195.1,3.009,20.437,178,0.5,649.5,1,77
UG-MBL-0007,coffee,2026-06-04T00:00:00,25.177,10.67,0.604,47.953,21.5,18.4,195.2,2.823,21.997,179,0.429,558.2,1,76
UG-MBL-0008,coffee,2025-12-13T00:00:00,25.406,20.13,2.175,46.233,39.4,24.7,219.5,2.594,12.537,6,0.732,2490.0,2,246
UG-MBL-0008,coffee,2025-12-14T00:00:00,25.374,20.31,1.751,45.694,39.2,24.7,219.4,2.626,12.357,7,0.732,2488.7,2,245
UG-MBL-0008,coffee,2025-12-15T00:00:00,25.434,24.5,2.251,45.773,39.0,24.7,219.3,2.566,8.167,8,0.789,2681.0,2,242
UG-MBL-0008,coffee,2025-12-16T00:00:00,25.459,27.03,3.235,47.256,38.8,24.6,219.2,2.541,5.637,9,0.753,2559.0,2,241
UG-MBL-0008,coffee,2025-12-17T00:00:00,25.493,26.32,3.255,46.46,38.7,24.7,219.1,2.507,6.347,10,0.784,2666.0,2,240
UG-MBL-0008,coffee,2025-12-18T00:00:00,25.67,24.44,3.649,47.206,38.6,24.7,219.0,2.33,8.227,11,0.708,2407.1,2,240
UG-MBL-0008,coffee,2025-12-19T00:00:00,25.806,26.26,3.795,47.549,38.6,24.7,218.7,2.194,6.407,12,0.752,2556.4,2,238
UG-MBL-0008,coffee,2025-12-20T00:00:00,25.896,26.51,3.066,46.833,38.5,24.7,218.5,2.104,6.157,13,0.748,2544.1,2,236
UG-MBL-0008,coffee,2025-12-21T00:00:00,25.991,30.36,2.697,48.684,38.3,24.7,218.2,2.009,2.307,14,0.803,2731.2,2,233
UG-MBL-0008,coffee,2025-12-22T00:00:00,26.187,29.28,3.092,48.743,38.3,24.6,218.0,1.813,3.387,15,0.783,2661.4,2,233
UG-MBL-0008,coffee,2025-12-23T00:00:00,26.346,30.34,1.709,48.783,38.1,24.7,217.9,1.654,2.327,16,0.846,2875.0,2,230
UG-MBL-0008,coffee,2025-12-24T00:00:00,26.486,36.57,2.299,49.769,38.1,24.5,217.7,1.514,3.903,17,0.769,2616.1,2,230
UG-MBL-0008,coffee,2025-12-25T00:00:00,26.577,36.67,2.146,50.577,37.9,24.4,217.4,1.423,4.003,18,0.744,2531.2,2,229
UG-MBL-0008,coffee,2025-12-26T00:00:00,26.7,37.99,2.087,51.173,37.8,24.4,217.3,1.3,5.323,19,0.746,2538.0,2,228
UG-MBL-0008,coffee,2025-12-27T00:00:00,26.931,38.64,2.109,51.45,37.6,24.2,217.2,1.069,5.973,20,0.814,2766.7,2,227
UG-MBL-0008,coffee,2025-12-28T00:00:00,27.221,38.96,1.773,51.224,37.6,24.2,217.4,0.779,6.293,21,0.759,2579.8,2,226
UG-MBL-0008,coffee,2025-12-29T00:00:00,27.37,40.88,1.67,52.243,37.5,24.1,217.2,0.63,8.213,22,0.787,2674.8,2,225
UG-MBL-0008,coffee,2025-12-30T00:00:00,27.611,42.0,1.42,52.456,37.5,24.0,216.9,0.389,9.333,23,0.762,2590.0,2,224
UG-MBL-0008,coffee,2025-12-31T00:00:00,27.879,42.24,0.577,53.537,37.4,23.9,216.8,0.121,9.573,24,0.805,2737.1,2,222
UG-MBL-0008,coffee,2026-01-01T00:00:00,28.039,45.47,0.959,52.99,37.3,24.0,216.9,0.039,12.803,25,0.744,2530.5,2,223
UG-MBL-0008,coffee,2026-01-02T00:00:00,28.257,43.78,2.397,53.339,37.1,23.9,216.8,0.257,11.113,26,0.832,2829.6,2,223
UG-MBL-0008,coffee,2026-01-03T00:00:00,28.449,41.39,2.437,52.046,37.0,23.9,216.6,0.449,8.723,27,0.822,2793.3,2,221
UG-MBL-0008,coffee,2026-01-04T00:00:00,28.431,38.74,2.217,53.144,36.8,24.0,216.2,0.431,6.073,28,0.777,2642.8,2,219
UG-MBL-0008,coffee,2026-01-05T00:00:00,28.573,40.24,2.157,53.211,36.7,24.0,216.0,0.573,7.573,29,0.759,2580.0,2,218
UG-MBL-0008,coffee,2026-01-06T00:00:00,28.601,40.28,2.13,52.871,36.5,24.0,215.9,0.601,7.613,30,0.865,2940.7,2,217
UG-MBL-0008,coffee,2026-01-07T00:00:00,28.724,37.78,2.356,52.73,36.4,24.0,215.5,0.724,5.113,31,0.755,2566.4,2,216
UG-MBL-0008,coffee,2026-01-08T00:00:00,28.829,37.87,2.099,53.516,36.2,24.0,215.3,0.829,5.203,32,0.784,2665.4,2,214
UG-MBL-0008,coffee,2026-01-09T00:00:00,28.837,38.22,1.31,53.433,36.0,23.9,215.1,0.837,5.553,33,0.788,2680.3,2,213
UG-MBL-0008,coffee,2026-01-10T00:00:00,28.766,41.32,1.638,55.594,35.9,23.8,215.1,0.766,8.653,34,0.76,2585.5,2,214
UG-MBL-0008,coffee,2026-01-11T00:00:00,29.001,43.55,1.891,56.517,35.8,23.8,215.0,1.001,10.883,35,0.684,2326.5,1,214
UG-MBL-0008,coffee,2026-01-12T00:00:00,28.941,46.96,2.546,58.26,35.6,23.7,214.8,0.941,14.293,36,0.719,2445.2,2,215
UG-MBL-0008,coffee,2026-01-13T00:00:00,28.943,49.88,2.583,59.327,35.5,23.6,214.6,0.943,17.213,37,0.651,2213.1,1,216
UG-MBL-0008,coffee,2026-01-14T00:00:00,29.124,50.31,3.394,59.081,35.4,23.6,214.6,1.124,17.643,38,0.711,2419.0,2,216
UG-MBL-0008,coffee,2026-01-15T00:00:00,29.374,48.73,2.277,58.539,35.2,23.5,214.3,1.374,16.063,39,0.639,2172.7,1,213
UG-MBL-0008,coffee,2026-01-16T00:00:00,29.56,51.52,2.106,61.08,35.1,23.5,214.3,1.56,18.853,40,0.66,2243.1,1,214
UG-MBL-0008,coffee,2026-01-17T00:00:00,29.833,53.21,2.139,62.68,35.0,23.5,214.0,1.833,20.543,41,0.573,1948.8,1,214
UG-MBL-0008,coffee,2026-01-18T00:00:00,29.983,55.93,0.986,62.436,34.8,23.5,213.7,1.983,23.263,42,0.559,1902.1,1,213
UG-MBL-0008,coffee,2026-01-19T00:00:00,30.114,52.47,0.989,62.061,34.7,23.5,213.5,2.114,19.803,43,0.624,2122.5,1,211
UG-MBL-0008,coffee,2026-01-20T00:00:00,30.404,52.3,0.571,63.89,34.6,23.4,213.3,2.404,19.633,44,0.629,2139.7,1,210
UG-MBL-0008,coffee,2026-01-21T00:00:00,30.319,55.25,0.815,64.149,34.5,23.4,213.2,2.319,22.583,45,0.668,2272.3,1,210
UG-MBL-0008,coffee,2026-01-22T00:00:00,30.349,54.66,1.303,64.11,34.4,23.3,213.1,2.349,21.993,46,0.622,2114.8,1,210
UG-MBL-0008,coffee,2026-01-23T00:00:00,30.514,54.23,1.202,64.106,34.4,23.3,212.8,2.514,21.563,47,0.663,2255.2,1,208
UG-MBL-0008,coffee,2026-01-24T00:00:00,30.609,56.73,0.728,63.899,34.2,23.2,212.8,2.609,24.063,48,0.595,2024.6,1,208
UG-MBL-0008,coffee,2026-01-25T00:00:00,30.791,53.9,0.657,62.736,34.0,23.1,213.0,2.791,21.233,49,0.645,2192.6,1,206
UG-MBL-0008,coffee,2026-01-26T00:00:00,30.914,55.65,0.69,61.727,34.0,23.0,213.1,2.914,22.983,50,0.588,1999.6,1,206
UG-MBL-0008,coffee,2026-01-27T00:00:00,30.924,52.79,1.096,60.459,33.8,23.0,213.2,2.924,20.123,51,0.604,2052.3,1,204
UG-MBL-0008,coffee,2026-01-28T00:00:00,31.043,47.75,1.11,61.403,33.6,23.0,213.0,3.043,15.083,52,0.611,2076.0,1,201
UG-MBL-0008,coffee,2026-01-29T00:00:00,30.971,49.76,1.076,62.119,33.5,23.1,213.1,2.971,17.093,53,0.66,2244.7,1,201
UG-MBL-0008,coffee,2026-01-30T00:00:00,30.83,53.06,1.139,61.279,33.3,23.0,212.8,2.83,20.393,54,0.632,2149.1,1,201
UG-MBL-0008,coffee,2026-01-31T00:00:00,30.754,47.0,1.292,60.806,33.3,22.9,212.5,2.754,14.333,55,0.695,2363.0,1,197
UG-MBL-0008,coffee,2026-02-01T00:00:00,30.843,46.3,1.026,62.751,33.3,22.9,212.2,2.843,13.633,56,0.684,2327.3,1,196
UG-MBL-0008,coffee,2026-02-02T00:00:00,30.969,45.04,1.029,64.424,33.0,22.8,211.9,2.969,12.373,57,0.745,2534.6,2,194
UG-MBL-0008,coffee,2026-02-03T00:00:00,31.04,42.78,0.852,64.677,32.9,22.8,211.7,3.04,10.113,58,0.708,2408.0,2,192
UG-MBL-0008,coffee,2026-02-04T00:00:00,31.107,43.91,1.081,64.941,32.7,22.7,211.5,3.107,11.243,59,0.719,2443.9,2,192
UG-MBL-0008,coffee,2026-02-05T00:00:00,31.369,43.51,1.105,65.021,32.6,22.5,211.2,3.369,10.843,60,0.677,2303.1,1,191
UG-MBL-0008,coffee,2026-02-06T00:00:00,31.541,37.12,1.157,64.924,32.6,22.5,211.1,3.541,4.453,61,0.708,2405.8,2,187
UG-MBL-0008,coffee,2026-02-07T00:00:00,31.741,39.4,1.308,64.093,32.6,22.5,210.8,3.741,6.733,62,0.734,2494.2,2,188
UG-MBL-0008,coffee,2026-02-08T00:00:00,31.81,39.35,1.301,62.686,32.5,22.4,210.5,3.81,6.683,63,0.708,2406.5,2,187
UG-MBL-0008,coffee,2026-02-09T00:00:00,32.024,42.94,1.507,63.036,32.4,22.5,210.3,4.024,10.273,64,0.702,2385.3,2,188
UG-MBL-0008,coffee,2026-02-10T00:00:00,31.956,47.47,1.443,62.786,32.3,22.5,210.2,3.956,14.803,65,0.652,2216.3,1,189
UG-MBL-0008,coffee,2026-02-11T00:00:00,31.934,50.67,1.138,60.684,32.3,22.5,210.2,3.934,18.003,66,0.595,2022.6,1,189
UG-MBL-0008,coffee,2026-02-12T00:00:00,31.971,51.52,1.39,60.427,32.2,22.5,209.9,3.971,18.853,67,0.641,2179.9,1,189
UG-MBL-0008,coffee,2026-02-13T00:00:00,32.013,55.26,0.81,60.304,32.0,22.6,210.0,4.013,22.593,68,0.557,1894.6,1,189
UG-MBL-0008,coffee,2026-02-14T00:00:00,31.879,58.91,1.194,61.729,31.8,22.5,210.2,3.879,26.243,69,0.57,1938.6,1,190
UG-MBL-0008,coffee,2026-02-15T00:00:00,31.926,62.67,1.27,62.37,31.6,22.5,210.3,3.926,30.003,70,0.557,1895.1,1,191
UG-MBL-0008,coffee,2026-02-16T00:00:00,31.719,57.54,1.279,61.16,31.5,22.4,210.0,3.719,24.873,71,0.551,1872.2,1,188
UG-MBL-0008,coffee,2026-02-17T00:00:00,31.756,55.18,1.358,62.271,31.5,22.3,210.0,3.756,22.513,72,0.614,2087.2,1,186
UG-MBL-0008,coffee,2026-02-18T00:00:00,31.797,56.53,1.102,64.439,31.3,22.3,209.9,3.797,23.863,73,0.581,1976.7,1,185
UG-MBL-0008,coffee,2026-02-19T00:00:00,31.726,53.96,1.059,65.603,31.3,22.2,209.8,3.726,21.293,74,0.616,2095.5,1,183
UG-MBL-0008,coffee,2026-02-20T00:00:00,31.763,55.15,1.005,66.776,31.1,22.2,209.7,3.763,22.483,75,0.555,1887.5,1,182
UG-MBL-0008,coffee,2026-02-21T00:00:00,31.809,48.88,0.597,66.493,31.0,22.2,209.4,3.809,16.213,76,0.64,2176.6,1,178
UG-MBL-0008,coffee,2026-02-22T00:00:00,31.666,49.46,1.015,66.487,30.9,22.2,209.1,3.666,16.793,77,0.584,1985.8,1,177
UG-MBL-0008,coffee,2026-02-23T00:00:00,31.696,53.48,1.203,67.014,30.8,22.2,209.1,3.696,20.813,78,0.642,2184.2,1,179
UG-MBL-0008,coffee,2026-02-24T00:00:00,31.806,52.88,1.677,64.703,30.7,22.1,208.8,3.806,20.213,79,0.529,1798.9,1,178
UG-MBL-0008,coffee,2026-02-25T00:00:00,31.799,48.45,2.003,63.54,30.6,22.0,208.5,3.799,15.783,80,0.611,2077.3,1,175
UG-MBL-0008,coffee,2026-02-26T00:00:00,31.896,51.75,2.212,63.307,30.5,22.0,208.4,3.896,19.083,81,0.564,1916.1,1,176
UG-MBL-0008,coffee,2026-02-27T00:00:00,31.88,51.31,2.265,62.429,30.4,21.9,208.3,3.88,18.643,82,0.614,2089.2,1,175
UG-MBL-0008,coffee,2026-02-28T00:00:00,31.881,54.98,3.469,62.416,30.3,21.8,208.1,3.881,22.313,83,0.615,2089.5,1,176
UG-MBL-0008,coffee,2026-03-01T00:00:00,31.777,51.82,3.513,61.663,30.2,21.7,208.0,3.777,19.153,84,0.602,2047.6,1,174
UG-MBL-0008,coffee,2026-03-02T00:00:00,31.679,50.35,4.049,61.34,30.2,21.7,208.0,3.679,17.683,85,0.682,2317.4,1,172
UG-MBL-0008,coffee,2026-03-03T00:00:00,31.617,53.83,3.572,62.684,29.9,21.6,207.6,3.617,21.163,86,0.526,1787.0,1,173
UG-MBL-0008,coffee,2026-03-04T00:00:00,31.711,54.36,2.704,63.043,29.8,21.7,207.4,3.711,21.693,87,0.527,1790.8,1,171
UG-MBL-0008,coffee,2026-03-05T00:00:00,31.517,54.04,2.745,62.886,29.6,21.6,207.1,3.517,21.373,88,0.543,1845.3,1,170
UG-MBL-0008,coffee,2026-03-06T00:00:00,31.44,48.91,3.138,62.476,29.5,21.5,207.0,3.44,16.243,89,0.612,2081.7,1,167
UG-MBL-0008,coffee,2026-03-07T00:00:00,31.381,47.68,1.072,62.006,29.3,21.5,207.0,3.381,15.013,90,0.602,2048.5,1,163
UG-MBL-0008,coffee,2026-03-08T00:00:00,31.336,46.93,1.036,62.729,29.2,21.5,207.1,3.336,14.263,91,0.617,2098.4,1,162
UG-MBL-0008,coffee,2026-03-09T00:00:00,31.363,48.6,1.719,61.116,29.0,21.4,206.9,3.363,15.933,92,0.638,2168.7,1,162
UG-MBL-0008,coffee,2026-03-10T00:00:00,31.376,45.39,3.156,59.363,29.0,21.4,207.3,3.376,12.723,93,0.598,2034.1,1,161
UG-MBL-0008,coffee,2026-03-11T00:00:00,31.137,47.74,3.412,59.027,28.9,21.4,207.1,3.137,15.073,94,0.584,1984.7,1,161
UG-MBL-0008,coffee,2026-03-12T00:00:00,31.134,47.98,3.383,58.524,28.9,21.3,207.1,3.134,15.313,95,0.604,2053.5,1,160
UG-MBL-0008,coffee,2026-03-13T00:00:00,30.997,49.1,2.836,57.989,28.8,21.3,206.9,2.997,16.433,96,0.603,2049.6,1,159
UG-MBL-0008,coffee,2026-03-14T00:00:00,31.04,52.47,2.775,57.699,28.7,21.4,206.8,3.04,19.803,97,0.615,2089.5,1,160
UG-MBL-0008,coffee,2026-03-15T00:00:00,30.923,51.52,2.711,57.759,28.4,21.3,206.7,2.923,18.853,98,0.566,1923.5,1,158
UG-MBL-0008,coffee,2026-03-16T00:00:00,30.756,45.4,2.167,60.14,28.4,21.3,206.4,2.756,12.733,99,0.626,2127.8,1,153
UG-MBL-0008,coffee,2026-03-17T00:00:00,30.603,47.75,1.495,62.936,28.3,21.2,205.9,2.603,15.083,100,0.652,2217.0,1,153
UG-MBL-0008,coffee,2026-03-18T00:00:00,30.514,45.69,1.442,63.544,28.3,21.1,205.9,2.514,13.023,101,0.677,2300.1,1,151
UG-MBL-0008,coffee,2026-03-19T00:00:00,30.363,41.1,1.46,64.327,28.2,21.1,205.8,2.363,8.433,102,0.733,2492.7,2,147
UG-MBL-0008,coffee,2026-03-20T00:00:00,30.234,41.2,1.547,65.903,28.0,21.0,205.8,2.234,8.533,103,0.704,2393.2,2,146
UG-MBL-0008,coffee,2026-03-21T00:00:00,29.936,38.64,3.22,65.529,28.0,20.9,205.4,1.936,5.973,104,0.707,2403.3,2,145
UG-MBL-0008,coffee,2026-03-22T00:00:00,29.979,40.27,3.804,64.22,28.0,20.9,205.1,1.979,7.603,105,0.703,2390.7,2,145
UG-MBL-0008,coffee,2026-03-23T00:00:00,29.917,43.25,4.73,62.663,27.8,20.9,205.3,1.917,10.583,106,0.65,2208.8,1,146
UG-MBL-0008,coffee,2026-03-24T00:00:00,29.681,39.56,3.298,60.447,27.6,20.9,205.2,1.681,6.893,107,0.689,2342.3,1,142
UG-MBL-0008,coffee,2026-03-25T00:00:00,29.394,37.02,3.77,59.307,27.5,20.9,204.9,1.394,4.353,108,0.665,2262.5,1,140
UG-MBL-0008,coffee,2026-03-26T00:00:00,29.221,34.79,4.395,58.546,27.5,20.8,204.9,1.221,2.123,109,0.762,2591.8,2,138
UG-MBL-0008,coffee,2026-03-27T00:00:00,29.203,37.74,4.222,58.023,27.4,20.7,204.5,1.203,5.073,110,0.718,2442.7,2,138
UG-MBL-0008,coffee,2026-03-28T00:00:00,29.116,35.68,2.464,56.07,27.3,20.7,204.4,1.116,3.013,111,0.762,2592.2,2,135
UG-MBL-0008,coffee,2026-03-29T00:00:00,28.893,28.51,1.394,56.457,27.2,20.7,204.3,0.893,4.157,112,0.656,2230.5,1,133
UG-MBL-0008,coffee,2026-03-30T00:00:00,28.763,23.11,1.499,55.724,27.2,20.6,203.8,0.763,9.557,113,0.696,2368.0,1,135
UG-MBL-0008,coffee,2026-03-31T00:00:00,28.737,24.24,1.472,55.37,27.2,20.6,203.6,0.737,8.427,114,0.682,2318.5,1,133
UG-MBL-0008,coffee,2026-04-01T00:00:00,28.674,30.5,1.444,54.654,27.1,20.7,203.6,0.674,2.167,115,0.804,2733.9,2,129
UG-MBL-0008,coffee,2026-04-02T00:00:00,28.493,32.79,1.352,53.017,27.0,20.8,203.3,0.493,0.123,116,0.797,2710.2,2,127
UG-MBL-0008,coffee,2026-04-03T00:00:00,28.269,30.31,2.092,52.051,26.9,20.8,203.3,0.269,2.357,117,0.765,2600.9,2,127
UG-MBL-0008,coffee,2026-04-04T00:00:00,28.173,30.86,1.99,53.431,26.8,20.8,203.2,0.173,1.807,118,0.751,2553.6,2,126
UG-MBL-0008,coffee,2026-04-05T00:00:00,28.087,37.75,1.22,53.211,26.7,20.8,203.1,0.087,5.083,119,0.757,2572.4,2,126
UG-MBL-0008,coffee,2026-04-06T00:00:00,27.897,40.09,1.435,53.353,26.6,20.8,203.1,0.103,7.423,120,0.695,2364.0,1,126
UG-MBL-0008,coffee,2026-04-07T00:00:00,27.651,39.18,1.419,53.509,26.5,20.6,202.9,0.349,6.513,121,0.723,2457.8,2,125
UG-MBL-0008,coffee,2026-04-08T00:00:00,27.616,31.6,2.746,54.919,26.3,20.5,202.7,0.384,1.067,122,0.741,2519.1,2,122
UG-MBL-0008,coffee,2026-04-09T00:00:00,27.396,29.47,3.032,55.026,26.3,20.4,202.5,0.604,3.197,123,0.803,2730.6,2,123
UG-MBL-0008,coffee,2026-04-10T00:00:00,27.277,28.99,1.434,54.283,26.3,20.3,202.3,0.723,3.677,124,0.784,2667.1,2,121
UG-MBL-0008,coffee,2026-04-11T00:00:00,27.043,28.89,1.322,54.653,26.1,20.3,202.2,0.957,3.777,125,0.768,2609.7,2,120
UG-MBL-0008,coffee,2026-04-12T00:00:00,26.837,26.67,1.333,53.309,26.2,20.2,201.9,1.163,5.997,126,0.67,2277.6,1,121
UG-MBL-0008,coffee,2026-04-13T00:00:00,26.626,28.02,1.799,51.899,26.1,20.1,201.8,1.374,4.647,127,0.744,2528.6,2,120
UG-MBL-0008,coffee,2026-04-14T00:00:00,26.544,27.99,1.665,51.0,26.0,20.2,201.8,1.456,4.677,128,0.723,2457.0,2,119
UG-MBL-0008,coffee,2026-04-15T00:00:00,26.369,28.77,1.063,49.544,25.8,20.1,201.8,1.631,3.897,129,0.761,2589.0,2,117
UG-MBL-0008,coffee,2026-04-16T00:00:00,26.25,32.2,1.506,48.894,25.7,20.1,201.9,1.75,0.467,130,0.756,2571.0,2,115
UG-MBL-0008,coffee,2026-04-17T00:00:00,26.089,31.38,2.023,48.216,25.4,20.1,201.8,1.911,1.287,131,0.732,2488.1,2,115
UG-MBL-0008,coffee,2026-04-18T00:00:00,26.071,29.26,2.293,46.221,25.4,20.1,201.6,1.929,3.407,132,0.72,2447.3,2,115
UG-MBL-0008,coffee,2026-04-19T00:00:00,25.916,28.21,2.561,46.169,25.3,20.0,201.5,2.084,4.457,133,0.645,2194.6,1,115
UG-MBL-0008,coffee,2026-04-20T00:00:00,25.87,23.39,2.176,46.177,25.2,20.0,201.4,2.13,9.277,134,0.639,2174.2,1,116
UG-MBL-0008,coffee,2026-04-21T00:00:00,25.71,21.72,1.986,46.827,25.0,19.8,201.3,2.29,10.947,135,0.658,2235.8,1,116
UG-MBL-0008,coffee,2026-04-22T00:00:00,25.484,21.12,1.561,47.676,25.1,19.8,201.3,2.516,11.547,136,0.676,2297.0,1,115
UG-MBL-0008,coffee,2026-04-23T00:00:00,25.501,20.14,1.356,47.494,24.9,19.7,201.1,2.499,12.527,137,0.618,2101.0,1,114
UG-MBL-0008,coffee,2026-04-24T00:00:00,25.446,16.21,2.272,47.376,24.9,19.8,201.0,2.554,16.457,138,0.594,2020.4,1,116
UG-MBL-0008,coffee,2026-04-25T00:00:00,25.221,18.39,2.29,47.903,24.9,19.7,200.7,2.779,14.277,139,0.561,1906.5,1,114
UG-MBL-0008,coffee,2026-04-26T00:00:00,25.181,21.79,1.791,47.25,24.8,19.6,200.7,2.819,10.877,140,0.682,2317.6,1,111
UG-MBL-0008,coffee,2026-04-27T00:00:00,25.169,23.7,3.142,47.213,24.7,19.5,200.7,2.831,8.967,141,0.677,2301.5,1,110
UG-MBL-0008,coffee,2026-04-28T00:00:00,25.086,23.3,2.896,46.473,24.6,19.7,200.5,2.914,9.367,142,0.66,2245.7,1,110
UG-MBL-0008,coffee,2026-04-29T00:00:00,25.134,22.5,2.992,44.981,24.4,19.6,200.2,2.866,10.167,143,0.645,2194.5,1,109
UG-MBL-0008,coffee,2026-04-30T00:00:00,25.057,17.85,2.991,44.971,24.3,19.6,200.3,2.943,14.817,144,0.641,2179.6,1,110
UG-MBL-0008,coffee,2026-05-01T00:00:00,25.04,22.29,2.432,44.474,24.1,19.5,200.4,2.96,10.377,145,0.608,2066.7,1,107
UG-MBL-0008,coffee,2026-05-02T00:00:00,24.991,18.51,2.62,44.137,24.0,19.4,200.3,3.009,14.157,146,0.572,1944.5,1,108
UG-MBL-0008,coffee,2026-05-03T00:00:00,24.894,13.18,2.3,45.159,23.9,19.4,200.2,3.106,19.487,147,0.588,2000.5,1,109
UG-MBL-0008,coffee,2026-05-04T00:00:00,24.679,14.32,1.245,46.844,23.8,19.4,200.0,3.321,18.347,148,0.6,2039.9,1,107
UG-MBL-0008,coffee,2026-05-05T00:00:00,24.537,13.66,1.273,46.899,23.8,19.4,199.8,3.463,19.007,149,0.526,1788.9,1,106
UG-MBL-0008,coffee,2026-05-06T00:00:00,24.446,13.59,1.398,47.856,23.8,19.4,199.9,3.554,19.077,150,0.543,1847.1,1,106
UG-MBL-0008,coffee,2026-05-07T00:00:00,24.239,18.73,1.498,48.317,23.7,19.3,199.6,3.761,13.937,151,0.646,2197.2,1,103
UG-MBL-0008,coffee,2026-05-08T00:00:00,24.141,15.82,0.591,48.65,23.7,19.3,199.4,3.859,16.847,152,0.592,2012.8,1,102
UG-MBL-0008,coffee,2026-05-09T00:00:00,24.201,15.97,0.532,48.591,23.6,19.2,199.4,3.799,16.697,153,0.605,2057.9,1,101
UG-MBL-0008,coffee,2026-05-10T00:00:00,24.226,17.9,1.429,48.246,23.5,19.2,199.3,3.774,14.767,154,0.553,1879.8,1,100
UG-MBL-0008,coffee,2026-05-11T00:00:00,24.151,21.2,1.841,47.427,23.4,19.2,199.2,3.849,11.467,155,0.629,2138.5,1,98
UG-MBL-0008,coffee,2026-05-12T00:00:00,24.14,22.37,2.249,47.307,23.4,19.1,199.1,3.86,10.297,156,0.573,1946.7,1,97
UG-MBL-0008,coffee,2026-05-13T00:00:00,24.109,23.29,2.05,44.999,23.4,19.1,198.7,3.891,9.377,157,0.563,1915.7,1,95
UG-MBL-0008,coffee,2026-05-14T00:00:00,24.12,21.09,1.648,45.283,23.3,19.1,198.6,3.88,11.577,158,0.63,2140.8,1,95
UG-MBL-0008,coffee,2026-05-15T00:00:00,23.997,21.48,1.144,45.681,23.2,19.0,198.0,4.003,11.187,159,0.656,2229.6,1,93
UG-MBL-0008,coffee,2026-05-16T00:00:00,23.861,25.85,1.876,47.036,23.2,18.9,197.6,4.139,6.817,160,0.631,2146.1,1,91
UG-MBL-0008,coffee,2026-05-17T00:00:00,23.673,26.5,1.858,47.351,23.2,18.9,197.2,4.327,6.167,161,0.624,2122.6,1,90
UG-MBL-0008,coffee,2026-05-18T00:00:00,23.779,22.58,1.883,45.826,23.0,18.9,196.8,4.221,10.087,162,0.661,2248.5,1,91
UG-MBL-0008,coffee,2026-05-19T00:00:00,23.766,20.77,1.85,46.737,22.9,18.8,196.7,4.234,11.897,163,0.589,2002.6,1,91
UG-MBL-0008,coffee,2026-05-20T00:00:00,23.761,18.62,1.583,48.461,22.8,18.8,196.9,4.239,14.047,164,0.577,1963.1,1,90
UG-MBL-0008,coffee,2026-05-21T00:00:00,23.787,15.56,1.981,47.354,22.7,18.8,196.6,4.213,17.107,165,0.602,2047.8,1,91
UG-MBL-0008,coffee,2026-05-22T00:00:00,23.891,13.64,1.928,46.87,22.6,18.7,196.6,4.109,19.027,166,0.527,1790.4,1,91
UG-MBL-0008,coffee,2026-05-23T00:00:00,23.889,10.05,1.621,46.066,22.4,18.8,196.9,4.111,22.617,167,0.491,1669.9,1,91
UG-MBL-0008,coffee,2026-05-24T00:00:00,23.797,8.53,2.017,45.949,22.3,18.8,196.8,4.203,24.137,168,0.518,1761.9,1,92
UG-MBL-0008,coffee,2026-05-25T00:00:00,23.809,6.32,2.164,47.457,22.1,18.7,196.9,4.191,26.347,169,0.453,1539.8,1,92
UG-MBL-0008,coffee,2026-05-26T00:00:00,23.969,5.11,2.18,46.056,22.1,18.7,196.7,4.031,27.557,170,0.462,1571.0,1,91
UG-MBL-0008,coffee,2026-05-27T00:00:00,24.03,10.55,2.238,46.737,22.0,18.7,196.3,3.97,22.117,171,0.47,1599.0,1,87
UG-MBL-0008,coffee,2026-05-28T00:00:00,24.167,12.93,2.025,47.367,21.9,18.7,196.4,3.833,19.737,172,0.538,1827.8,1,85
UG-MBL-0008,coffee,2026-05-29T00:00:00,24.24,13.77,2.001,46.336,21.8,18.7,196.3,3.76,18.897,173,0.542,1842.2,1,83
UG-MBL-0008,coffee,2026-05-30T00:00:00,24.393,13.86,2.366,45.82,21.8,18.7,195.9,3.607,18.807,174,0.569,1933.7,1,83
UG-MBL-0008,coffee,2026-05-31T00:00:00,24.607,13.54,1.684,45.81,21.8,18.6,195.9,3.393,19.127,175,0.57,1939.4,1,81
UG-MBL-0008,coffee,2026-06-01T00:00:00,24.6,13.3,2.795,45.539,21.7,18.5,195.8,3.4,19.367,176,0.551,1873.8,1,81
UG-MBL-0008,coffee,2026-06-02T00:00:00,24.474,15.89,2.765,46.649,21.7,18.4,195.8,3.526,16.777,177,0.565,1920.6,1,79
UG-MBL-0008,coffee,2026-06-03T00:00:00,24.48,13.05,2.3,45.449,21.6,18.3,195.7,3.52,19.617,178,0.53,1801.9,1,79
UG-MBL-0008,coffee,2026-06-04T00:00:00,24.521,12.28,1.938,45.327,21.5,18.3,195.4,3.479,20.387,179,0.547,1859.6,1,78
UG-MBR-0001,beans,2025-12-13T00:00:00,20.351,13.19,2.043,49.586,29.8,35.0,249.3,3.649,10.143,6,0.666,426.5,1,83
UG-MBR-0001,beans,2025-12-14T00:00:00,20.28,12.7,2.394,49.661,29.7,35.0,249.0,3.72,10.633,7,0.621,397.4,1,82
UG-MBR-0001,beans,2025-12-15T00:00:00,20.289,11.32,1.649,49.217,29.5,34.9,249.3,3.711,12.013,8,0.719,460.4,2,81
UG-MBR-0001,beans,2025-12-16T00:00:00,20.341,12.78,2.045,49.013,29.3,34.8,249.3,3.659,10.553,9,0.713,456.4,2,80
UG-MBR-0001,beans,2025-12-17T00:00:00,20.737,14.72,1.78,49.233,29.1,34.7,249.1,3.263,8.613,10,0.711,455.0,2,78
UG-MBR-0001,beans,2025-12-18T00:00:00,20.827,17.96,1.827,48.007,29.1,34.5,248.3,3.173,5.373,11,0.773,494.7,2,77
UG-MBR-0001,beans,2025-12-19T00:00:00,21.004,19.11,2.396,49.507,29.0,34.4,248.0,2.996,4.223,12,0.726,464.4,2,76
UG-MBR-0001,beans,2025-12-20T00:00:00,20.781,20.12,1.113,49.581,29.0,34.5,248.2,3.219,3.213,13,0.741,474.4,2,74
UG-MBR-0001,beans,2025-12-21T00:00:00,20.969,24.92,1.79,49.434,28.8,34.4,248.4,3.031,1.587,14,0.746,477.5,2,73
UG-MBR-0001,beans,2025-12-22T00:00:00,21.086,24.65,2.205,51.864,28.8,34.3,248.0,2.914,1.317,15,0.789,504.8,2,72
UG-MBR-0001,beans,2025-12-23T00:00:00,21.304,22.06,2.011,50.716,28.8,34.3,247.4,2.696,1.273,16,0.729,466.4,2,71
UG-MBR-0001,beans,2025-12-24T00:00:00,21.287,20.27,2.549,52.293,28.8,34.2,247.0,2.713,3.063,17,0.735,470.2,2,71
UG-MBR-0001,beans,2025-12-25T00:00:00,21.467,17.03,2.602,53.707,28.7,34.2,246.9,2.533,6.303,18,0.742,475.1,2,70
UG-MBR-0001,beans,2025-12-26T00:00:00,21.601,18.27,2.598,53.874,28.6,34.1,246.9,2.399,5.063,19,0.709,453.6,2,69
UG-MBR-0001,beans,2025-12-27T00:00:00,21.953,13.59,2.837,54.774,28.4,34.0,246.7,2.047,9.743,20,0.69,441.6,1,68
UG-MBR-0001,beans,2025-12-28T00:00:00,22.129,7.39,3.268,54.313,28.4,34.0,246.3,1.871,15.943,21,0.594,379.9,1,69
UG-MBR-0001,beans,2025-12-29T00:00:00,22.569,8.84,1.987,54.989,28.3,33.9,246.3,1.431,14.493,22,0.703,450.1,2,67
UG-MBR-0001,beans,2025-12-30T00:00:00,22.529,11.75,1.023,56.086,28.1,33.8,246.3,1.471,11.583,23,0.694,444.1,1,65
UG-MBR-0001,beans,2025-12-31T00:00:00,22.671,14.15,1.324,56.714,27.9,33.7,246.3,1.329,9.183,24,0.699,447.2,1,64
UG-MBR-0001,beans,2026-01-01T00:00:00,22.804,15.36,0.98,57.13,27.5,33.6,246.0,1.196,7.973,25,0.706,451.5,2,62
UG-MBR-0001,beans,2026-01-02T00:00:00,22.81,16.55,0.976,57.59,27.4,33.6,246.0,1.19,6.783,26,0.741,474.1,2,61
UG-MBR-0001,beans,2026-01-03T00:00:00,22.93,19.61,1.185,57.05,27.3,33.6,245.8,1.07,3.723,27,0.729,466.6,2,60
UG-MBR-0001,beans,2026-01-04T00:00:00,23.08,24.65,1.414,57.686,27.2,33.5,245.6,0.92,1.317,28,0.853,546.2,2,58
UG-MBR-0001,beans,2026-01-05T00:00:00,23.14,28.63,1.927,56.231,27.0,33.5,245.0,0.86,5.297,29,0.688,440.1,1,58
UG-MBR-0001,beans,2026-01-06T00:00:00,23.193,28.52,1.876,56.469,27.1,33.6,244.7,0.807,5.187,30,0.748,478.8,2,57
UG-MBR-0001,beans,2026-01-07T00:00:00,23.38,28.62,2.056,55.534,27.0,33.4,244.4,0.62,5.287,31,0.765,489.3,2,56
UG-MBR-0001,beans,2026-01-08T00:00:00,23.367,28.39,2.067,55.373,27.0,33.4,244.5,0.633,5.057,32,0.739,473.1,2,55
UG-MBR-0001,beans,2026-01-09T00:00:00,23.659,30.08,2.749,53.413,26.8,33.3,244.3,0.341,6.747,33,0.754,482.8,2,54
UG-MBR-0001,beans,2026-01-10T00:00:00,23.65,31.46,2.691,53.879,26.9,33.3,244.1,0.35,8.127,34,0.713,456.3,2,53
UG-MBR-0001,beans,2026-01-11T00:00:00,23.759,32.03,2.516,52.739,26.8,33.1,243.9,0.241,8.697,35,0.78,499.4,2,52
UG-MBR-0001,beans,2026-01-12T00:00:00,23.74,26.6,1.446,53.49,26.8,33.1,243.8,0.26,3.267,36,0.752,481.0,2,50
UG-MBR-0001,beans,2026-01-13T00:00:00,23.92,26.94,1.492,53.653,26.6,33.0,244.0,0.08,3.607,37,0.712,456.0,2,49
UG-MBR-0001,beans,2026-01-14T00:00:00,24.043,27.94,1.175,55.071,26.4,32.9,243.9,0.043,4.607,38,0.738,472.4,2,48
UG-MBR-0001,beans,2026-01-15T00:00:00,24.284,33.43,1.425,56.946,26.4,32.8,244.0,0.284,10.097,39,0.739,472.8,2,48
UG-MBR-0001,beans,2026-01-16T00:00:00,24.201,32.86,0.753,58.604,26.3,32.8,243.7,0.201,9.527,40,0.735,470.4,2,47
UG-MBR-0001,beans,2026-01-17T00:00:00,24.396,32.29,1.852,58.027,26.1,32.7,243.5,0.396,8.957,41,0.752,481.2,2,46
UG-MBR-0001,beans,2026-01-18T00:00:00,24.544,34.56,2.391,60.33,26.0,32.8,243.7,0.544,11.227,42,0.72,460.8,2,46
UG-MBR-0001,beans,2026-01-19T00:00:00,24.601,42.25,2.329,61.76,25.8,32.7,243.5,0.601,18.917,43,0.622,398.3,1,46
UG-MBR-0001,beans,2026-01-20T00:00:00,24.679,45.92,2.243,63.109,25.8,32.7,243.3,0.679,22.587,44,0.596,381.7,1,46
UG-MBR-0001,beans,2026-01-21T00:00:00,24.784,40.95,2.683,63.333,25.7,32.7,243.1,0.784,17.617,45,0.634,406.0,1,44
UG-MBR-0001,beans,2026-01-22T00:00:00,24.78,40.44,2.405,61.48,25.5,32.6,242.6,0.78,17.107,46,0.707,452.5,2,43
UG-MBR-0001,beans,2026-01-23T00:00:00,24.964,37.12,2.452,62.513,25.6,32.6,242.4,0.964,13.787,47,0.695,444.7,1,42
UG-MBR-0001,beans,2026-01-24T00:00:00,25.35,41.01,1.838,64.363,25.6,32.6,242.3,1.35,17.677,48,0.698,446.7,1,41
UG-MBR-0001,beans,2026-01-25T00:00:00,25.349,40.84,1.817,65.004,25.4,32.4,242.1,1.349,17.507,49,0.667,426.6,1,40
UG-MBR-0001,beans,2026-01-26T00:00:00,25.62,37.8,1.712,64.361,25.3,32.4,241.8,1.62,14.467,50,0.66,422.2,1,39
UG-MBR-0001,beans,2026-01-27T00:00:00,25.857,38.08,2.727,64.506,25.2,32.4,241.6,1.857,14.747,51,0.618,395.2,1,38
UG-MBR-0001,beans,2026-01-28T00:00:00,25.981,39.27,2.162,63.463,25.2,32.3,241.7,1.981,15.937,52,0.646,413.6,1,37
UG-MBR-0001,beans,2026-01-29T00:00:00,26.341,37.93,2.763,64.261,25.1,32.3,241.5,2.341,14.597,53,0.639,409.1,1,36
UG-MBR-0001,beans,2026-01-30T00:00:00,26.527,40.23,3.561,65.679,24.9,32.2,241.4,2.527,16.897,54,0.611,391.2,1,36
UG-MBR-0001,beans,2026-01-31T00:00:00,26.44,37.54,3.047,64.949,24.7,32.1,240.9,2.44,14.207,55,0.632,404.4,1,34
UG-MBR-0001,beans,2026-02-01T00:00:00,26.666,37.6,3.377,64.097,24.5,32.2,240.9,2.666,14.267,56,0.57,364.8,1,34
UG-MBR-0001,beans,2026-02-02T00:00:00,26.606,34.27,2.999,63.11,24.6,32.0,240.6,2.606,10.937,57,0.699,447.2,1,32
UG-MBR-0001,beans,2026-02-03T00:00:00,26.531,32.24,2.956,62.787,24.6,32.0,240.7,2.531,8.907,58,0.677,433.1,1,31
UG-MBR-0001,beans,2026-02-04T00:00:00,26.564,38.35,3.053,63.371,24.5,31.9,240.4,2.564,15.017,59,0.585,374.3,1,31
UG-MBR-0001,beans,2026-02-05T00:00:00,26.483,38.5,1.688,64.261,24.5,31.9,240.7,2.483,15.167,60,0.651,416.6,1,29
UG-MBR-0001,beans,2026-02-06T00:00:00,26.594,38.51,1.419,63.753,24.4,31.9,240.2,2.594,15.177,61,0.61,390.6,1,28
UG-MBR-0001,beans,2026-02-07T00:00:00,26.556,37.9,1.289,64.617,24.3,31.8,240.4,2.556,14.567,62,0.659,421.5,1,27
UG-MBR-0001,beans,2026-02-08T00:00:00,26.336,36.73,0.831,65.293,24.2,31.7,240.0,2.336,13.397,63,0.685,438.4,1,26
UG-MBR-0001,beans,2026-02-09T00:00:00,26.421,43.37,0.548,65.859,24.0,31.7,240.1,2.421,20.037,64,0.637,407.5,1,26
UG-MBR-0001,beans,2026-02-10T00:00:00,26.664,41.64,0.466,65.789,24.0,31.6,239.6,2.664,18.307,65,0.612,391.5,1,24
UG-MBR-0001,beans,2026-02-11T00:00:00,26.786,41.39,0.472,67.047,23.9,31.4,239.4,2.786,18.057,66,0.603,386.2,1,23
UG-MBR-0001,beans,2026-02-12T00:00:00,26.696,42.36,0.387,66.771,23.9,31.4,239.2,2.696,19.027,67,0.591,378.4,1,22
UG-MBR-0001,beans,2026-02-13T00:00:00,26.476,46.29,0.446,63.817,23.8,31.3,239.0,2.476,22.957,68,0.559,357.7,1,22
UG-MBR-0001,beans,2026-02-14T00:00:00,26.636,49.55,1.29,63.03,23.8,31.2,239.0,2.636,26.217,69,0.542,346.7,1,22
UG-MBR-0001,beans,2026-02-15T00:00:00,26.787,54.76,1.234,63.531,23.8,31.1,238.7,2.787,31.427,70,0.492,314.8,1,22
UG-MBR-0001,beans,2026-02-16T00:00:00,26.804,56.16,1.802,65.047,23.7,31.1,238.6,2.804,32.827,71,0.457,292.5,1,21
UG-MBR-0001,beans,2026-02-17T00:00:00,26.921,59.6,1.716,66.49,23.7,31.2,238.5,2.921,36.267,72,0.419,268.0,1,21
UG-MBR-0001,beans,2026-02-18T00:00:00,26.843,58.0,1.835,64.803,23.5,31.1,238.6,2.843,34.667,73,0.462,295.7,1,20
UG-MBR-0001,beans,2026-02-19T00:00:00,27.033,61.89,1.836,64.129,23.2,30.9,238.2,3.033,38.557,74,0.416,266.2,1,19
UG-MBR-0001,beans,2026-02-20T00:00:00,27.291,59.32,1.858,67.433,23.1,30.9,238.3,3.291,35.987,75,0.41,262.5,1,18
UG-MBR-0001,beans,2026-02-21T00:00:00,27.119,57.12,1.44,67.39,23.2,30.9,238.1,3.119,33.787,76,0.493,315.6,1,17
UG-MBR-0001,beans,2026-02-22T00:00:00,27.267,53.88,1.499,66.216,23.0,30.9,238.0,3.267,30.547,77,0.543,347.8,1,15
UG-MBR-0001,beans,2026-02-23T00:00:00,27.316,49.58,1.289,65.633,22.9,30.7,237.8,3.316,26.247,78,0.554,354.4,1,13
UG-MBR-0001,beans,2026-02-24T00:00:00,27.084,47.56,1.363,65.169,22.7,30.6,237.5,3.084,24.227,79,0.521,333.3,1,12
UG-MBR-0001,beans,2026-02-25T00:00:00,27.097,47.51,1.072,66.627,22.7,30.5,237.1,3.097,24.177,80,0.543,347.6,1,11
UG-MBR-0001,beans,2026-02-26T00:00:00,27.0,46.77,1.089,65.166,22.8,30.6,237.2,3.0,23.437,81,0.599,383.4,1,10
UG-MBR-0001,beans,2026-02-27T00:00:00,26.56,43.58,1.276,63.524,22.8,30.5,237.1,2.56,20.247,82,0.548,350.5,1,8
UG-MBR-0001,beans,2026-02-28T00:00:00,26.681,44.42,1.02,63.981,22.5,30.4,236.9,2.681,21.087,83,0.598,382.8,1,7
UG-MBR-0001,beans,2026-03-01T00:00:00,26.581,40.63,0.664,64.864,22.4,30.4,236.8,2.581,17.297,84,0.566,362.5,1,5
UG-MBR-0001,beans,2026-03-02T00:00:00,26.609,44.85,1.854,63.987,22.3,30.4,236.5,2.609,21.517,85,0.615,393.3,1,5
UG-MBR-0001,beans,2026-03-03T00:00:00,26.497,43.86,2.073,63.583,22.2,30.4,236.4,2.497,20.527,86,0.558,357.3,1,4
UG-MBR-0001,beans,2026-03-04T00:00:00,26.291,41.41,2.645,62.156,22.2,30.3,236.6,2.291,18.077,87,0.657,420.4,1,3
UG-MBR-0001,beans,2026-03-05T00:00:00,26.18,39.99,2.516,64.424,22.0,30.3,236.7,2.18,16.657,88,0.655,419.0,1,2
UG-MBR-0001,beans,2026-03-06T00:00:00,26.42,40.37,2.243,63.374,22.0,30.1,236.4,2.42,17.037,89,0.594,380.1,1,1
UG-MBR-0001,beans,2026-03-07T00:00:00,26.24,35.81,3.876,62.244,22.0,30.0,236.0,2.24,12.477,90,0.605,387.2,1,0
UG-MBR-0001,beans,2026-03-08T00:00:00,26.073,37.13,4.404,59.737,22.0,29.9,236.1,2.073,13.797,91,0.621,397.6,1,0
UG-MBR-0001,beans,2026-03-09T00:00:00,25.997,35.95,3.369,59.563,21.9,29.9,236.1,1.997,12.617,92,0.625,400.2,1,0
UG-MBR-0001,beans,2026-03-10T00:00:00,25.919,37.44,3.023,58.949,21.8,29.9,236.3,1.919,14.107,93,0.609,390.0,1,0
UG-MBR-0001,beans,2026-03-11T00:00:00,25.864,39.43,2.91,58.617,21.6,29.9,235.7,1.864,16.097,94,0.556,355.7,1,0
UG-MBR-0001,beans,2026-03-12T00:00:00,25.817,35.82,3.171,58.474,21.5,29.8,235.2,1.817,12.487,95,0.617,395.1,1,0
UG-MBR-0001,beans,2026-03-13T00:00:00,25.861,37.79,2.972,58.927,21.5,30.0,234.9,1.861,14.457,96,0.584,374.0,1,0
UG-MBR-0001,beans,2026-03-14T00:00:00,25.667,42.67,1.465,59.254,21.4,29.9,234.9,1.667,19.337,97,0.608,388.8,1,0
UG-MBR-0001,beans,2026-03-15T00:00:00,25.531,43.74,0.802,60.826,21.3,29.9,234.5,1.531,20.407,98,0.62,396.8,1,0
UG-MBR-0001,beans,2026-03-16T00:00:00,25.164,39.42,0.677,60.21,21.4,29.9,234.2,1.164,16.087,99,0.654,418.7,1,0
UG-MBR-0001,beans,2026-03-17T00:00:00,25.063,40.52,0.643,60.917,21.3,29.9,233.7,1.063,17.187,100,0.635,406.2,1,0
UG-MBR-0001,beans,2026-03-18T00:00:00,25.131,37.51,0.554,61.09,21.3,29.9,233.8,1.131,14.177,101,0.623,398.6,1,0
UG-MBR-0001,beans,2026-03-19T00:00:00,24.874,41.35,1.258,59.424,21.2,29.9,233.8,0.874,18.017,102,0.62,396.8,1,0
UG-MBR-0001,beans,2026-03-20T00:00:00,24.591,45.54,1.32,59.743,21.0,29.8,233.8,0.591,22.207,103,0.606,388.0,1,0
UG-MBR-0001,beans,2026-03-21T00:00:00,24.534,40.65,1.24,59.033,21.0,29.7,233.7,0.534,17.317,104,0.605,387.4,1,0
UG-MBR-0001,beans,2026-03-22T00:00:00,24.259,36.69,2.658,58.76,21.0,29.6,233.7,0.259,13.357,105,0.652,417.0,1,0
UG-MBR-0001,beans,2026-03-23T00:00:00,24.281,37.29,2.826,58.166,20.9,29.4,233.4,0.281,13.957,106,0.636,407.0,1,0
UG-MBR-0001,beans,2026-03-24T00:00:00,24.161,36.76,2.758,55.77,20.9,29.3,233.6,0.161,13.427,107,0.696,445.7,1,0
UG-MBR-0001,beans,2026-03-25T00:00:00,23.936,36.33,2.845,56.256,20.7,29.1,233.1,0.064,12.997,108,0.675,431.9,1,0
UG-MBR-0001,beans,2026-03-26T00:00:00,23.913,28.63,2.085,57.501,20.7,28.9,232.7,0.087,5.297,109,0.732,468.8,2,0
UG-MBR-0001,beans,2026-03-27T00:00:00,23.919,24.14,2.136,56.123,20.6,28.8,232.8,0.081,0.807,110,0.698,446.6,1,0
UG-MBR-0001,beans,2026-03-28T00:00:00,23.897,25.02,5.2,55.749,20.5,28.9,232.5,0.103,1.687,111,0.73,467.3,2,0
UG-MBR-0001,beans,2026-03-29T00:00:00,23.969,25.39,3.176,54.743,20.3,28.9,232.3,0.031,2.057,112,0.727,465.4,2,0
UG-MBR-0001,beans,2026-03-30T00:00:00,23.869,22.73,2.482,54.983,20.2,28.8,232.2,0.131,0.603,113,0.74,473.8,2,0
UG-MBR-0001,beans,2026-03-31T00:00:00,23.74,16.37,2.118,56.143,20.1,28.8,231.8,0.26,6.963,114,0.647,414.3,1,0
UG-MBR-0001,beans,2026-04-01T00:00:00,23.647,18.2,1.901,55.736,20.1,28.8,232.0,0.353,5.133,115,0.676,432.9,1,0
UG-MBR-0001,beans,2026-04-02T00:00:00,23.44,20.64,1.79,54.807,20.1,28.8,231.8,0.56,2.693,116,0.724,463.6,2,0
UG-MBR-0001,beans,2026-04-03T00:00:00,23.3,17.07,1.537,55.07,20.1,28.9,231.3,0.7,6.263,117,0.731,467.7,2,0
UG-MBR-0001,beans,2026-04-04T00:00:00,23.109,18.69,1.223,55.356,20.0,28.7,230.9,0.891,4.643,118,0.691,442.3,1,0
UG-MBR-0001,beans,2026-04-05T00:00:00,22.88,20.54,0.886,55.969,19.9,28.7,230.9,1.12,2.793,119,0.711,455.1,2,0
UG-MBR-0001,beans,2026-04-06T00:00:00,22.68,21.3,1.115,56.866,20.0,28.7,230.5,1.32,2.033,120,0.777,497.5,2,0
UG-MBR-0001,beans,2026-04-07T00:00:00,22.61,22.99,1.365,55.113,19.9,28.6,230.3,1.39,0.343,121,0.725,463.7,2,0
UG-MBR-0001,beans,2026-04-08T00:00:00,22.217,22.88,1.368,54.341,20.0,28.6,230.0,1.783,0.453,122,0.723,462.7,2,0
UG-MBR-0001,beans,2026-04-09T00:00:00,22.067,26.52,2.469,54.451,19.7,28.6,229.8,1.933,3.187,123,0.69,441.3,1,0
UG-MBR-0001,beans,2026-04-10T00:00:00,21.804,27.23,2.396,55.067,19.7,28.5,229.7,2.196,3.897,124,0.643,411.4,1,0
UG-MBR-0001,beans,2026-04-11T00:00:00,21.753,25.26,2.281,54.596,19.7,28.4,229.9,2.247,1.927,125,0.716,458.4,2,0
UG-MBR-0001,beans,2026-04-12T00:00:00,21.596,23.13,2.234,52.964,19.5,28.4,229.4,2.404,0.203,126,0.69,441.5,1,0
UG-MBR-0001,beans,2026-04-13T00:00:00,21.311,22.23,1.503,52.593,19.3,28.3,229.6,2.689,1.103,127,0.701,448.7,2,0
UG-MBR-0001,beans,2026-04-14T00:00:00,20.979,23.45,2.033,52.176,19.2,28.3,229.6,3.021,0.117,128,0.714,456.8,2,0
UG-MBR-0001,beans,2026-04-15T00:00:00,20.849,25.45,2.057,51.441,19.2,28.2,229.5,3.151,2.117,129,0.74,473.6,2,0
UG-MBR-0001,beans,2026-04-16T00:00:00,20.883,20.48,0.786,50.834,19.3,28.1,229.3,3.117,2.853,130,0.648,414.9,1,0
UG-MBR-0001,beans,2026-04-17T00:00:00,20.766,19.33,2.235,49.513,19.1,28.0,229.2,3.234,4.003,131,0.689,441.1,1,0
UG-MBR-0001,beans,2026-04-18T00:00:00,20.616,18.51,2.477,48.394,19.1,28.0,228.8,3.384,4.823,132,0.678,434.1,1,0
UG-MBR-0001,beans,2026-04-19T00:00:00,20.76,17.22,2.602,49.506,19.1,27.9,228.7,3.24,6.113,133,0.624,399.4,1,0
UG-MBR-0001,beans,2026-04-20T00:00:00,20.897,18.08,2.661,48.771,19.1,27.9,228.7,3.103,5.253,134,0.669,428.5,1,0
UG-MBR-0001,beans,2026-04-21T00:00:00,20.786,15.17,3.843,48.787,19.0,27.9,228.3,3.214,8.163,135,0.669,428.1,1,0
UG-MBR-0001,beans,2026-04-22T00:00:00,20.8,10.22,3.793,49.051,18.8,27.9,228.1,3.2,13.113,136,0.556,355.9,1,0
UG-MBR-0001,beans,2026-04-23T00:00:00,20.507,9.46,3.701,47.919,18.6,27.7,228.0,3.493,13.873,137,0.575,367.9,1,0
UG-MBR-0001,beans,2026-04-24T00:00:00,20.64,11.19,2.583,48.111,18.6,27.7,227.8,3.36,12.143,138,0.602,385.0,1,0
UG-MBR-0001,beans,2026-04-25T00:00:00,20.611,10.51,2.506,49.406,18.5,27.6,227.8,3.389,12.823,139,0.599,383.6,1,0
UG-MBR-0001,beans,2026-04-26T00:00:00,20.493,8.5,2.108,48.821,18.5,27.4,227.6,3.507,14.833,140,0.59,377.7,1,0
UG-MBR-0001,beans,2026-04-27T00:00:00,20.357,6.06,2.243,48.067,18.4,27.4,227.2,3.643,17.273,141,0.549,351.3,1,0
UG-MBR-0001,beans,2026-04-28T00:00:00,20.254,7.72,0.525,48.701,18.3,27.3,227.5,3.746,15.613,142,0.586,375.1,1,0
UG-MBR-0001,beans,2026-04-29T00:00:00,20.259,7.61,0.356,47.89,18.4,27.3,227.4,3.741,15.723,143,0.545,348.9,1,0
UG-MBR-0001,beans,2026-04-30T00:00:00,20.293,13.8,0.423,47.529,18.2,27.4,227.1,3.707,9.533,144,0.626,400.5,1,0
UG-MBR-0001,beans,2026-05-01T00:00:00,19.957,11.77,0.323,47.637,18.2,27.5,226.7,4.043,11.563,145,0.587,375.5,1,0
UG-MBR-0001,beans,2026-05-02T00:00:00,19.669,10.95,0.36,45.463,18.1,27.5,226.7,4.331,12.383,146,0.552,353.4,1,0
UG-MBR-0001,beans,2026-05-03T00:00:00,19.393,12.73,0.845,45.863,18.0,27.5,226.8,4.607,10.603,147,0.577,369.3,1,0
UG-MBR-0001,beans,2026-05-04T00:00:00,19.127,12.73,0.783,45.463,18.0,27.5,226.7,4.873,10.603,148,0.597,382.0,1,0
UG-MBR-0001,beans,2026-05-05T00:00:00,19.211,13.35,0.777,45.124,17.9,27.3,226.4,4.789,9.983,149,0.607,388.5,1,0
UG-MBR-0001,beans,2026-05-06T00:00:00,18.989,14.12,0.894,44.496,17.8,27.3,226.1,5.011,9.213,150,0.557,356.3,1,0
UG-MBR-0001,beans,2026-05-07T00:00:00,18.993,7.58,0.883,43.68,17.8,27.2,226.2,5.007,15.753,151,0.514,329.2,1,0
UG-MBR-0001,beans,2026-05-08T00:00:00,18.867,10.71,1.496,41.973,17.7,27.1,226.4,5.133,12.623,152,0.581,371.9,1,0
UG-MBR-0001,beans,2026-05-09T00:00:00,18.957,14.96,1.56,43.176,17.6,27.0,225.9,5.043,8.373,153,0.608,389.2,1,0
UG-MBR-0001,beans,2026-05-10T00:00:00,19.114,14.42,1.338,41.85,17.5,27.0,225.8,4.886,8.913,154,0.619,396.1,1,0
UG-MBR-0001,beans,2026-05-11T00:00:00,19.294,14.42,1.371,42.557,17.4,27.0,225.6,4.706,8.913,155,0.635,406.2,1,0
UG-MBR-0001,beans,2026-05-12T00:00:00,19.11,12.14,1.476,42.089,17.3,26.8,225.7,4.89,11.193,156,0.587,375.9,1,0
UG-MBR-0001,beans,2026-05-13T00:00:00,19.154,10.21,1.668,43.484,17.3,26.8,225.5,4.846,13.123,157,0.542,347.0,1,0
UG-MBR-0001,beans,2026-05-14T00:00:00,19.073,11.78,1.825,45.354,17.1,26.8,225.1,4.927,11.553,158,0.567,362.9,1,0
UG-MBR-0001,beans,2026-05-15T00:00:00,19.139,7.06,1.3,47.289,17.1,26.7,225.1,4.861,16.273,159,0.58,371.4,1,0
UG-MBR-0001,beans,2026-05-16T00:00:00,19.074,2.81,1.378,46.406,17.2,26.6,225.0,4.926,20.523,160,0.578,369.8,1,0
UG-MBR-0001,beans,2026-05-17T00:00:00,18.999,2.28,1.552,46.731,17.1,26.7,224.7,5.001,21.053,161,0.502,321.1,1,0
UG-MBR-0001,beans,2026-05-18T00:00:00,18.759,2.28,1.445,46.821,17.2,26.5,224.7,5.241,21.053,162,0.501,320.5,1,0
UG-MBR-0001,beans,2026-05-19T00:00:00,18.819,2.28,1.789,47.114,17.2,26.6,224.5,5.181,21.053,163,0.505,323.2,1,0
UG-MBR-0001,beans,2026-05-20T00:00:00,18.934,4.44,1.413,47.49,17.2,26.5,224.6,5.066,18.893,164,0.506,323.7,1,0
UG-MBR-0001,beans,2026-05-21T00:00:00,18.88,2.87,1.669,45.503,17.2,26.5,224.8,5.12,20.463,165,0.525,335.9,1,0
UG-MBR-0001,beans,2026-05-22T00:00:00,18.774,2.87,1.914,43.811,17.4,26.5,224.5,5.226,20.463,166,0.517,331.0,1,0
UG-MBR-0001,beans,2026-05-23T00:00:00,18.759,3.49,1.932,44.023,17.2,26.6,224.8,5.241,19.843,167,0.502,321.2,1,0
UG-MBR-0001,beans,2026-05-24T00:00:00,18.833,2.78,1.449,43.466,17.1,26.5,225.1,5.167,20.553,168,0.48,307.4,1,0
UG-MBR-0001,beans,2026-05-25T00:00:00,19.131,2.78,1.503,43.466,17.1,26.4,225.0,4.869,20.553,169,0.448,286.5,1,0
UG-MBR-0001,beans,2026-05-26T00:00:00,19.117,2.78,1.595,43.373,16.9,26.4,224.3,4.883,20.553,170,0.513,328.2,1,0
UG-MBR-0001,beans,2026-05-27T00:00:00,19.173,0.62,1.72,42.127,16.7,26.3,224.1,4.827,22.713,171,0.479,306.4,1,0
UG-MBR-0001,beans,2026-05-28T00:00:00,19.291,1.47,1.423,43.626,16.5,26.3,223.9,4.709,21.863,172,0.459,294.0,1,0
UG-MBR-0001,beans,2026-05-29T00:00:00,19.829,2.74,1.566,44.236,16.4,26.1,223.8,4.171,20.593,173,0.464,297.0,1,0
UG-MBR-0001,beans,2026-05-30T00:00:00,19.736,2.52,1.4,45.677,16.3,26.0,223.2,4.264,20.813,174,0.515,329.4,1,0
UG-MBR-0001,beans,2026-05-31T00:00:00,19.661,2.52,1.658,46.949,16.3,26.0,222.8,4.339,20.813,175,0.443,283.7,1,0
UG-MBR-0001,beans,2026-06-01T00:00:00,19.521,4.73,1.266,47.346,16.2,26.0,222.7,4.479,18.603,176,0.519,332.0,1,0
UG-MBR-0001,beans,2026-06-02T00:00:00,19.521,4.73,1.573,47.549,16.1,25.9,222.7,4.479,18.603,177,0.531,340.0,1,0
UG-MBR-0001,beans,2026-06-03T00:00:00,19.5,4.73,1.784,49.329,16.0,25.8,222.3,4.5,18.603,178,0.52,332.6,1,0
UG-MBR-0001,beans,2026-06-04T00:00:00,19.72,4.16,1.482,50.214,16.1,25.8,221.9,4.28,19.173,179,0.493,315.2,1,0
UG-MBR-0002,beans,2025-12-13T00:00:00,19.997,11.72,1.63,50.016,29.4,34.7,249.0,4.003,11.613,6,0.681,872.1,1,83
UG-MBR-0002,beans,2025-12-14T00:00:00,20.136,9.68,1.398,50.251,29.3,34.7,248.9,3.864,13.653,7,0.724,926.2,2,82
UG-MBR-0002,beans,2025-12-15T00:00:00,20.371,10.62,1.1,49.203,29.3,34.6,248.8,3.629,12.713,8,0.755,966.8,2,81
UG-MBR-0002,beans,2025-12-16T00:00:00,20.354,11.55,1.511,50.053,29.3,34.5,248.6,3.646,11.783,9,0.705,902.9,2,80
UG-MBR-0002,beans,2025-12-17T00:00:00,20.567,13.57,1.83,49.929,29.3,34.5,248.5,3.433,9.763,10,0.755,966.0,2,79
UG-MBR-0002,beans,2025-12-18T00:00:00,20.811,17.1,1.985,50.581,29.3,34.4,248.3,3.189,6.233,11,0.817,1045.7,2,77
UG-MBR-0002,beans,2025-12-19T00:00:00,20.939,16.3,2.307,50.343,29.2,34.3,248.3,3.061,7.033,12,0.772,988.2,2,76
UG-MBR-0002,beans,2025-12-20T00:00:00,21.204,14.87,2.263,49.911,29.1,34.2,248.2,2.796,8.463,13,0.742,950.0,2,75
UG-MBR-0002,beans,2025-12-21T00:00:00,21.333,17.52,2.228,50.374,29.0,34.1,248.3,2.667,5.813,14,0.808,1033.9,2,74
UG-MBR-0002,beans,2025-12-22T00:00:00,21.543,18.57,2.24,51.951,28.9,34.1,248.2,2.457,4.763,15,0.765,979.3,2,73
UG-MBR-0002,beans,2025-12-23T00:00:00,21.764,15.35,2.527,52.06,28.8,34.0,248.0,2.236,7.983,16,0.723,925.7,2,72
UG-MBR-0002,beans,2025-12-24T00:00:00,21.867,16.12,1.356,52.613,28.6,33.9,247.8,2.133,7.213,17,0.802,1026.1,2,71
UG-MBR-0002,beans,2025-12-25T00:00:00,21.914,15.3,1.417,52.811,28.6,34.0,247.7,2.086,8.033,18,0.759,971.4,2,70
UG-MBR-0002,beans,2025-12-26T00:00:00,21.863,16.11,1.128,53.511,28.5,34.0,247.5,2.137,7.223,19,0.769,984.5,2,69
UG-MBR-0002,beans,2025-12-27T00:00:00,21.966,17.23,1.634,54.003,28.4,33.9,247.4,2.034,6.103,20,0.765,979.5,2,67
UG-MBR-0002,beans,2025-12-28T00:00:00,22.149,18.57,2.744,54.059,28.3,33.9,247.0,1.851,4.763,21,0.775,991.9,2,67
UG-MBR-0002,beans,2025-12-29T00:00:00,22.207,15.71,3.837,54.101,28.3,33.9,246.9,1.793,7.623,22,0.803,1027.9,2,66
UG-MBR-0002,beans,2025-12-30T00:00:00,22.3,17.21,3.306,54.837,28.2,33.8,246.9,1.7,6.123,23,0.826,1057.5,2,65
UG-MBR-0002,beans,2025-12-31T00:00:00,22.369,15.29,2.808,55.577,28.1,33.8,246.6,1.631,8.043,24,0.818,1047.0,2,64
UG-MBR-0002,beans,2026-01-01T00:00:00,22.491,18.1,2.834,55.367,27.9,33.6,246.5,1.509,5.233,25,0.819,1048.2,2,62
UG-MBR-0002,beans,2026-01-02T00:00:00,22.821,16.94,3.183,55.741,27.8,33.6,246.0,1.179,6.393,26,0.793,1014.9,2,62
UG-MBR-0002,beans,2026-01-03T00:00:00,22.701,18.33,3.749,56.571,27.5,33.6,245.8,1.299,5.003,27,0.741,948.4,2,61
UG-MBR-0002,beans,2026-01-04T00:00:00,22.864,18.9,3.826,57.584,27.5,33.5,245.6,1.136,4.433,28,0.784,1004.0,2,59
UG-MBR-0002,beans,2026-01-05T00:00:00,23.051,21.03,2.415,56.303,27.3,33.5,245.3,0.949,2.303,29,0.882,1128.5,2,58
UG-MBR-0002,beans,2026-01-06T00:00:00,23.249,23.37,2.61,56.016,27.2,33.5,245.0,0.751,0.037,30,0.823,1053.3,2,56
UG-MBR-0002,beans,2026-01-07T00:00:00,23.376,26.25,2.533,57.214,27.1,33.4,245.0,0.624,2.917,31,0.86,1100.3,2,56
UG-MBR-0002,beans,2026-01-08T00:00:00,23.464,24.99,1.591,57.353,27.0,33.4,244.7,0.536,1.657,32,0.833,1066.6,2,54
UG-MBR-0002,beans,2026-01-09T00:00:00,23.447,23.34,1.906,56.204,26.8,33.3,244.8,0.553,0.007,33,0.761,973.5,2,53
UG-MBR-0002,beans,2026-01-10T00:00:00,23.759,27.18,3.929,55.463,26.8,33.3,244.7,0.241,3.847,34,0.822,1051.8,2,53
UG-MBR-0002,beans,2026-01-11T00:00:00,23.839,27.41,3.708,54.676,26.6,33.2,244.4,0.161,4.077,35,0.84,1075.2,2,52
UG-MBR-0002,beans,2026-01-12T00:00:00,23.856,27.36,3.928,57.833,26.4,33.1,244.2,0.144,4.027,36,0.798,1022.0,2,51
UG-MBR-0002,beans,2026-01-13T00:00:00,23.907,28.62,4.352,58.23,26.3,33.0,244.2,0.093,5.287,37,0.825,1055.4,2,50
UG-MBR-0002,beans,2026-01-14T00:00:00,24.011,29.98,4.586,57.577,26.2,33.0,243.9,0.011,6.647,38,0.726,929.3,2,49
UG-MBR-0002,beans,2026-01-15T00:00:00,24.241,29.16,4.538,58.864,26.2,33.0,244.1,0.241,5.827,39,0.738,944.4,2,48
UG-MBR-0002,beans,2026-01-16T00:00:00,24.466,36.49,5.512,60.853,26.2,32.9,243.8,0.466,13.157,40,0.719,920.0,2,49
UG-MBR-0002,beans,2026-01-17T00:00:00,24.684,38.92,2.592,62.386,26.2,32.8,243.6,0.684,15.587,41,0.719,919.8,2,48
UG-MBR-0002,beans,2026-01-18T00:00:00,24.696,40.81,2.918,65.457,26.2,32.7,243.5,0.696,17.477,42,0.727,930.7,2,47
UG-MBR-0002,beans,2026-01-19T00:00:00,24.89,41.91,1.153,64.399,26.1,32.7,243.4,0.89,18.577,43,0.706,904.0,2,46
UG-MBR-0002,beans,2026-01-20T00:00:00,25.064,42.23,1.935,64.746,26.0,32.7,243.1,1.064,18.897,44,0.639,818.0,1,45
UG-MBR-0002,beans,2026-01-21T00:00:00,25.17,37.69,3.332,65.443,26.0,32.7,243.1,1.17,14.357,45,0.707,904.9,2,44
UG-MBR-0002,beans,2026-01-22T00:00:00,25.266,38.03,3.004,65.47,25.8,32.6,242.9,1.266,14.697,46,0.715,915.0,2,43
UG-MBR-0002,beans,2026-01-23T00:00:00,25.356,34.7,3.293,64.189,25.8,32.5,243.0,1.356,11.367,47,0.664,849.9,1,42
UG-MBR-0002,beans,2026-01-24T00:00:00,25.31,36.97,3.061,64.143,25.7,32.5,242.6,1.31,13.637,48,0.702,898.2,2,41
UG-MBR-0002,beans,2026-01-25T00:00:00,25.52,35.18,3.024,62.053,25.6,32.3,242.7,1.52,11.847,49,0.704,900.6,2,40
UG-MBR-0002,beans,2026-01-26T00:00:00,25.589,34.44,4.002,61.974,25.6,32.2,242.6,1.589,11.107,50,0.694,887.7,1,39
UG-MBR-0002,beans,2026-01-27T00:00:00,25.671,33.55,3.717,61.15,25.6,32.2,242.3,1.671,10.217,51,0.735,940.7,2,38
UG-MBR-0002,beans,2026-01-28T00:00:00,25.753,37.97,2.524,60.007,25.5,32.1,242.0,1.753,14.637,52,0.654,837.7,1,37
UG-MBR-0002,beans,2026-01-29T00:00:00,25.916,42.74,2.411,60.293,25.3,32.1,241.6,1.916,19.407,53,0.661,845.5,1,37
UG-MBR-0002,beans,2026-01-30T00:00:00,25.984,47.02,1.396,61.826,25.2,32.0,241.3,1.984,23.687,54,0.636,814.1,1,36
UG-MBR-0002,beans,2026-01-31T00:00:00,26.134,43.54,1.336,62.366,25.1,31.9,241.3,2.134,20.207,55,0.677,866.2,1,35
UG-MBR-0002,beans,2026-02-01T00:00:00,26.161,42.95,1.332,62.243,25.0,31.8,240.9,2.161,19.617,56,0.614,786.0,1,34
UG-MBR-0002,beans,2026-02-02T00:00:00,26.179,46.36,0.765,62.834,24.8,31.9,240.8,2.179,23.027,57,0.58,741.8,1,33
UG-MBR-0002,beans,2026-02-03T00:00:00,26.301,50.61,0.806,62.924,24.6,31.8,240.6,2.301,27.277,58,0.596,762.5,1,33
UG-MBR-0002,beans,2026-02-04T00:00:00,26.399,51.55,0.66,63.514,24.6,31.7,240.6,2.399,28.217,59,0.571,731.3,1,32
UG-MBR-0002,beans,2026-02-05T00:00:00,26.426,53.12,0.78,63.064,24.7,31.6,240.6,2.426,29.787,60,0.653,835.5,1,31
UG-MBR-0002,beans,2026-02-06T00:00:00,26.491,49.7,0.861,62.66,24.6,31.6,240.4,2.491,26.367,61,0.604,773.0,1,30
UG-MBR-0002,beans,2026-02-07T00:00:00,26.637,45.5,1.662,62.876,24.4,31.6,240.2,2.637,22.167,62,0.615,787.7,1,28
UG-MBR-0002,beans,2026-02-08T00:00:00,26.6,49.79,1.765,64.656,24.3,31.6,239.8,2.6,26.457,63,0.573,733.7,1,28
UG-MBR-0002,beans,2026-02-09T00:00:00,26.667,47.75,1.296,64.374,24.2,31.5,239.7,2.667,24.417,64,0.56,716.4,1,27
UG-MBR-0002,beans,2026-02-10T00:00:00,26.706,44.22,1.175,64.854,24.2,31.5,239.7,2.706,20.887,65,0.642,821.4,1,25
UG-MBR-0002,beans,2026-02-11T00:00:00,26.8,44.11,1.606,65.269,24.1,31.4,239.7,2.8,20.777,66,0.618,790.6,1,24
UG-MBR-0002,beans,2026-02-12T00:00:00,26.653,40.5,1.6,66.103,23.9,31.5,239.5,2.653,17.167,67,0.648,828.9,1,23
UG-MBR-0002,beans,2026-02-13T00:00:00,26.646,40.96,1.087,67.943,23.9,31.4,239.4,2.646,17.627,68,0.653,836.2,1,22
UG-MBR-0002,beans,2026-02-14T00:00:00,26.613,37.93,1.027,67.77,23.8,31.3,239.4,2.613,14.597,69,0.682,872.8,1,20
UG-MBR-0002,beans,2026-02-15T00:00:00,26.877,37.68,1.033,68.379,23.7,31.1,239.4,2.877,14.347,70,0.62,793.4,1,19
UG-MBR-0002,beans,2026-02-16T00:00:00,26.891,37.84,1.891,69.1,23.7,31.1,239.1,2.891,14.507,71,0.688,880.7,1,18
UG-MBR-0002,beans,2026-02-17T00:00:00,26.879,38.46,2.603,68.661,23.6,31.0,239.1,2.879,15.127,72,0.627,802.9,1,18
UG-MBR-0002,beans,2026-02-18T00:00:00,26.794,39.38,2.457,68.094,23.5,30.9,238.7,2.794,16.047,73,0.642,821.9,1,17
UG-MBR-0002,beans,2026-02-19T00:00:00,26.913,36.47,2.55,67.819,23.4,30.8,238.6,2.913,13.137,74,0.705,902.5,2,15
UG-MBR-0002,beans,2026-02-20T00:00:00,26.984,37.24,2.915,64.374,23.2,30.8,238.4,2.984,13.907,75,0.709,907.9,2,15
UG-MBR-0002,beans,2026-02-21T00:00:00,26.971,42.88,2.095,63.557,23.2,30.8,238.1,2.971,19.547,76,0.565,723.4,1,14
UG-MBR-0002,beans,2026-02-22T00:00:00,26.68,40.25,4.02,62.754,23.2,30.8,237.9,2.68,16.917,77,0.631,808.1,1,13
UG-MBR-0002,beans,2026-02-23T00:00:00,26.633,42.61,3.753,62.064,23.2,30.8,237.9,2.633,19.277,78,0.621,795.5,1,13
UG-MBR-0002,beans,2026-02-24T00:00:00,26.497,42.1,2.683,62.363,23.1,30.8,237.7,2.497,18.767,79,0.58,742.1,1,11
UG-MBR-0002,beans,2026-02-25T00:00:00,26.47,42.23,2.66,63.346,23.0,30.9,237.7,2.47,18.897,80,0.648,829.5,1,10
UG-MBR-0002,beans,2026-02-26T00:00:00,26.471,45.64,2.472,62.343,22.9,30.8,237.6,2.471,22.307,81,0.6,768.5,1,10
UG-MBR-0002,beans,2026-02-27T00:00:00,26.414,47.64,2.46,63.347,22.9,30.6,237.2,2.414,24.307,82,0.587,751.3,1,9
UG-MBR-0002,beans,2026-02-28T00:00:00,26.283,46.34,4.706,64.167,22.7,30.6,237.1,2.283,23.007,83,0.553,707.5,1,8
UG-MBR-0002,beans,2026-03-01T00:00:00,26.273,52.27,3.007,64.829,22.6,30.5,236.8,2.273,28.937,84,0.553,708.1,1,8
UG-MBR-0002,beans,2026-03-02T00:00:00,26.204,48.61,2.972,65.45,22.6,30.5,236.6,2.204,25.277,85,0.596,762.9,1,6
UG-MBR-0002,beans,2026-03-03T00:00:00,26.137,46.67,3.161,65.597,22.5,30.4,236.2,2.137,23.337,86,0.589,754.5,1,5
UG-MBR-0002,beans,2026-03-04T00:00:00,26.07,43.05,3.249,64.541,22.4,30.3,236.0,2.07,19.717,87,0.599,766.2,1,3
UG-MBR-0002,beans,2026-03-05T00:00:00,25.976,39.24,2.625,65.144,22.3,30.3,235.8,1.976,15.907,88,0.636,814.1,1,1
UG-MBR-0002,beans,2026-03-06T00:00:00,26.036,40.39,2.911,66.199,22.3,30.2,235.9,2.036,17.057,89,0.644,824.0,1,1
UG-MBR-0002,beans,2026-03-07T00:00:00,25.949,44.16,1.594,65.19,22.2,30.2,235.6,1.949,20.827,90,0.617,790.4,1,0
UG-MBR-0002,beans,2026-03-08T00:00:00,25.897,41.34,1.59,63.197,22.2,30.2,235.6,1.897,18.007,91,0.666,852.9,1,0
UG-MBR-0002,beans,2026-03-09T00:00:00,25.923,44.52,1.532,62.749,21.9,30.1,235.5,1.923,21.187,92,0.598,765.5,1,0
UG-MBR-0002,beans,2026-03-10T00:00:00,25.933,45.12,1.274,61.846,21.7,30.0,235.5,1.933,21.787,93,0.572,731.6,1,0
UG-MBR-0002,beans,2026-03-11T00:00:00,25.696,45.51,1.228,61.871,21.7,29.9,235.1,1.696,22.177,94,0.619,792.2,1,0
UG-MBR-0002,beans,2026-03-12T00:00:00,25.641,47.21,1.069,61.601,21.6,29.9,235.0,1.641,23.877,95,0.582,744.9,1,0
UG-MBR-0002,beans,2026-03-13T00:00:00,25.449,41.23,1.233,60.756,21.5,29.9,234.9,1.449,17.897,96,0.668,855.6,1,0
UG-MBR-0002,beans,2026-03-14T00:00:00,25.391,36.09,0.527,60.943,21.5,29.9,234.9,1.391,12.757,97,0.695,889.8,1,0
UG-MBR-0002,beans,2026-03-15T00:00:00,25.254,36.64,0.57,61.006,21.4,29.8,234.9,1.254,13.307,98,0.71,909.4,2,0
UG-MBR-0002,beans,2026-03-16T00:00:00,25.13,31.52,0.561,60.553,21.4,29.8,234.7,1.13,8.187,99,0.703,900.0,2,0
UG-MBR-0002,beans,2026-03-17T00:00:00,25.023,31.85,0.469,60.87,21.4,29.8,234.4,1.023,8.517,100,0.738,944.6,2,0
UG-MBR-0002,beans,2026-03-18T00:00:00,25.129,31.11,0.474,60.539,21.4,29.7,234.4,1.129,7.777,101,0.717,917.6,2,0
UG-MBR-0002,beans,2026-03-19T00:00:00,24.997,31.27,1.653,59.484,21.3,29.7,234.5,0.997,7.937,102,0.689,882.2,1,0
UG-MBR-0002,beans,2026-03-20T00:00:00,24.994,33.9,1.922,59.066,21.2,29.5,234.2,0.994,10.567,103,0.676,865.0,1,0
UG-MBR-0002,beans,2026-03-21T00:00:00,24.8,34.77,1.691,59.927,21.1,29.4,233.9,0.8,11.437,104,0.682,872.9,1,0
UG-MBR-0002,beans,2026-03-22T00:00:00,24.876,30.24,1.37,59.806,21.0,29.4,233.3,0.876,6.907,105,0.772,988.8,2,0
UG-MBR-0002,beans,2026-03-23T00:00:00,24.609,34.71,0.985,59.524,20.9,29.2,233.2,0.609,11.377,106,0.689,881.5,1,0
UG-MBR-0002,beans,2026-03-24T00:00:00,24.46,35.15,0.686,59.943,20.8,29.2,233.1,0.46,11.817,107,0.669,856.4,1,0
UG-MBR-0002,beans,2026-03-25T00:00:00,24.244,32.25,0.912,59.744,20.8,29.2,233.0,0.244,8.917,108,0.735,940.6,2,0
UG-MBR-0002,beans,2026-03-26T00:00:00,24.0,30.76,0.908,61.309,20.7,29.1,232.5,0.0,7.427,109,0.746,955.4,2,0
UG-MBR-0002,beans,2026-03-27T00:00:00,23.626,28.56,1.201,60.293,20.4,29.2,232.2,0.374,5.227,110,0.738,945.2,2,0
UG-MBR-0002,beans,2026-03-28T00:00:00,23.596,32.22,1.207,59.283,20.3,29.1,232.2,0.404,8.887,111,0.718,918.5,2,0
UG-MBR-0002,beans,2026-03-29T00:00:00,23.241,30.59,1.228,58.673,20.3,29.0,232.3,0.759,7.257,112,0.759,971.5,2,0
UG-MBR-0002,beans,2026-03-30T00:00:00,23.224,26.94,1.323,57.617,20.2,29.0,232.0,0.776,3.607,113,0.778,995.3,2,0
UG-MBR-0002,beans,2026-03-31T00:00:00,23.106,25.52,1.236,57.591,20.1,29.0,231.9,0.894,2.187,114,0.785,1004.2,2,0
UG-MBR-0002,beans,2026-04-01T00:00:00,22.971,30.72,0.765,57.514,20.0,28.9,231.9,1.029,7.387,115,0.692,885.2,1,0
UG-MBR-0002,beans,2026-04-02T00:00:00,22.841,31.96,1.181,55.966,20.0,28.8,232.1,1.159,8.627,116,0.797,1020.6,2,0
UG-MBR-0002,beans,2026-04-03T00:00:00,22.833,31.36,1.165,56.324,20.1,28.7,231.9,1.167,8.027,117,0.748,957.0,2,0
UG-MBR-0002,beans,2026-04-04T00:00:00,22.716,26.62,1.345,55.606,20.1,28.7,231.6,1.284,3.287,118,0.766,979.9,2,0
UG-MBR-0002,beans,2026-04-05T00:00:00,22.641,23.38,1.965,57.194,20.0,28.6,231.4,1.359,0.047,119,0.734,939.8,2,0
UG-MBR-0002,beans,2026-04-06T00:00:00,22.483,20.49,2.025,57.344,19.9,28.5,231.2,1.517,2.843,120,0.772,987.8,2,0
UG-MBR-0002,beans,2026-04-07T00:00:00,22.433,20.65,2.896,56.917,19.9,28.5,231.2,1.567,2.683,121,0.723,925.1,2,0
UG-MBR-0002,beans,2026-04-08T00:00:00,22.289,16.93,2.928,57.274,19.9,28.4,230.9,1.711,6.403,122,0.699,895.2,1,0
UG-MBR-0002,beans,2026-04-09T00:00:00,22.256,15.27,2.673,56.984,19.9,28.4,230.8,1.744,8.063,123,0.642,822.3,1,0
UG-MBR-0002,beans,2026-04-10T00:00:00,22.163,11.96,2.666,56.039,19.7,28.3,230.9,1.837,11.373,124,0.627,802.1,1,0
UG-MBR-0002,beans,2026-04-11T00:00:00,21.967,11.71,2.985,55.079,19.6,28.3,230.8,2.033,11.623,125,0.67,857.3,1,0
UG-MBR-0002,beans,2026-04-12T00:00:00,21.886,12.93,2.91,54.673,19.6,28.3,230.4,2.114,10.403,126,0.695,890.0,1,0
UG-MBR-0002,beans,2026-04-13T00:00:00,21.77,13.18,3.274,55.05,19.5,28.3,230.4,2.23,10.153,127,0.683,874.8,1,0
UG-MBR-0002,beans,2026-04-14T00:00:00,21.539,12.88,1.766,54.131,19.6,28.2,230.2,2.461,10.453,128,0.686,878.3,1,0
UG-MBR-0002,beans,2026-04-15T00:00:00,21.456,12.55,1.43,53.179,19.4,28.3,230.0,2.544,10.783,129,0.663,848.1,1,0
UG-MBR-0002,beans,2026-04-16T00:00:00,21.409,12.63,2.637,52.941,19.2,28.2,229.6,2.591,10.703,130,0.642,822.3,1,0
UG-MBR-0002,beans,2026-04-17T00:00:00,21.254,12.63,2.94,52.383,19.2,28.2,229.4,2.746,10.703,131,0.659,843.5,1,0
UG-MBR-0002,beans,2026-04-18T00:00:00,21.069,9.78,2.941,51.764,19.1,28.1,229.3,2.931,13.553,132,0.649,830.2,1,0
UG-MBR-0002,beans,2026-04-19T00:00:00,20.957,9.51,1.918,49.76,19.1,28.1,229.6,3.043,13.823,133,0.627,802.1,1,0
UG-MBR-0002,beans,2026-04-20T00:00:00,20.871,12.28,5.626,49.386,19.0,28.0,229.3,3.129,11.053,134,0.663,849.0,1,0
UG-MBR-0002,beans,2026-04-21T00:00:00,20.751,13.81,5.883,49.109,18.9,28.0,229.1,3.249,9.523,135,0.629,804.9,1,0
UG-MBR-0002,beans,2026-04-22T00:00:00,20.409,12.66,6.26,48.909,18.8,27.9,228.7,3.591,10.673,136,0.589,754.2,1,0
UG-MBR-0002,beans,2026-04-23T00:00:00,20.139,13.37,5.16,49.096,18.7,27.8,228.6,3.861,9.963,137,0.624,798.7,1,0
UG-MBR-0002,beans,2026-04-24T00:00:00,19.984,16.33,5.428,49.061,18.7,27.8,228.6,4.016,7.003,138,0.647,828.4,1,0
UG-MBR-0002,beans,2026-04-25T00:00:00,19.933,20.47,5.134,48.926,18.7,27.7,228.2,4.067,2.863,139,0.675,863.7,1,0
UG-MBR-0002,beans,2026-04-26T00:00:00,19.81,23.14,4.044,49.811,18.6,27.6,227.8,4.19,0.193,140,0.739,946.0,2,0
UG-MBR-0002,beans,2026-04-27T00:00:00,19.59,19.58,2.514,49.431,18.4,27.6,227.7,4.41,3.753,141,0.7,896.5,2,0
UG-MBR-0002,beans,2026-04-28T00:00:00,19.619,16.05,2.542,49.11,18.3,27.6,227.5,4.381,7.283,142,0.605,774.4,1,0
UG-MBR-0002,beans,2026-04-29T00:00:00,19.72,17.26,3.177,48.973,18.2,27.5,227.6,4.28,6.073,143,0.7,896.6,2,0
UG-MBR-0002,beans,2026-04-30T00:00:00,19.676,13.32,2.187,46.926,18.3,27.4,227.4,4.324,10.013,144,0.546,698.6,1,0
UG-MBR-0002,beans,2026-05-01T00:00:00,19.597,10.36,2.656,47.18,18.1,27.2,227.1,4.403,12.973,145,0.663,849.0,1,0
UG-MBR-0002,beans,2026-05-02T00:00:00,19.4,8.79,2.652,47.981,18.0,27.1,227.2,4.6,14.543,146,0.574,734.2,1,0
UG-MBR-0002,beans,2026-05-03T00:00:00,19.416,5.17,2.255,46.359,17.9,27.2,226.9,4.584,18.163,147,0.55,704.2,1,0
UG-MBR-0002,beans,2026-05-04T00:00:00,19.32,5.11,5.152,45.836,17.9,27.2,226.9,4.68,18.223,148,0.537,687.1,1,0
UG-MBR-0002,beans,2026-05-05T00:00:00,19.189,3.88,5.784,45.566,17.8,27.1,226.8,4.811,19.453,149,0.535,684.6,1,0
UG-MBR-0002,beans,2026-05-06T00:00:00,19.073,2.67,3.756,44.609,17.9,27.1,226.5,4.927,20.663,150,0.521,666.9,1,0
UG-MBR-0002,beans,2026-05-07T00:00:00,18.806,4.12,2.97,45.684,17.7,27.0,226.2,5.194,19.213,151,0.528,675.3,1,0
UG-MBR-0002,beans,2026-05-08T00:00:00,18.801,5.71,2.938,45.613,17.8,27.0,226.1,5.199,17.623,152,0.584,747.6,1,0
UG-MBR-0002,beans,2026-05-09T00:00:00,18.847,3.14,3.49,44.187,17.8,27.0,225.8,5.153,20.193,153,0.539,689.4,1,0
UG-MBR-0002,beans,2026-05-10T00:00:00,18.756,5.32,2.63,44.809,17.6,26.9,225.8,5.244,18.013,154,0.513,656.5,1,0
UG-MBR-0002,beans,2026-05-11T00:00:00,18.753,5.22,2.822,45.974,17.6,26.9,225.5,5.247,18.113,155,0.561,718.6,1,0
UG-MBR-0002,beans,2026-05-12T00:00:00,18.754,7.33,2.297,46.341,17.6,26.8,225.5,5.246,16.003,156,0.575,735.9,1,0
UG-MBR-0002,beans,2026-05-13T00:00:00,18.696,8.09,2.297,46.001,17.6,26.8,225.4,5.304,15.243,157,0.548,701.0,1,0
UG-MBR-0002,beans,2026-05-14T00:00:00,18.709,6.64,2.177,47.557,17.6,26.8,225.3,5.291,16.693,158,0.577,739.1,1,0
UG-MBR-0002,beans,2026-05-15T00:00:00,18.56,5.08,2.054,46.423,17.4,26.8,225.2,5.44,18.253,159,0.534,683.2,1,0
UG-MBR-0002,beans,2026-05-16T00:00:00,18.72,5.55,1.494,46.891,17.3,26.8,225.4,5.28,17.783,160,0.542,693.4,1,0
UG-MBR-0002,beans,2026-05-17T00:00:00,18.591,3.37,1.563,46.186,17.3,26.7,225.3,5.409,19.963,161,0.521,666.6,1,0
UG-MBR-0002,beans,2026-05-18T00:00:00,18.696,5.33,0.792,44.809,17.3,26.6,225.1,5.304,18.003,162,0.479,613.6,1,0
UG-MBR-0002,beans,2026-05-19T00:00:00,18.623,3.22,3.749,43.934,17.2,26.5,224.7,5.377,20.113,163,0.497,635.6,1,0
UG-MBR-0002,beans,2026-05-20T00:00:00,18.791,2.46,4.435,44.34,17.1,26.4,224.7,5.209,20.873,164,0.526,673.1,1,0
UG-MBR-0002,beans,2026-05-21T00:00:00,18.996,4.87,3.535,43.687,16.9,26.4,224.5,5.004,18.463,165,0.529,677.6,1,0
UG-MBR-0002,beans,2026-05-22T00:00:00,19.024,4.84,3.55,43.413,16.9,26.4,224.2,4.976,18.493,166,0.492,629.4,1,0
UG-MBR-0002,beans,2026-05-23T00:00:00,18.821,5.96,3.873,43.746,16.8,26.3,223.9,5.179,17.373,167,0.563,720.0,1,0
UG-MBR-0002,beans,2026-05-24T00:00:00,18.994,5.96,3.84,43.973,16.7,26.3,223.4,5.006,17.373,168,0.526,673.9,1,0
UG-MBR-0002,beans,2026-05-25T00:00:00,19.049,4.0,5.339,43.16,16.6,26.3,223.4,4.951,19.333,169,0.476,609.6,1,0
UG-MBR-0002,beans,2026-05-26T00:00:00,19.083,4.0,2.935,44.426,16.5,26.3,223.2,4.917,19.333,170,0.591,756.6,1,0
UG-MBR-0002,beans,2026-05-27T00:00:00,19.186,5.77,3.212,43.397,16.5,26.3,223.1,4.814,17.563,171,0.507,649.5,1,0
UG-MBR-0002,beans,2026-05-28T00:00:00,19.121,3.95,3.131,42.967,16.6,26.3,222.8,4.879,19.383,172,0.55,704.6,1,0
UG-MBR-0002,beans,2026-05-29T00:00:00,19.224,3.95,2.999,44.531,16.5,26.2,222.5,4.776,19.383,173,0.502,643.2,1,0
UG-MBR-0002,beans,2026-05-30T00:00:00,19.364,2.36,2.934,44.409,16.6,26.2,222.4,4.636,20.973,174,0.52,665.3,1,0
UG-MBR-0002,beans,2026-05-31T00:00:00,19.42,2.96,8.174,45.661,16.6,26.2,222.8,4.58,20.373,175,0.472,603.5,1,0
UG-MBR-0002,beans,2026-06-01T00:00:00,19.361,4.16,6.861,46.426,16.5,26.2,222.5,4.639,19.173,176,0.475,607.6,1,0
UG-MBR-0002,beans,2026-06-02T00:00:00,19.394,4.32,6.774,44.584,16.4,26.2,222.6,4.606,19.013,177,0.529,677.0,1,0
UG-MBR-0002,beans,2026-06-03T00:00:00,19.247,3.28,6.315,44.621,16.4,26.0,222.5,4.753,20.053,178,0.516,660.3,1,0
UG-MBR-0002,beans,2026-06-04T00:00:00,19.299,5.65,6.968,43.957,16.2,26.0,222.6,4.701,17.683,179,0.554,709.3,1,0
UG-MBR-0003,beans,2025-12-13T00:00:00,20.044,14.27,1.636,47.841,29.8,34.5,249.4,3.956,9.063,6,0.662,529.8,1,83
UG-MBR-0003,beans,2025-12-14T00:00:00,19.913,13.39,1.396,47.763,29.7,34.6,249.1,4.087,9.943,7,0.723,578.1,2,82
UG-MBR-0003,beans,2025-12-15T00:00:00,20.24,13.66,1.442,48.686,29.6,34.6,248.9,3.76,9.673,8,0.67,535.7,1,81
UG-MBR-0003,beans,2025-12-16T00:00:00,20.369,14.88,1.446,48.511,29.4,34.5,249.2,3.631,8.453,9,0.689,551.5,1,80
UG-MBR-0003,beans,2025-12-17T00:00:00,20.387,12.54,2.004,46.399,29.2,34.4,248.8,3.613,10.793,10,0.607,485.9,1,79
UG-MBR-0003,beans,2025-12-18T00:00:00,20.86,14.99,1.664,45.527,29.1,34.4,248.1,3.14,8.343,11,0.658,526.5,1,77
UG-MBR-0003,beans,2025-12-19T00:00:00,20.913,11.16,3.121,48.123,29.1,34.4,248.0,3.087,12.173,12,0.652,521.7,1,77
UG-MBR-0003,beans,2025-12-20T00:00:00,21.203,11.53,1.923,47.136,28.9,34.4,248.7,2.797,11.803,13,0.649,518.8,1,76
UG-MBR-0003,beans,2025-12-21T00:00:00,21.699,12.42,1.889,48.594,28.9,34.1,248.5,2.301,10.913,14,0.67,536.2,1,75
UG-MBR-0003,beans,2025-12-22T00:00:00,21.75,11.41,2.655,47.566,28.6,34.1,248.1,2.25,11.923,15,0.626,500.8,1,74
UG-MBR-0003,beans,2025-12-23T00:00:00,21.934,10.9,2.476,47.41,28.7,34.0,247.5,2.066,12.433,16,0.654,522.8,1,73
UG-MBR-0003,beans,2025-12-24T00:00:00,22.101,11.97,2.388,50.201,28.6,34.1,247.4,1.899,11.363,17,0.665,531.9,1,72
UG-MBR-0003,beans,2025-12-25T00:00:00,22.06,9.87,2.411,50.923,28.4,34.1,247.6,1.94,13.463,18,0.608,486.1,1,71
UG-MBR-0003,beans,2025-12-26T00:00:00,22.336,11.26,2.143,51.423,28.5,34.1,247.6,1.664,12.073,19,0.68,543.8,1,70
UG-MBR-0003,beans,2025-12-27T00:00:00,22.364,8.55,2.458,52.011,28.5,34.1,246.9,1.636,14.783,20,0.586,468.6,1,69
UG-MBR-0003,beans,2025-12-28T00:00:00,22.063,10.97,1.79,50.214,28.2,34.1,246.9,1.937,12.363,21,0.661,528.5,1,68
UG-MBR-0003,beans,2025-12-29T00:00:00,22.23,12.82,1.633,51.906,28.1,34.2,246.6,1.77,10.513,22,0.726,580.5,2,66
UG-MBR-0003,beans,2025-12-30T00:00:00,22.369,12.01,1.542,52.854,27.9,34.2,246.9,1.631,11.323,23,0.689,551.0,1,65
UG-MBR-0003,beans,2025-12-31T00:00:00,22.659,11.26,1.724,52.079,27.8,34.0,246.8,1.341,12.073,24,0.684,547.3,1,64
UG-MBR-0003,beans,2026-01-01T00:00:00,22.65,16.51,1.189,54.56,27.8,33.8,246.5,1.35,6.823,25,0.682,545.9,1,62
UG-MBR-0003,beans,2026-01-02T00:00:00,22.861,19.95,1.225,54.361,27.4,33.7,246.1,1.139,3.383,26,0.79,632.1,2,60
UG-MBR-0003,beans,2026-01-03T00:00:00,23.09,23.91,0.624,55.27,27.4,33.5,245.7,0.91,0.577,27,0.81,647.9,2,59
UG-MBR-0003,beans,2026-01-04T00:00:00,23.564,24.03,2.672,56.181,27.3,33.4,246.0,0.436,0.697,28,0.732,585.5,2,58
UG-MBR-0003,beans,2026-01-05T00:00:00,23.586,25.08,2.521,55.444,27.4,33.2,246.3,0.414,1.747,29,0.736,588.7,2,57
UG-MBR-0003,beans,2026-01-06T00:00:00,23.631,31.26,2.895,56.203,27.3,33.2,245.9,0.369,7.927,30,0.735,588.3,2,57
UG-MBR-0003,beans,2026-01-07T00:00:00,23.38,34.98,2.637,56.644,27.1,32.9,245.8,0.62,11.647,31,0.718,574.2,2,57
UG-MBR-0003,beans,2026-01-08T00:00:00,23.506,33.86,3.051,55.253,27.0,33.0,245.5,0.494,10.527,32,0.634,507.3,1,56
UG-MBR-0003,beans,2026-01-09T00:00:00,23.324,34.32,3.748,54.849,27.1,33.1,245.6,0.676,10.987,33,0.633,506.3,1,55
UG-MBR-0003,beans,2026-01-10T00:00:00,23.511,33.04,3.358,55.11,27.1,33.1,245.6,0.489,9.707,34,0.673,538.5,1,54
UG-MBR-0003,beans,2026-01-11T00:00:00,23.42,30.31,2.153,57.201,27.1,33.1,244.9,0.58,6.977,35,0.64,512.1,1,52
UG-MBR-0003,beans,2026-01-12T00:00:00,23.449,29.51,2.96,58.004,26.9,33.2,244.2,0.551,6.177,36,0.706,565.1,2,51
UG-MBR-0003,beans,2026-01-13T00:00:00,23.563,27.83,2.661,58.61,26.7,33.2,244.5,0.437,4.497,37,0.758,606.1,2,50
UG-MBR-0003,beans,2026-01-14T00:00:00,24.004,27.38,1.088,59.613,26.7,33.3,243.9,0.004,4.047,38,0.701,560.8,2,48
UG-MBR-0003,beans,2026-01-15T00:00:00,23.971,27.11,1.174,59.89,26.5,33.2,243.6,0.029,3.777,39,0.747,597.8,2,47
UG-MBR-0003,beans,2026-01-16T00:00:00,24.277,27.86,2.311,59.711,26.2,33.0,243.0,0.277,4.527,40,0.705,564.0,2,47
UG-MBR-0003,beans,2026-01-17T00:00:00,23.961,30.22,2.079,60.197,26.0,33.0,242.9,0.039,6.887,41,0.757,605.2,2,46
UG-MBR-0003,beans,2026-01-18T00:00:00,24.29,31.86,2.696,58.573,25.7,32.8,242.9,0.29,8.527,42,0.668,534.1,1,45
UG-MBR-0003,beans,2026-01-19T00:00:00,24.283,35.58,1.835,57.336,25.5,32.8,243.0,0.283,12.247,43,0.705,564.0,2,45
UG-MBR-0003,beans,2026-01-20T00:00:00,24.464,37.91,1.324,57.054,25.4,32.6,242.5,0.464,14.577,44,0.623,498.3,1,44
UG-MBR-0003,beans,2026-01-21T00:00:00,24.476,40.37,1.158,56.044,25.3,32.4,242.4,0.476,17.037,45,0.644,515.5,1,44
UG-MBR-0003,beans,2026-01-22T00:00:00,24.771,43.3,1.098,56.52,25.3,32.3,242.4,0.771,19.967,46,0.601,480.9,1,43
UG-MBR-0003,beans,2026-01-23T00:00:00,24.921,44.16,0.612,56.123,25.3,32.3,242.5,0.921,20.827,47,0.586,468.5,1,42
UG-MBR-0003,beans,2026-01-24T00:00:00,25.421,44.41,1.024,55.25,25.1,32.3,242.6,1.421,21.077,48,0.551,440.8,1,42
UG-MBR-0003,beans,2026-01-25T00:00:00,25.461,46.03,1.507,57.131,25.3,32.3,242.1,1.461,22.697,49,0.567,453.6,1,41
UG-MBR-0003,beans,2026-01-26T00:00:00,25.934,47.14,1.532,58.863,25.2,32.2,242.2,1.934,23.807,50,0.527,421.8,1,40
UG-MBR-0003,beans,2026-01-27T00:00:00,25.944,41.93,2.022,58.777,25.1,32.3,241.7,1.944,18.597,51,0.557,445.9,1,39
UG-MBR-0003,beans,2026-01-28T00:00:00,26.227,45.84,2.266,61.68,25.2,32.2,241.7,2.227,22.507,52,0.585,467.9,1,39
UG-MBR-0003,beans,2026-01-29T00:00:00,26.319,44.49,1.584,61.52,25.0,32.2,241.4,2.319,21.157,53,0.571,456.5,1,37
UG-MBR-0003,beans,2026-01-30T00:00:00,26.64,44.21,0.543,63.479,25.0,32.1,241.5,2.64,20.877,54,0.581,464.6,1,36
UG-MBR-0003,beans,2026-01-31T00:00:00,26.61,44.4,0.747,64.393,24.9,32.0,241.2,2.61,21.067,55,0.545,436.1,1,35
UG-MBR-0003,beans,2026-02-01T00:00:00,26.733,44.25,0.895,63.644,24.6,31.9,241.3,2.733,20.917,56,0.548,438.0,1,34
UG-MBR-0003,beans,2026-02-02T00:00:00,26.723,41.33,1.606,64.05,24.6,32.0,240.9,2.723,17.997,57,0.563,450.2,1,33
UG-MBR-0003,beans,2026-02-03T00:00:00,26.899,42.09,1.484,64.401,24.7,31.9,240.5,2.899,18.757,58,0.572,457.7,1,32
UG-MBR-0003,beans,2026-02-04T00:00:00,26.764,38.03,1.415,64.437,24.6,32.0,240.2,2.764,14.697,59,0.616,493.1,1,30
UG-MBR-0003,beans,2026-02-05T00:00:00,26.856,36.4,1.353,64.513,24.5,32.1,239.7,2.856,13.067,60,0.608,486.1,1,29
UG-MBR-0003,beans,2026-02-06T00:00:00,26.821,36.81,1.865,63.751,24.2,31.9,239.5,2.821,13.477,61,0.576,460.9,1,28
UG-MBR-0003,beans,2026-02-07T00:00:00,26.84,39.26,2.271,65.181,24.2,31.9,239.0,2.84,15.927,62,0.599,479.6,1,28
UG-MBR-0003,beans,2026-02-08T00:00:00,26.784,40.68,2.343,64.977,24.2,31.8,238.8,2.784,17.347,63,0.566,452.8,1,27
UG-MBR-0003,beans,2026-02-09T00:00:00,26.857,42.17,2.814,64.907,24.0,31.6,238.6,2.857,18.837,64,0.504,403.4,1,26
UG-MBR-0003,beans,2026-02-10T00:00:00,26.747,45.41,2.777,63.873,23.9,31.6,239.3,2.747,22.077,65,0.459,367.2,1,26
UG-MBR-0003,beans,2026-02-11T00:00:00,26.634,44.92,2.721,63.144,23.6,31.4,239.4,2.634,21.587,66,0.536,428.5,1,25
UG-MBR-0003,beans,2026-02-12T00:00:00,26.561,45.53,3.507,63.236,23.7,31.3,239.7,2.561,22.197,67,0.494,395.2,1,24
UG-MBR-0003,beans,2026-02-13T00:00:00,26.571,42.82,3.94,64.763,23.6,31.3,239.4,2.571,19.487,68,0.551,440.4,1,23
UG-MBR-0003,beans,2026-02-14T00:00:00,26.746,41.77,3.87,63.821,23.6,31.3,239.6,2.746,18.437,69,0.52,416.1,1,21
UG-MBR-0003,beans,2026-02-15T00:00:00,26.994,40.85,4.399,64.391,23.5,31.1,239.4,2.994,17.517,70,0.548,438.1,1,21
UG-MBR-0003,beans,2026-02-16T00:00:00,27.151,45.28,2.736,65.004,23.5,31.1,239.1,3.151,21.947,71,0.503,402.6,1,20
UG-MBR-0003,beans,2026-02-17T00:00:00,27.183,43.82,2.77,67.276,23.3,31.0,239.0,3.183,20.487,72,0.576,461.1,1,19
UG-MBR-0003,beans,2026-02-18T00:00:00,27.331,46.95,2.389,67.871,23.4,31.0,238.6,3.331,23.617,73,0.528,422.4,1,18
UG-MBR-0003,beans,2026-02-19T00:00:00,27.486,46.82,2.271,68.626,23.3,30.9,238.6,3.486,23.487,74,0.538,430.8,1,17
UG-MBR-0003,beans,2026-02-20T00:00:00,27.129,46.76,2.101,68.339,23.4,30.8,238.4,3.129,23.427,75,0.506,404.9,1,16
UG-MBR-0003,beans,2026-02-21T00:00:00,26.967,44.26,1.902,67.221,23.2,30.9,238.3,2.967,20.927,76,0.552,442.0,1,14
UG-MBR-0003,beans,2026-02-22T00:00:00,26.813,41.94,1.694,65.766,23.1,30.9,237.9,2.813,18.607,77,0.553,442.1,1,13
UG-MBR-0003,beans,2026-02-23T00:00:00,26.634,35.98,1.426,64.633,22.8,30.8,237.7,2.634,12.647,78,0.644,515.5,1,11
UG-MBR-0003,beans,2026-02-24T00:00:00,26.71,38.34,0.95,61.986,22.7,30.9,237.1,2.71,15.007,79,0.582,465.7,1,10
UG-MBR-0003,beans,2026-02-25T00:00:00,26.786,36.91,2.02,60.559,22.5,30.9,237.3,2.786,13.577,80,0.543,434.3,1,9
UG-MBR-0003,beans,2026-02-26T00:00:00,26.84,40.26,3.454,59.777,22.4,30.8,237.4,2.84,16.927,81,0.488,390.0,1,9
UG-MBR-0003,beans,2026-02-27T00:00:00,27.129,43.65,3.423,58.389,22.3,30.7,236.9,3.129,20.317,82,0.565,451.9,1,9
UG-MBR-0003,beans,2026-02-28T00:00:00,27.173,45.61,3.651,59.013,22.3,30.5,236.4,3.173,22.277,83,0.511,408.5,1,8
UG-MBR-0003,beans,2026-03-01T00:00:00,27.047,49.98,3.598,58.95,22.1,30.3,236.1,3.047,26.647,84,0.478,382.7,1,8
UG-MBR-0003,beans,2026-03-02T00:00:00,27.019,51.08,3.485,60.013,22.2,30.3,236.2,3.019,27.747,85,0.5,399.6,1,7
UG-MBR-0003,beans,2026-03-03T00:00:00,27.023,50.87,3.401,61.581,22.2,30.2,235.9,3.023,27.537,86,0.407,325.5,1,6
UG-MBR-0003,beans,2026-03-04T00:00:00,26.783,53.09,1.574,63.017,22.1,30.0,235.3,2.783,29.757,87,0.442,353.3,1,5
UG-MBR-0003,beans,2026-03-05T00:00:00,26.601,49.03,4.336,64.421,22.1,30.0,234.6,2.601,25.697,88,0.463,370.7,1,4
UG-MBR-0003,beans,2026-03-06T00:00:00,26.461,45.84,4.57,64.954,21.9,29.9,234.8,2.461,22.507,89,0.518,414.6,1,2
UG-MBR-0003,beans,2026-03-07T00:00:00,26.25,45.82,4.92,65.243,22.0,29.9,234.4,2.25,22.487,90,0.477,381.7,1,1
UG-MBR-0003,beans,2026-03-08T00:00:00,26.26,41.5,4.424,65.324,22.0,30.0,234.7,2.26,18.167,91,0.499,399.0,1,0
UG-MBR-0003,beans,2026-03-09T00:00:00,25.969,41.64,4.819,62.641,21.9,30.1,233.8,1.969,18.307,92,0.5,399.8,1,0
UG-MBR-0003,beans,2026-03-10T00:00:00,25.593,39.66,6.663,63.236,21.9,30.1,234.0,1.593,16.327,93,0.584,467.3,1,0
UG-MBR-0003,beans,2026-03-11T00:00:00,25.787,34.36,6.653,61.92,21.9,30.1,234.1,1.787,11.027,94,0.567,453.5,1,0
UG-MBR-0003,beans,2026-03-12T00:00:00,25.666,34.38,5.557,60.014,21.6,30.1,233.8,1.666,11.047,95,0.577,461.9,1,0
UG-MBR-0003,beans,2026-03-13T00:00:00,25.471,35.52,6.117,59.886,21.6,30.1,233.5,1.471,12.187,96,0.604,483.2,1,0
UG-MBR-0003,beans,2026-03-14T00:00:00,25.384,35.6,5.378,59.354,21.6,30.2,233.9,1.384,12.267,97,0.568,454.5,1,0
UG-MBR-0003,beans,2026-03-15T00:00:00,25.376,34.54,5.442,60.363,21.4,30.0,234.0,1.376,11.207,98,0.545,436.0,1,0
UG-MBR-0003,beans,2026-03-16T00:00:00,25.584,32.33,5.374,61.839,21.2,29.8,234.4,1.584,8.997,99,0.562,449.5,1,0
UG-MBR-0003,beans,2026-03-17T00:00:00,25.627,30.23,1.574,60.339,21.1,29.6,234.1,1.627,6.897,100,0.643,514.7,1,0
UG-MBR-0003,beans,2026-03-18T00:00:00,25.413,29.93,1.53,59.431,21.1,29.6,234.0,1.413,6.597,101,0.666,533.0,1,0
UG-MBR-0003,beans,2026-03-19T00:00:00,25.529,29.47,1.207,59.524,21.0,29.5,234.1,1.529,6.137,102,0.649,519.3,1,0
UG-MBR-0003,beans,2026-03-20T00:00:00,25.501,27.48,2.02,57.613,21.0,29.6,234.0,1.501,4.147,103,0.678,542.3,1,0
UG-MBR-0003,beans,2026-03-21T00:00:00,25.456,23.06,2.167,57.031,20.9,29.4,233.7,1.456,0.273,104,0.646,516.9,1,0
UG-MBR-0003,beans,2026-03-22T00:00:00,24.849,25.03,2.395,57.233,20.8,29.3,233.3,0.849,1.697,105,0.644,514.9,1,0
UG-MBR-0003,beans,2026-03-23T00:00:00,24.666,26.54,2.855,56.226,20.8,29.3,233.1,0.666,3.207,106,0.745,596.2,2,0
UG-MBR-0003,beans,2026-03-24T00:00:00,24.603,27.28,2.848,56.174,20.8,29.4,232.6,0.603,3.947,107,0.71,567.7,2,0
UG-MBR-0003,beans,2026-03-25T00:00:00,24.319,27.05,2.968,56.01,20.8,29.3,232.2,0.319,3.717,108,0.7,560.3,2,0
UG-MBR-0003,beans,2026-03-26T00:00:00,23.969,26.54,3.272,55.45,20.7,29.3,232.3,0.031,3.207,109,0.664,531.1,1,0
UG-MBR-0003,beans,2026-03-27T00:00:00,23.747,22.93,2.441,57.741,20.6,29.2,232.2,0.253,0.403,110,0.7,559.7,1,0
UG-MBR-0003,beans,2026-03-28T00:00:00,23.74,27.07,2.197,57.909,20.4,29.2,231.8,0.26,3.737,111,0.681,544.4,1,0
UG-MBR-0003,beans,2026-03-29T00:00:00,24.054,28.77,1.832,56.559,20.5,29.2,232.1,0.054,5.437,112,0.712,569.9,2,0
UG-MBR-0003,beans,2026-03-30T00:00:00,23.801,28.82,1.37,56.507,20.4,29.2,232.3,0.199,5.487,113,0.686,548.6,1,0
UG-MBR-0003,beans,2026-03-31T00:00:00,23.519,27.4,1.588,56.221,20.3,29.1,232.6,0.481,4.067,114,0.694,555.5,1,0
UG-MBR-0003,beans,2026-04-01T00:00:00,23.497,27.04,1.063,56.944,20.3,28.9,232.6,0.503,3.707,115,0.679,543.6,1,0
UG-MBR-0003,beans,2026-04-02T00:00:00,23.333,26.54,1.225,57.637,20.2,28.8,232.4,0.667,3.207,116,0.708,566.0,2,0
UG-MBR-0003,beans,2026-04-03T00:00:00,23.036,31.91,3.506,56.346,20.1,28.7,232.3,0.964,8.577,117,0.629,503.3,1,0
UG-MBR-0003,beans,2026-04-04T00:00:00,22.779,27.29,2.955,56.121,19.8,28.7,232.5,1.221,3.957,118,0.656,525.0,1,0
UG-MBR-0003,beans,2026-04-05T00:00:00,22.61,22.97,3.401,56.96,19.9,28.5,231.5,1.39,0.363,119,0.656,524.6,1,0
UG-MBR-0003,beans,2026-04-06T00:00:00,22.787,20.0,2.656,56.426,19.8,28.5,231.2,1.213,3.333,120,0.657,525.8,1,0
UG-MBR-0003,beans,2026-04-07T00:00:00,22.621,24.32,2.825,56.446,19.7,28.4,231.0,1.379,0.987,121,0.643,514.0,1,0
UG-MBR-0003,beans,2026-04-08T00:00:00,22.544,22.81,2.642,55.721,19.7,28.6,230.7,1.456,0.523,122,0.678,542.2,1,0
UG-MBR-0003,beans,2026-04-09T00:00:00,22.116,23.82,2.647,54.09,19.8,28.5,230.4,1.884,0.487,123,0.675,540.2,1,0
UG-MBR-0003,beans,2026-04-10T00:00:00,22.097,21.02,1.694,53.124,19.8,28.4,230.5,1.903,2.313,124,0.592,473.6,1,0
UG-MBR-0003,beans,2026-04-11T00:00:00,22.033,20.95,1.85,52.033,19.9,28.3,230.1,1.967,2.383,125,0.655,523.6,1,0
UG-MBR-0003,beans,2026-04-12T00:00:00,21.744,19.05,1.338,51.14,19.7,28.3,230.2,2.256,4.283,126,0.61,487.7,1,0
UG-MBR-0003,beans,2026-04-13T00:00:00,21.15,17.73,1.963,51.62,19.6,28.0,230.2,2.85,5.603,127,0.634,507.3,1,0
UG-MBR-0003,beans,2026-04-14T00:00:00,21.221,12.92,2.099,50.311,19.7,28.0,229.8,2.779,10.413,128,0.6,480.1,1,0
UG-MBR-0003,beans,2026-04-15T00:00:00,20.87,15.5,2.148,51.01,19.5,27.9,229.9,3.13,7.833,129,0.582,465.3,1,0
UG-MBR-0003,beans,2026-04-16T00:00:00,20.94,15.96,3.341,51.604,19.5,27.9,229.7,3.06,7.373,130,0.609,487.0,1,0
UG-MBR-0003,beans,2026-04-17T00:00:00,20.924,13.39,3.544,53.114,19.4,28.0,229.3,3.076,9.943,131,0.588,470.0,1,0
UG-MBR-0003,beans,2026-04-18T00:00:00,20.719,12.0,3.638,52.967,19.4,27.9,229.0,3.281,11.333,132,0.548,438.1,1,0
UG-MBR-0003,beans,2026-04-19T00:00:00,20.576,16.47,4.073,53.079,19.4,27.8,229.4,3.424,6.863,133,0.632,505.5,1,0
UG-MBR-0003,beans,2026-04-20T00:00:00,20.403,15.74,4.599,52.157,19.3,27.9,229.2,3.597,7.593,134,0.553,442.2,1,0
UG-MBR-0003,beans,2026-04-21T00:00:00,20.3,13.91,3.699,52.817,19.1,27.9,229.0,3.7,9.423,135,0.606,484.7,1,0
UG-MBR-0003,beans,2026-04-22T00:00:00,20.414,9.37,3.515,49.929,19.2,28.0,228.6,3.586,13.963,136,0.522,417.3,1,0
UG-MBR-0003,beans,2026-04-23T00:00:00,20.449,4.94,2.758,49.173,18.9,27.9,228.7,3.551,18.393,137,0.471,376.7,1,0
UG-MBR-0003,beans,2026-04-24T00:00:00,20.32,5.1,3.094,47.256,18.8,27.8,228.6,3.68,18.233,138,0.482,385.4,1,0
UG-MBR-0003,beans,2026-04-25T00:00:00,20.233,5.72,3.011,47.127,18.5,27.9,228.6,3.767,17.613,139,0.462,369.9,1,0
UG-MBR-0003,beans,2026-04-26T00:00:00,20.051,1.25,1.945,46.136,18.4,27.8,228.2,3.949,22.083,140,0.486,389.1,1,0
UG-MBR-0003,beans,2026-04-27T00:00:00,19.926,1.25,1.577,45.709,18.5,27.8,227.4,4.074,22.083,141,0.416,332.6,1,0
UG-MBR-0003,beans,2026-04-28T00:00:00,19.82,1.25,1.468,44.964,18.4,27.7,227.1,4.18,22.083,142,0.504,402.9,1,0
UG-MBR-0003,beans,2026-04-29T00:00:00,19.569,1.25,2.036,45.643,18.1,27.6,227.4,4.431,22.083,143,0.424,339.4,1,0
UG-MBR-0003,beans,2026-04-30T00:00:00,19.607,2.91,2.953,46.789,18.2,27.5,226.9,4.393,20.423,144,0.485,388.2,1,0
UG-MBR-0003,beans,2026-05-01T00:00:00,19.53,4.01,2.47,46.136,18.2,27.5,226.7,4.47,19.323,145,0.471,377.1,1,0
UG-MBR-0003,beans,2026-05-02T00:00:00,19.403,5.85,2.705,47.177,18.3,27.6,226.6,4.597,17.483,146,0.491,392.8,1,0
UG-MBR-0003,beans,2026-05-03T00:00:00,19.433,6.43,2.811,47.843,18.3,27.6,226.1,4.567,16.903,147,0.469,375.5,1,0
UG-MBR-0003,beans,2026-05-04T00:00:00,19.374,8.65,2.386,47.97,18.3,27.5,225.9,4.626,14.683,148,0.517,413.4,1,0
UG-MBR-0003,beans,2026-05-05T00:00:00,19.131,10.12,2.567,47.871,18.1,27.5,225.8,4.869,13.213,149,0.516,413.1,1,0
UG-MBR-0003,beans,2026-05-06T00:00:00,18.954,10.91,1.996,48.257,18.3,27.5,225.7,5.046,12.423,150,0.477,381.5,1,0
UG-MBR-0003,beans,2026-05-07T00:00:00,18.78,9.84,1.767,47.503,18.3,27.4,225.7,5.22,13.493,151,0.482,385.3,1,0
UG-MBR-0003,beans,2026-05-08T00:00:00,18.577,8.58,0.778,48.27,18.1,27.2,225.7,5.423,14.753,152,0.489,391.1,1,0
UG-MBR-0003,beans,2026-05-09T00:00:00,18.38,6.07,0.798,47.129,17.9,27.2,225.8,5.62,17.263,153,0.458,366.2,1,0
UG-MBR-0003,beans,2026-05-10T00:00:00,18.539,5.49,0.875,45.5,17.8,27.0,225.8,5.461,17.843,154,0.514,411.0,1,0
UG-MBR-0003,beans,2026-05-11T00:00:00,18.651,3.9,0.559,44.439,17.6,27.1,225.8,5.349,19.433,155,0.468,374.6,1,0
UG-MBR-0003,beans,2026-05-12T00:00:00,18.939,2.43,0.805,44.44,17.7,27.0,225.9,5.061,20.903,156,0.434,347.6,1,0
UG-MBR-0003,beans,2026-05-13T00:00:00,18.911,1.64,0.486,43.823,17.3,26.9,225.6,5.089,21.693,157,0.438,350.4,1,0
UG-MBR-0003,beans,2026-05-14T00:00:00,19.053,3.84,1.002,44.021,17.3,26.8,225.4,4.947,19.493,158,0.451,360.6,1,0
UG-MBR-0003,beans,2026-05-15T00:00:00,19.093,4.15,0.79,44.45,17.4,26.8,225.1,4.907,19.183,159,0.463,370.1,1,0
UG-MBR-0003,beans,2026-05-16T00:00:00,19.256,3.73,1.02,43.453,17.4,26.7,224.7,4.744,19.603,160,0.436,348.5,1,0
UG-MBR-0003,beans,2026-05-17T00:00:00,19.063,5.01,1.028,43.109,17.4,26.7,224.8,4.937,18.323,161,0.45,360.3,1,0
UG-MBR-0003,beans,2026-05-18T00:00:00,19.136,4.38,0.973,43.417,17.5,26.6,224.7,4.864,18.953,162,0.495,395.7,1,0
UG-MBR-0003,beans,2026-05-19T00:00:00,18.973,4.38,1.732,42.889,17.3,26.6,224.4,5.027,18.953,163,0.467,373.8,1,0
UG-MBR-0003,beans,2026-05-20T00:00:00,19.096,4.38,1.612,43.074,17.3,26.6,224.5,4.904,18.953,164,0.46,367.6,1,0
UG-MBR-0003,beans,2026-05-21T00:00:00,18.944,3.44,1.681,42.314,17.1,26.6,224.4,5.056,19.893,165,0.453,362.3,1,0
UG-MBR-0003,beans,2026-05-22T00:00:00,18.933,3.13,1.583,41.701,17.0,26.5,223.7,5.067,20.203,166,0.448,358.5,1,0
UG-MBR-0003,beans,2026-05-23T00:00:00,18.773,3.13,2.228,43.056,16.6,26.4,223.4,5.227,20.203,167,0.434,347.0,1,0
UG-MBR-0003,beans,2026-05-24T00:00:00,18.797,3.03,2.915,45.101,16.5,26.4,223.6,5.203,20.303,168,0.451,360.4,1,0
UG-MBR-0003,beans,2026-05-25T00:00:00,18.777,3.03,3.629,45.607,16.3,26.5,223.2,5.223,20.303,169,0.443,354.3,1,0
UG-MBR-0003,beans,2026-05-26T00:00:00,18.726,3.03,5.289,46.61,16.4,26.4,223.3,5.274,20.303,170,0.374,299.1,0,0
UG-MBR-0003,beans,2026-05-27T00:00:00,18.833,3.03,4.7,45.573,16.3,26.4,223.0,5.167,20.303,171,0.421,336.8,1,0
UG-MBR-0003,beans,2026-05-28T00:00:00,18.803,2.34,4.684,45.54,16.4,26.5,223.3,5.197,20.993,172,0.375,299.7,0,0
UG-MBR-0003,beans,2026-05-29T00:00:00,18.927,5.92,4.679,45.656,16.4,26.4,223.6,5.073,17.413,173,0.47,375.6,1,0
UG-MBR-0003,beans,2026-05-30T00:00:00,19.236,6.13,3.846,44.089,16.7,26.5,223.7,4.764,17.203,174,0.486,388.6,1,0
UG-MBR-0003,beans,2026-05-31T00:00:00,19.374,8.23,1.257,42.63,16.8,26.4,223.4,4.626,15.103,175,0.48,383.9,1,0
UG-MBR-0003,beans,2026-06-01T00:00:00,19.157,8.23,1.286,43.091,16.5,26.1,224.0,4.843,15.103,176,0.489,391.4,1,0
UG-MBR-0003,beans,2026-06-02T00:00:00,19.284,9.57,0.44,43.117,16.5,26.0,223.8,4.716,13.763,177,0.451,360.7,1,0
UG-MBR-0003,beans,2026-06-03T00:00:00,19.303,12.8,0.756,44.277,16.6,26.0,223.7,4.697,10.533,178,0.566,452.6,1,0
UG-MBR-0003,beans,2026-06-04T00:00:00,19.251,11.64,1.019,44.731,16.6,25.9,222.6,4.749,11.693,179,0.544,435.3,1,0
UG-MBR-0004,beans,2025-12-13T00:00:00,19.934,11.41,4.965,52.147,29.7,34.8,249.3,4.066,11.923,6,0.765,550.4,2,84
UG-MBR-0004,beans,2025-12-14T00:00:00,19.98,9.6,2.95,51.537,29.6,34.7,249.2,4.02,13.733,7,0.77,554.4,2,83
UG-MBR-0004,beans,2025-12-15T00:00:00,20.08,11.82,2.883,52.186,29.5,34.7,249.2,3.92,11.513,8,0.707,509.3,2,82
UG-MBR-0004,beans,2025-12-16T00:00:00,20.301,11.63,2.152,51.95,29.3,34.6,249.0,3.699,11.703,9,0.776,558.7,2,80
UG-MBR-0004,beans,2025-12-17T00:00:00,20.397,8.56,2.739,52.097,29.2,34.5,248.9,3.603,14.773,10,0.766,551.3,2,80
UG-MBR-0004,beans,2025-12-18T00:00:00,20.509,8.56,2.883,52.269,29.1,34.4,248.7,3.491,14.773,11,0.677,487.1,1,79
UG-MBR-0004,beans,2025-12-19T00:00:00,20.697,8.98,2.365,53.371,29.0,34.4,248.5,3.303,14.353,12,0.725,522.0,2,78
UG-MBR-0004,beans,2025-12-20T00:00:00,20.863,11.48,1.224,52.463,29.0,34.3,248.3,3.137,11.853,13,0.75,540.1,2,76
UG-MBR-0004,beans,2025-12-21T00:00:00,21.036,11.81,1.513,52.55,29.0,34.3,248.0,2.964,11.523,14,0.789,568.1,2,75
UG-MBR-0004,beans,2025-12-22T00:00:00,21.219,11.22,1.451,52.869,28.9,34.3,247.6,2.781,12.113,15,0.689,496.4,1,74
UG-MBR-0004,beans,2025-12-23T00:00:00,21.334,14.24,3.052,52.197,28.9,34.2,247.6,2.666,9.093,16,0.83,597.9,2,73
UG-MBR-0004,beans,2025-12-24T00:00:00,21.454,13.77,2.267,50.8,28.8,34.2,247.4,2.546,9.563,17,0.775,557.7,2,71
UG-MBR-0004,beans,2025-12-25T00:00:00,21.643,17.64,1.927,49.233,28.6,34.1,247.3,2.357,5.693,18,0.841,605.2,2,70
UG-MBR-0004,beans,2025-12-26T00:00:00,21.743,19.99,1.691,49.471,28.5,34.0,247.2,2.257,3.343,19,0.832,599.4,2,68
UG-MBR-0004,beans,2025-12-27T00:00:00,21.923,16.36,2.436,50.32,28.4,33.9,247.0,2.077,6.973,20,0.816,587.9,2,68
UG-MBR-0004,beans,2025-12-28T00:00:00,21.98,15.29,2.773,50.989,28.3,33.9,246.9,2.02,8.043,21,0.721,519.4,2,67
UG-MBR-0004,beans,2025-12-29T00:00:00,22.143,13.09,2.403,50.551,28.2,33.8,246.8,1.857,10.243,22,0.766,551.4,2,66
UG-MBR-0004,beans,2025-12-30T00:00:00,22.271,17.91,1.487,52.23,28.1,33.8,246.5,1.729,5.423,23,0.849,611.3,2,64
UG-MBR-0004,beans,2025-12-31T00:00:00,22.447,20.27,2.329,51.884,28.0,33.7,246.5,1.553,3.063,24,0.847,609.7,2,63
UG-MBR-0004,beans,2026-01-01T00:00:00,22.584,19.98,2.027,54.08,27.9,33.7,246.3,1.416,3.353,25,0.79,568.7,2,62
UG-MBR-0004,beans,2026-01-02T00:00:00,22.747,19.44,2.119,54.477,27.8,33.6,246.1,1.253,3.893,26,0.838,603.1,2,61
UG-MBR-0004,beans,2026-01-03T00:00:00,22.927,26.31,1.292,54.864,27.6,33.6,246.0,1.073,2.977,27,0.827,595.3,2,59
UG-MBR-0004,beans,2026-01-04T00:00:00,23.161,30.83,1.868,54.779,27.6,33.6,245.9,0.839,7.497,28,0.787,566.5,2,59
UG-MBR-0004,beans,2026-01-05T00:00:00,23.241,33.95,1.868,55.619,27.5,33.5,245.8,0.759,10.617,29,0.744,535.4,2,59
UG-MBR-0004,beans,2026-01-06T00:00:00,23.39,27.71,1.487,56.907,27.4,33.4,245.5,0.61,4.377,30,0.862,620.5,2,57
UG-MBR-0004,beans,2026-01-07T00:00:00,23.501,29.0,1.681,59.48,27.3,33.3,245.4,0.499,5.667,31,0.866,623.2,2,56
UG-MBR-0004,beans,2026-01-08T00:00:00,23.631,34.1,1.739,59.551,27.2,33.3,245.2,0.369,10.767,32,0.856,616.3,2,56
UG-MBR-0004,beans,2026-01-09T00:00:00,23.733,33.52,1.738,58.233,27.1,33.2,245.1,0.267,10.187,33,0.753,542.3,2,54
UG-MBR-0004,beans,2026-01-10T00:00:00,23.777,28.86,1.044,58.791,27.0,33.1,244.8,0.223,5.527,34,0.864,621.8,2,52
UG-MBR-0004,beans,2026-01-11T00:00:00,23.827,28.17,0.625,59.457,26.8,33.1,244.6,0.173,4.837,35,0.875,629.9,2,51
UG-MBR-0004,beans,2026-01-12T00:00:00,23.966,31.26,0.935,58.856,26.7,33.0,244.5,0.034,7.927,36,0.806,580.2,2,51
UG-MBR-0004,beans,2026-01-13T00:00:00,24.141,32.52,2.319,58.496,26.6,33.0,244.5,0.141,9.187,37,0.772,555.9,2,50
UG-MBR-0004,beans,2026-01-14T00:00:00,24.279,30.62,2.026,56.404,26.6,33.0,244.4,0.279,7.287,38,0.782,563.0,2,49
UG-MBR-0004,beans,2026-01-15T00:00:00,24.237,22.65,2.078,57.54,26.5,32.9,244.4,0.237,0.683,39,0.851,612.7,2,47
UG-MBR-0004,beans,2026-01-16T00:00:00,24.377,24.14,2.034,60.36,26.5,32.8,244.2,0.377,0.807,40,0.87,626.3,2,46
UG-MBR-0004,beans,2026-01-17T00:00:00,24.519,25.36,2.702,62.32,26.4,32.8,244.2,0.519,2.027,41,0.888,639.0,2,45
UG-MBR-0004,beans,2026-01-18T00:00:00,24.673,25.91,2.301,61.609,26.3,32.7,244.0,0.673,2.577,42,0.875,630.0,2,45
UG-MBR-0004,beans,2026-01-19T00:00:00,24.801,25.32,2.292,62.881,26.1,32.7,243.8,0.801,1.987,43,0.795,572.6,2,43
UG-MBR-0004,beans,2026-01-20T00:00:00,24.903,28.04,2.039,64.054,26.1,32.7,243.6,0.903,4.707,44,0.798,574.5,2,43
UG-MBR-0004,beans,2026-01-21T00:00:00,24.976,31.02,2.997,66.311,25.9,32.6,243.3,0.976,7.687,45,0.828,596.3,2,43
UG-MBR-0004,beans,2026-01-22T00:00:00,25.269,33.56,2.747,64.846,25.7,32.6,243.2,1.269,10.227,46,0.743,535.0,2,42
UG-MBR-0004,beans,2026-01-23T00:00:00,25.466,32.93,2.638,62.573,25.6,32.6,242.9,1.466,9.597,47,0.765,551.0,2,41
UG-MBR-0004,beans,2026-01-24T00:00:00,25.547,38.32,2.11,61.307,25.5,32.5,242.6,1.547,14.987,48,0.674,485.3,1,41
UG-MBR-0004,beans,2026-01-25T00:00:00,25.606,41.41,2.443,62.389,25.4,32.4,242.5,1.606,18.077,49,0.731,526.4,2,41
UG-MBR-0004,beans,2026-01-26T00:00:00,25.784,39.72,2.394,61.833,25.4,32.3,242.2,1.784,16.387,50,0.65,467.9,1,39
UG-MBR-0004,beans,2026-01-27T00:00:00,25.809,41.09,1.74,61.564,25.3,32.2,241.9,1.809,17.757,51,0.65,468.1,1,38
UG-MBR-0004,beans,2026-01-28T00:00:00,25.981,39.36,0.793,60.999,25.3,32.2,241.8,1.981,16.027,52,0.75,540.3,2,37
UG-MBR-0004,beans,2026-01-29T00:00:00,26.056,39.42,0.792,60.861,25.2,32.1,241.5,2.056,16.087,53,0.774,557.3,2,36
UG-MBR-0004,beans,2026-01-30T00:00:00,26.114,39.66,0.795,62.286,25.0,32.1,241.3,2.114,16.327,54,0.704,506.7,2,35
UG-MBR-0004,beans,2026-01-31T00:00:00,26.146,37.78,0.928,61.113,25.0,32.0,241.2,2.146,14.447,55,0.723,520.9,2,34
UG-MBR-0004,beans,2026-02-01T00:00:00,26.3,37.04,0.944,61.507,24.9,31.9,241.1,2.3,13.707,56,0.755,543.6,2,33
UG-MBR-0004,beans,2026-02-02T00:00:00,26.377,37.15,1.028,61.329,24.7,31.9,241.1,2.377,13.817,57,0.733,527.6,2,32
UG-MBR-0004,beans,2026-02-03T00:00:00,26.45,34.01,1.397,60.96,24.8,31.9,240.8,2.45,10.677,58,0.734,528.1,2,30
UG-MBR-0004,beans,2026-02-04T00:00:00,26.447,33.91,1.064,61.267,24.7,31.9,240.7,2.447,10.577,59,0.733,527.9,2,29
UG-MBR-0004,beans,2026-02-05T00:00:00,26.469,34.49,2.443,62.149,24.6,31.9,240.6,2.469,11.157,60,0.685,493.1,1,29
UG-MBR-0004,beans,2026-02-06T00:00:00,26.489,35.26,2.464,62.433,24.6,31.8,240.5,2.489,11.927,61,0.732,527.0,2,28
UG-MBR-0004,beans,2026-02-07T00:00:00,26.593,32.17,2.792,65.061,24.5,31.7,240.4,2.593,8.837,62,0.742,534.5,2,27
UG-MBR-0004,beans,2026-02-08T00:00:00,26.68,29.34,3.02,65.413,24.5,31.7,240.2,2.68,6.007,63,0.752,541.3,2,25
UG-MBR-0004,beans,2026-02-09T00:00:00,26.521,32.14,2.667,65.587,24.4,31.6,239.9,2.521,8.807,64,0.716,515.4,2,24
UG-MBR-0004,beans,2026-02-10T00:00:00,26.669,35.77,3.717,65.566,24.2,31.5,240.0,2.669,12.437,65,0.681,490.0,1,24
UG-MBR-0004,beans,2026-02-11T00:00:00,26.779,39.44,3.638,66.316,24.1,31.5,239.7,2.779,16.107,66,0.695,500.2,1,24
UG-MBR-0004,beans,2026-02-12T00:00:00,26.823,41.2,2.044,66.109,24.0,31.4,239.5,2.823,17.867,67,0.696,501.4,1,23
UG-MBR-0004,beans,2026-02-13T00:00:00,26.8,44.96,2.271,65.994,23.9,31.3,239.5,2.8,21.627,68,0.628,452.3,1,23
UG-MBR-0004,beans,2026-02-14T00:00:00,26.794,47.06,1.728,65.586,23.9,31.3,239.4,2.794,23.727,69,0.612,440.6,1,22
UG-MBR-0004,beans,2026-02-15T00:00:00,26.769,51.68,0.972,65.773,23.7,31.2,239.2,2.769,28.347,70,0.568,408.9,1,21
UG-MBR-0004,beans,2026-02-16T00:00:00,26.877,50.83,1.139,66.349,23.6,31.2,239.1,2.877,27.497,71,0.625,449.8,1,20
UG-MBR-0004,beans,2026-02-17T00:00:00,26.857,50.45,0.775,65.706,23.6,31.1,238.8,2.857,27.117,72,0.604,435.1,1,19
UG-MBR-0004,beans,2026-02-18T00:00:00,26.921,50.02,1.236,65.783,23.5,31.0,238.6,2.921,26.687,73,0.611,440.2,1,18
UG-MBR-0004,beans,2026-02-19T00:00:00,26.894,51.43,1.284,67.044,23.5,31.0,238.5,2.894,28.097,74,0.599,431.4,1,17
UG-MBR-0004,beans,2026-02-20T00:00:00,26.844,48.2,1.369,67.169,23.3,31.0,238.3,2.844,24.867,75,0.604,435.0,1,16
UG-MBR-0004,beans,2026-02-21T00:00:00,26.857,48.76,1.315,65.44,23.2,30.9,238.0,2.857,25.427,76,0.573,412.7,1,15
UG-MBR-0004,beans,2026-02-22T00:00:00,26.78,45.61,1.305,65.044,23.1,30.8,237.9,2.78,22.277,77,0.604,434.9,1,13
UG-MBR-0004,beans,2026-02-23T00:00:00,26.766,44.5,1.176,64.489,23.0,30.8,237.8,2.766,21.167,78,0.677,487.4,1,12
UG-MBR-0004,beans,2026-02-24T00:00:00,26.687,42.85,1.519,64.754,22.9,30.7,237.6,2.687,19.517,79,0.632,454.8,1,11
UG-MBR-0004,beans,2026-02-25T00:00:00,26.563,40.25,1.298,65.101,22.8,30.7,237.4,2.563,16.917,80,0.665,479.1,1,9
UG-MBR-0004,beans,2026-02-26T00:00:00,26.544,40.65,1.952,63.711,22.8,30.6,237.3,2.544,17.317,81,0.635,457.3,1,9
UG-MBR-0004,beans,2026-02-27T00:00:00,26.576,36.84,2.077,62.68,22.7,30.6,236.9,2.576,13.507,82,0.661,476.2,1,7
UG-MBR-0004,beans,2026-02-28T00:00:00,26.524,36.32,2.026,64.119,22.6,30.6,236.9,2.524,12.987,83,0.679,489.1,1,6
UG-MBR-0004,beans,2026-03-01T00:00:00,26.541,35.16,2.921,65.111,22.5,30.5,236.6,2.541,11.827,84,0.756,544.0,2,5
UG-MBR-0004,beans,2026-03-02T00:00:00,26.494,31.83,2.431,64.151,22.5,30.4,236.5,2.494,8.497,85,0.755,543.3,2,3
UG-MBR-0004,beans,2026-03-03T00:00:00,26.344,29.37,2.096,64.01,22.4,30.4,236.3,2.344,6.037,86,0.743,534.6,2,2
UG-MBR-0004,beans,2026-03-04T00:00:00,26.261,33.25,3.617,63.246,22.3,30.4,236.1,2.261,9.917,87,0.751,540.7,2,2
UG-MBR-0004,beans,2026-03-05T00:00:00,26.169,32.5,2.641,63.143,22.2,30.3,236.0,2.169,9.167,88,0.726,522.8,2,0
UG-MBR-0004,beans,2026-03-06T00:00:00,26.104,38.77,2.664,63.386,22.1,30.3,235.9,2.104,15.437,89,0.721,519.4,2,0
UG-MBR-0004,beans,2026-03-07T00:00:00,26.094,40.91,2.074,62.397,22.1,30.2,235.6,2.094,17.577,90,0.733,528.0,2,0
UG-MBR-0004,beans,2026-03-08T00:00:00,25.937,43.03,1.779,60.65,22.1,30.1,235.5,1.937,19.697,91,0.685,493.2,1,0
UG-MBR-0004,beans,2026-03-09T00:00:00,25.917,46.11,2.411,59.969,22.0,30.1,235.2,1.917,22.777,92,0.628,451.9,1,0
UG-MBR-0004,beans,2026-03-10T00:00:00,25.881,46.13,3.348,60.337,22.0,30.0,235.2,1.881,22.797,93,0.64,460.9,1,0
UG-MBR-0004,beans,2026-03-11T00:00:00,25.876,41.97,2.103,60.269,21.9,29.9,235.0,1.876,18.637,94,0.66,475.1,1,0
UG-MBR-0004,beans,2026-03-12T00:00:00,25.666,38.07,2.291,60.874,21.8,29.8,234.8,1.666,14.737,95,0.637,458.4,1,0
UG-MBR-0004,beans,2026-03-13T00:00:00,25.533,37.16,2.032,62.259,21.8,29.8,234.9,1.533,13.827,96,0.683,491.4,1,0
UG-MBR-0004,beans,2026-03-14T00:00:00,25.34,32.76,2.448,62.51,21.6,29.8,234.7,1.34,9.427,97,0.708,509.9,2,0
UG-MBR-0004,beans,2026-03-15T00:00:00,25.32,29.41,3.189,63.551,21.6,29.7,234.5,1.32,6.077,98,0.739,531.7,2,0
UG-MBR-0004,beans,2026-03-16T00:00:00,25.126,28.81,2.991,63.721,21.5,29.7,234.3,1.126,5.477,99,0.821,591.0,2,0
UG-MBR-0004,beans,2026-03-17T00:00:00,25.117,31.89,2.448,62.766,21.4,29.7,234.1,1.117,8.557,100,0.779,560.7,2,0
UG-MBR-0004,beans,2026-03-18T00:00:00,25.003,30.78,2.459,62.493,21.3,29.6,233.9,1.003,7.447,101,0.768,552.9,2,0
UG-MBR-0004,beans,2026-03-19T00:00:00,25.024,33.41,2.328,62.364,21.2,29.6,233.7,1.024,10.077,102,0.758,545.7,2,0
UG-MBR-0004,beans,2026-03-20T00:00:00,24.913,32.45,1.512,60.993,21.1,29.6,233.3,0.913,9.117,103,0.691,497.6,1,0
UG-MBR-0004,beans,2026-03-21T00:00:00,24.837,28.98,1.49,59.344,21.0,29.5,233.3,0.837,5.647,104,0.798,574.7,2,0
UG-MBR-0004,beans,2026-03-22T00:00:00,24.699,32.74,1.646,58.329,20.9,29.5,233.2,0.699,9.407,105,0.775,557.7,2,0
UG-MBR-0004,beans,2026-03-23T00:00:00,24.654,30.81,1.814,59.806,20.8,29.5,233.2,0.654,7.477,106,0.693,499.2,1,0
UG-MBR-0004,beans,2026-03-24T00:00:00,24.403,26.21,1.156,59.937,20.7,29.4,233.0,0.403,2.877,107,0.829,596.6,2,0
UG-MBR-0004,beans,2026-03-25T00:00:00,24.133,26.44,2.096,58.894,20.6,29.3,232.9,0.133,3.107,108,0.757,545.0,2,0
UG-MBR-0004,beans,2026-03-26T00:00:00,23.987,26.39,2.596,57.576,20.5,29.3,232.7,0.013,3.057,109,0.739,531.8,2,0
UG-MBR-0004,beans,2026-03-27T00:00:00,23.839,24.05,2.081,56.79,20.4,29.2,232.7,0.161,0.717,110,0.857,616.9,2,0
UG-MBR-0004,beans,2026-03-28T00:00:00,23.694,25.48,2.035,57.254,20.4,29.1,232.5,0.306,2.147,111,0.773,556.6,2,0
UG-MBR-0004,beans,2026-03-29T00:00:00,23.514,23.71,0.902,55.943,20.3,29.1,232.4,0.486,0.377,112,0.802,577.5,2,0
UG-MBR-0004,beans,2026-03-30T00:00:00,23.316,22.36,0.901,55.274,20.3,29.0,232.2,0.684,0.973,113,0.845,608.7,2,0
UG-MBR-0004,beans,2026-03-31T00:00:00,23.229,20.91,0.54,54.963,20.3,29.1,232.2,0.771,2.423,114,0.798,574.5,2,0
UG-MBR-0004,beans,2026-04-01T00:00:00,23.17,17.11,0.59,55.437,20.3,29.0,232.0,0.83,6.223,115,0.769,553.9,2,0
UG-MBR-0004,beans,2026-04-02T00:00:00,23.001,14.84,0.545,55.043,20.3,28.9,231.9,0.999,8.493,116,0.748,538.6,2,0
UG-MBR-0004,beans,2026-04-03T00:00:00,22.864,13.8,0.514,53.934,20.2,28.9,231.6,1.136,9.533,117,0.754,542.8,2,0
UG-MBR-0004,beans,2026-04-04T00:00:00,22.813,14.0,1.443,53.209,20.1,28.8,231.2,1.187,9.333,118,0.727,523.4,2,0
UG-MBR-0004,beans,2026-04-05T00:00:00,22.693,12.0,1.407,53.244,20.1,28.7,230.9,1.307,11.333,119,0.719,517.8,2,0
UG-MBR-0004,beans,2026-04-06T00:00:00,22.587,11.53,1.587,52.614,19.9,28.6,230.7,1.413,11.803,120,0.692,498.6,1,0
UG-MBR-0004,beans,2026-04-07T00:00:00,22.411,14.39,2.324,51.254,19.8,28.5,230.4,1.589,8.943,121,0.732,527.0,2,0
UG-MBR-0004,beans,2026-04-08T00:00:00,22.256,15.41,2.409,51.256,19.7,28.5,230.4,1.744,7.923,122,0.735,529.4,2,0
UG-MBR-0004,beans,2026-04-09T00:00:00,22.159,13.05,2.394,50.596,19.6,28.4,230.2,1.841,10.283,123,0.762,548.7,2,0
UG-MBR-0004,beans,2026-04-10T00:00:00,22.089,12.68,5.3,50.824,19.5,28.4,230.2,1.911,10.653,124,0.674,485.2,1,0
UG-MBR-0004,beans,2026-04-11T00:00:00,21.763,13.56,4.735,50.67,19.5,28.3,230.2,2.237,9.773,125,0.684,492.5,1,0
UG-MBR-0004,beans,2026-04-12T00:00:00,21.696,10.59,5.463,51.001,19.4,28.3,230.1,2.304,12.743,126,0.668,480.9,1,0
UG-MBR-0004,beans,2026-04-13T00:00:00,21.497,13.32,5.342,49.76,19.3,28.2,230.0,2.503,10.013,127,0.708,510.1,2,0
UG-MBR-0004,beans,2026-04-14T00:00:00,21.456,12.45,3.017,50.139,19.2,28.2,229.9,2.544,10.883,128,0.65,467.9,1,0
UG-MBR-0004,beans,2026-04-15T00:00:00,21.409,17.28,2.948,49.361,19.1,28.1,229.6,2.591,6.053,129,0.724,521.0,2,0
UG-MBR-0004,beans,2026-04-16T00:00:00,21.217,16.52,2.135,49.767,19.1,28.1,229.6,2.783,6.813,130,0.641,461.4,1,0
UG-MBR-0004,beans,2026-04-17T00:00:00,21.083,13.62,1.216,50.076,19.0,28.1,229.5,2.917,9.713,131,0.69,496.5,1,0
UG-MBR-0004,beans,2026-04-18T00:00:00,21.009,13.25,1.582,49.967,18.9,28.1,229.1,2.991,10.083,132,0.722,519.9,2,0
UG-MBR-0004,beans,2026-04-19T00:00:00,20.851,15.71,1.679,48.91,18.9,28.1,229.1,3.149,7.623,133,0.684,492.8,1,0
UG-MBR-0004,beans,2026-04-20T00:00:00,20.619,13.91,1.97,48.93,18.8,28.0,228.9,3.381,9.423,134,0.691,497.3,1,0
UG-MBR-0004,beans,2026-04-21T00:00:00,20.4,11.92,2.614,49.056,18.8,28.0,228.8,3.6,11.413,135,0.646,465.0,1,0
UG-MBR-0004,beans,2026-04-22T00:00:00,20.149,6.07,2.746,48.8,18.7,27.9,228.6,3.851,17.263,136,0.584,420.4,1,0
UG-MBR-0004,beans,2026-04-23T00:00:00,20.111,7.23,2.631,49.864,18.6,27.9,228.2,3.889,16.103,137,0.647,465.9,1,0
UG-MBR-0004,beans,2026-04-24T00:00:00,19.916,9.66,2.396,49.129,18.5,27.8,228.0,4.084,13.673,138,0.604,434.7,1,0
UG-MBR-0004,beans,2026-04-25T00:00:00,19.846,7.26,1.755,48.721,18.5,27.7,227.8,4.154,16.073,139,0.628,451.9,1,0
UG-MBR-0004,beans,2026-04-26T00:00:00,19.797,7.45,1.82,47.749,18.5,27.6,227.5,4.203,15.883,140,0.628,452.1,1,0
UG-MBR-0004,beans,2026-04-27T00:00:00,19.823,6.72,1.834,48.351,18.5,27.5,227.3,4.177,16.613,141,0.587,422.8,1,0
UG-MBR-0004,beans,2026-04-28T00:00:00,19.867,8.32,1.703,48.15,18.4,27.5,227.2,4.133,15.013,142,0.632,454.7,1,0
UG-MBR-0004,beans,2026-04-29T00:00:00,19.863,8.91,2.726,46.696,18.4,27.5,227.1,4.137,14.423,143,0.596,429.2,1,0
UG-MBR-0004,beans,2026-04-30T00:00:00,19.793,7.75,2.744,45.857,18.3,27.4,227.0,4.207,15.583,144,0.629,452.8,1,0
UG-MBR-0004,beans,2026-05-01T00:00:00,19.804,5.79,2.25,47.324,18.3,27.4,227.0,4.196,17.543,145,0.561,404.0,1,0
UG-MBR-0004,beans,2026-05-02T00:00:00,19.683,10.59,2.31,47.086,18.2,27.4,227.0,4.317,12.743,146,0.626,450.6,1,0
UG-MBR-0004,beans,2026-05-03T00:00:00,19.506,11.31,2.383,48.041,18.0,27.3,227.0,4.494,12.023,147,0.63,453.6,1,0
UG-MBR-0004,beans,2026-05-04T00:00:00,19.454,10.83,2.232,47.743,18.0,27.3,227.0,4.546,12.503,148,0.667,480.3,1,0
UG-MBR-0004,beans,2026-05-05T00:00:00,19.231,10.18,2.154,47.006,17.9,27.2,226.8,4.769,13.153,149,0.629,452.8,1,0
UG-MBR-0004,beans,2026-05-06T00:00:00,19.024,9.68,1.631,47.954,17.8,27.1,226.6,4.976,13.653,150,0.649,467.6,1,0
UG-MBR-0004,beans,2026-05-07T00:00:00,18.836,9.68,1.54,47.873,17.8,27.1,226.5,5.164,13.653,151,0.635,457.4,1,0
UG-MBR-0004,beans,2026-05-08T00:00:00,18.771,9.21,2.049,46.7,17.7,27.1,226.3,5.229,14.123,152,0.626,450.6,1,0
UG-MBR-0004,beans,2026-05-09T00:00:00,18.747,5.84,2.906,44.734,17.7,27.0,226.2,5.253,17.493,153,0.566,407.5,1,0
UG-MBR-0004,beans,2026-05-10T00:00:00,18.73,3.24,2.528,45.481,17.7,27.0,225.8,5.27,20.093,154,0.588,423.1,1,0
UG-MBR-0004,beans,2026-05-11T00:00:00,18.759,3.24,2.731,43.783,17.6,26.9,225.9,5.241,20.093,155,0.545,392.3,1,0
UG-MBR-0004,beans,2026-05-12T00:00:00,18.767,3.59,1.658,43.193,17.5,26.9,225.8,5.233,19.743,156,0.514,369.7,1,0
UG-MBR-0004,beans,2026-05-13T00:00:00,18.906,4.24,1.975,43.796,17.5,26.9,225.8,5.094,19.093,157,0.563,405.6,1,0
UG-MBR-0004,beans,2026-05-14T00:00:00,18.976,6.03,2.046,42.514,17.3,26.9,225.5,5.024,17.303,158,0.597,430.2,1,0
UG-MBR-0004,beans,2026-05-15T00:00:00,19.063,10.47,1.731,41.247,17.3,26.8,225.4,4.937,12.863,159,0.575,413.7,1,0
UG-MBR-0004,beans,2026-05-16T00:00:00,19.123,9.04,0.378,43.354,17.3,26.8,225.3,4.877,14.293,160,0.599,431.6,1,0
UG-MBR-0004,beans,2026-05-17T00:00:00,19.13,9.23,0.257,42.353,17.2,26.7,225.1,4.87,14.103,161,0.592,426.3,1,0
UG-MBR-0004,beans,2026-05-18T00:00:00,19.036,12.15,0.367,43.823,17.1,26.7,224.7,4.964,11.183,162,0.672,483.7,1,0
UG-MBR-0004,beans,2026-05-19T00:00:00,19.046,10.85,0.469,45.551,17.1,26.6,224.8,4.954,12.483,163,0.686,493.8,1,0
UG-MBR-0004,beans,2026-05-20T00:00:00,18.971,13.1,1.239,45.183,17.0,26.6,224.4,5.029,10.233,164,0.637,458.7,1,0
UG-MBR-0004,beans,2026-05-21T00:00:00,19.047,11.31,1.387,45.667,17.0,26.5,224.4,4.953,12.023,165,0.645,464.1,1,0
UG-MBR-0004,beans,2026-05-22T00:00:00,18.983,6.87,1.39,47.424,16.9,26.5,224.2,5.017,16.463,166,0.606,436.6,1,0
UG-MBR-0004,beans,2026-05-23T00:00:00,19.007,7.25,1.309,48.367,16.9,26.5,224.1,4.993,16.083,167,0.642,462.2,1,0
UG-MBR-0004,beans,2026-05-24T00:00:00,19.037,7.14,1.1,47.949,16.9,26.4,223.8,4.963,16.193,168,0.577,415.3,1,0
UG-MBR-0004,beans,2026-05-25T00:00:00,19.083,4.34,1.129,48.121,16.7,26.4,223.8,4.917,18.993,169,0.567,408.2,1,0
UG-MBR-0004,beans,2026-05-26T00:00:00,19.113,4.34,1.128,47.244,16.6,26.4,223.6,4.887,18.993,170,0.563,405.5,1,0
UG-MBR-0004,beans,2026-05-27T00:00:00,19.109,2.58,0.757,47.7,16.6,26.3,223.5,4.891,20.753,171,0.565,406.6,1,0
UG-MBR-0004,beans,2026-05-28T00:00:00,19.0,2.58,0.713,47.054,16.5,26.3,223.3,5.0,20.753,172,0.636,457.8,1,0
UG-MBR-0004,beans,2026-05-29T00:00:00,18.927,2.58,0.705,46.909,16.5,26.2,223.2,5.073,20.753,173,0.56,403.3,1,0
UG-MBR-0004,beans,2026-05-30T00:00:00,18.873,2.2,1.354,46.397,16.3,26.1,223.0,5.127,21.133,174,0.522,375.9,1,0
UG-MBR-0004,beans,2026-05-31T00:00:00,18.864,1.35,2.406,46.547,16.3,26.0,223.0,5.136,21.983,175,0.498,358.7,1,0
UG-MBR-0004,beans,2026-06-01T00:00:00,18.899,1.23,2.292,45.747,16.3,26.0,222.7,5.101,22.103,176,0.571,410.8,1,0
UG-MBR-0004,beans,2026-06-02T00:00:00,18.891,1.23,2.159,46.48,16.4,25.9,222.6,5.109,22.103,177,0.508,365.6,1,0
UG-MBR-0004,beans,2026-06-03T00:00:00,18.919,1.78,2.124,44.697,16.3,25.9,222.2,5.081,21.553,178,0.558,401.6,1,0
UG-MBR-0004,beans,2026-06-04T00:00:00,18.983,3.8,2.167,45.574,16.3,25.8,222.0,5.017,19.533,179,0.534,384.3,1,0
UG-MBR-0005,beans,2025-12-13T00:00:00,20.199,4.21,5.238,46.589,29.9,34.8,250.0,3.801,19.123,6,0.573,824.5,1,85
UG-MBR-0005,beans,2025-12-14T00:00:00,20.251,4.21,5.008,47.35,29.9,34.8,249.7,3.749,19.123,7,0.63,907.1,1,84
UG-MBR-0005,beans,2025-12-15T00:00:00,20.346,3.67,3.915,46.523,29.7,34.7,249.6,3.654,19.663,8,0.594,855.4,1,83
UG-MBR-0005,beans,2025-12-16T00:00:00,20.396,5.4,3.066,47.841,29.5,34.7,249.3,3.604,17.933,9,0.643,926.3,1,82
UG-MBR-0005,beans,2025-12-17T00:00:00,20.461,6.78,3.418,47.704,29.3,34.6,248.7,3.539,16.553,10,0.654,942.3,1,80
UG-MBR-0005,beans,2025-12-18T00:00:00,20.659,6.78,4.125,49.449,29.1,34.5,248.9,3.341,16.553,11,0.654,941.2,1,79
UG-MBR-0005,beans,2025-12-19T00:00:00,20.541,6.17,4.835,50.089,28.9,34.3,248.8,3.459,17.163,12,0.618,889.5,1,79
UG-MBR-0005,beans,2025-12-20T00:00:00,20.606,7.55,4.091,51.953,28.9,34.2,248.6,3.394,15.783,13,0.661,951.8,1,77
UG-MBR-0005,beans,2025-12-21T00:00:00,20.934,13.6,3.968,51.756,28.8,34.1,248.8,3.066,9.733,14,0.666,959.0,1,75
UG-MBR-0005,beans,2025-12-22T00:00:00,21.051,15.11,3.598,52.864,28.8,34.1,248.4,2.949,8.223,15,0.635,914.7,1,74
UG-MBR-0005,beans,2025-12-23T00:00:00,21.133,16.78,4.092,53.93,28.8,33.9,248.4,2.867,6.553,16,0.742,1068.1,2,73
UG-MBR-0005,beans,2025-12-24T00:00:00,21.199,17.7,2.949,52.556,28.6,34.0,248.6,2.801,5.633,17,0.739,1064.6,2,71
UG-MBR-0005,beans,2025-12-25T00:00:00,21.234,19.46,2.871,52.083,28.6,34.0,248.0,2.766,3.873,18,0.731,1052.4,2,70
UG-MBR-0005,beans,2025-12-26T00:00:00,21.31,19.18,2.853,52.697,28.5,34.1,247.4,2.69,4.153,19,0.704,1013.2,2,69
UG-MBR-0005,beans,2025-12-27T00:00:00,21.55,21.77,2.97,53.356,28.2,34.1,247.2,2.45,1.563,20,0.709,1020.3,2,67
UG-MBR-0005,beans,2025-12-28T00:00:00,21.511,22.01,2.472,51.731,28.0,34.1,246.8,2.489,1.323,21,0.774,1114.9,2,66
UG-MBR-0005,beans,2025-12-29T00:00:00,21.684,23.22,2.904,53.347,28.1,33.9,246.4,2.316,0.113,22,0.831,1197.2,2,65
UG-MBR-0005,beans,2025-12-30T00:00:00,21.976,24.51,2.386,53.461,27.9,33.9,246.1,2.024,1.177,23,0.776,1117.1,2,64
UG-MBR-0005,beans,2025-12-31T00:00:00,22.174,27.32,2.366,55.707,27.9,33.7,246.1,1.826,3.987,24,0.749,1078.7,2,63
UG-MBR-0005,beans,2026-01-01T00:00:00,22.143,28.93,1.406,56.267,27.7,33.7,245.9,1.857,5.597,25,0.752,1082.7,2,62
UG-MBR-0005,beans,2026-01-02T00:00:00,22.6,31.84,0.947,55.999,27.7,33.6,245.8,1.4,8.507,26,0.805,1159.4,2,61
UG-MBR-0005,beans,2026-01-03T00:00:00,22.599,32.05,0.944,56.157,27.8,33.6,245.9,1.401,8.717,27,0.761,1095.7,2,60
UG-MBR-0005,beans,2026-01-04T00:00:00,22.913,27.22,1.439,58.021,27.8,33.6,246.0,1.087,3.887,28,0.75,1079.5,2,59
UG-MBR-0005,beans,2026-01-05T00:00:00,23.07,26.41,1.423,57.13,27.5,33.5,246.2,0.93,3.077,29,0.786,1131.4,2,57
UG-MBR-0005,beans,2026-01-06T00:00:00,23.254,24.63,2.038,56.073,27.4,33.5,246.2,0.746,1.297,30,0.807,1161.4,2,56
UG-MBR-0005,beans,2026-01-07T00:00:00,23.339,25.31,2.77,55.939,27.3,33.4,245.6,0.661,1.977,31,0.755,1086.9,2,56
UG-MBR-0005,beans,2026-01-08T00:00:00,23.577,30.14,2.785,55.819,27.4,33.4,245.3,0.423,6.807,32,0.774,1114.7,2,55
UG-MBR-0005,beans,2026-01-09T00:00:00,23.626,26.47,2.802,57.114,27.3,33.3,245.2,0.374,3.137,33,0.756,1089.0,2,54
UG-MBR-0005,beans,2026-01-10T00:00:00,23.75,23.72,2.933,56.61,27.2,33.2,244.8,0.25,0.387,34,0.757,1090.5,2,52
UG-MBR-0005,beans,2026-01-11T00:00:00,23.73,27.28,2.7,56.946,27.0,33.1,244.3,0.27,3.947,35,0.776,1117.4,2,52
UG-MBR-0005,beans,2026-01-12T00:00:00,23.964,25.78,3.134,57.237,26.8,33.1,244.0,0.036,2.447,36,0.783,1127.8,2,50
UG-MBR-0005,beans,2026-01-13T00:00:00,23.761,26.97,1.144,58.659,26.8,33.0,243.9,0.239,3.637,37,0.787,1132.7,2,49
UG-MBR-0005,beans,2026-01-14T00:00:00,23.961,22.59,0.842,59.591,26.7,33.0,244.1,0.039,0.743,38,0.792,1140.5,2,47
UG-MBR-0005,beans,2026-01-15T00:00:00,23.964,20.85,0.92,59.903,26.4,32.9,243.9,0.036,2.483,39,0.779,1122.4,2,47
UG-MBR-0005,beans,2026-01-16T00:00:00,24.137,25.04,0.615,59.563,26.2,32.8,243.7,0.137,1.707,40,0.839,1208.4,2,46
UG-MBR-0005,beans,2026-01-17T00:00:00,24.147,29.03,0.667,60.507,26.2,32.8,243.8,0.147,5.697,41,0.786,1131.5,2,45
UG-MBR-0005,beans,2026-01-18T00:00:00,24.484,27.42,0.465,61.1,26.2,32.7,243.6,0.484,4.087,42,0.754,1085.1,2,44
UG-MBR-0005,beans,2026-01-19T00:00:00,24.479,32.13,0.78,61.769,26.1,32.6,243.4,0.479,8.797,43,0.682,981.8,1,44
UG-MBR-0005,beans,2026-01-20T00:00:00,24.743,33.98,0.823,61.884,26.0,32.6,243.3,0.743,10.647,44,0.693,997.4,1,43
UG-MBR-0005,beans,2026-01-21T00:00:00,24.749,39.38,0.844,61.214,26.0,32.7,243.1,0.749,16.047,45,0.681,981.3,1,43
UG-MBR-0005,beans,2026-01-22T00:00:00,25.043,39.83,1.071,60.004,26.0,32.6,243.3,1.043,16.497,46,0.647,931.8,1,43
UG-MBR-0005,beans,2026-01-23T00:00:00,25.064,39.22,1.106,60.99,26.0,32.5,242.9,1.064,15.887,47,0.648,933.8,1,42
UG-MBR-0005,beans,2026-01-24T00:00:00,25.299,41.11,0.976,60.227,25.8,32.3,242.8,1.299,17.777,48,0.633,911.6,1,41
UG-MBR-0005,beans,2026-01-25T00:00:00,25.29,40.5,0.875,59.696,25.6,32.3,242.7,1.29,17.167,49,0.654,941.3,1,40
UG-MBR-0005,beans,2026-01-26T00:00:00,25.613,37.34,0.763,59.944,25.5,32.3,242.8,1.613,14.007,50,0.7,1008.6,2,38
UG-MBR-0005,beans,2026-01-27T00:00:00,25.777,36.11,0.99,59.3,25.5,32.2,242.2,1.777,12.777,51,0.681,980.9,1,37
UG-MBR-0005,beans,2026-01-28T00:00:00,26.084,33.92,1.009,58.82,25.3,32.0,242.2,2.084,10.587,52,0.694,999.6,1,36
UG-MBR-0005,beans,2026-01-29T00:00:00,26.089,32.54,0.615,60.437,25.2,32.1,241.8,2.089,9.207,53,0.7,1008.5,2,35
UG-MBR-0005,beans,2026-01-30T00:00:00,26.151,34.63,0.793,59.633,24.9,32.0,242.1,2.151,11.297,54,0.671,965.7,1,34
UG-MBR-0005,beans,2026-01-31T00:00:00,26.254,32.15,0.804,60.674,24.8,32.1,241.7,2.254,8.817,55,0.73,1051.5,2,33
UG-MBR-0005,beans,2026-02-01T00:00:00,26.196,30.28,0.806,62.04,24.6,32.1,241.3,2.196,6.947,56,0.74,1065.9,2,31
UG-MBR-0005,beans,2026-02-02T00:00:00,26.076,35.59,0.866,60.847,24.7,31.9,240.9,2.076,12.257,57,0.738,1062.1,2,31
UG-MBR-0005,beans,2026-02-03T00:00:00,26.231,38.23,0.608,60.52,24.5,31.9,241.1,2.231,14.897,58,0.673,969.5,1,31
UG-MBR-0005,beans,2026-02-04T00:00:00,26.196,39.18,3.303,61.48,24.4,31.9,240.7,2.196,15.847,59,0.612,880.6,1,31
UG-MBR-0005,beans,2026-02-05T00:00:00,26.441,42.13,3.121,63.139,24.3,31.8,240.8,2.441,18.797,60,0.572,823.5,1,30
UG-MBR-0005,beans,2026-02-06T00:00:00,26.424,44.7,3.113,64.294,24.4,31.8,240.3,2.424,21.367,61,0.608,875.4,1,30
UG-MBR-0005,beans,2026-02-07T00:00:00,26.457,45.26,2.9,64.443,24.3,31.7,239.9,2.457,21.927,62,0.55,792.2,1,29
UG-MBR-0005,beans,2026-02-08T00:00:00,26.547,45.9,2.654,64.814,24.2,31.7,239.7,2.547,22.567,63,0.593,854.0,1,28
UG-MBR-0005,beans,2026-02-09T00:00:00,26.551,47.52,2.518,66.106,23.9,31.7,239.6,2.551,24.187,64,0.532,766.4,1,27
UG-MBR-0005,beans,2026-02-10T00:00:00,26.524,41.84,2.911,66.914,23.8,31.6,239.3,2.524,18.507,65,0.608,875.9,1,25
UG-MBR-0005,beans,2026-02-11T00:00:00,26.407,43.31,1.345,65.87,23.8,31.6,239.1,2.407,19.977,66,0.566,815.5,1,24
UG-MBR-0005,beans,2026-02-12T00:00:00,26.487,39.4,1.768,64.16,23.8,31.5,238.6,2.487,16.067,67,0.648,933.3,1,22
UG-MBR-0005,beans,2026-02-13T00:00:00,26.666,38.66,1.767,63.5,23.6,31.4,238.8,2.666,15.327,68,0.59,849.1,1,21
UG-MBR-0005,beans,2026-02-14T00:00:00,26.789,40.62,1.953,63.937,23.5,31.4,238.9,2.789,17.287,69,0.615,886.1,1,21
UG-MBR-0005,beans,2026-02-15T00:00:00,26.991,46.32,1.908,62.221,23.6,31.3,239.0,2.991,22.987,70,0.553,796.1,1,21
UG-MBR-0005,beans,2026-02-16T00:00:00,27.0,42.89,2.089,61.854,23.6,31.1,238.8,3.0,19.557,71,0.587,845.8,1,19
UG-MBR-0005,beans,2026-02-17T00:00:00,27.06,49.86,2.861,62.559,23.5,31.2,238.7,3.06,26.527,72,0.511,735.2,1,20
UG-MBR-0005,beans,2026-02-18T00:00:00,27.124,49.1,2.497,63.11,23.4,31.1,238.6,3.124,25.767,73,0.516,743.2,1,19
UG-MBR-0005,beans,2026-02-19T00:00:00,26.98,49.17,1.915,63.683,23.2,31.0,238.6,2.98,25.837,74,0.538,774.2,1,17
UG-MBR-0005,beans,2026-02-20T00:00:00,26.859,53.67,2.41,63.597,23.0,30.9,238.2,2.859,30.337,75,0.464,668.2,1,17
UG-MBR-0005,beans,2026-02-21T00:00:00,26.923,53.75,2.926,62.773,23.1,30.9,238.0,2.923,30.417,76,0.459,661.0,1,16
UG-MBR-0005,beans,2026-02-22T00:00:00,26.637,52.77,3.063,63.859,23.0,30.8,237.9,2.637,29.437,77,0.489,704.0,1,15
UG-MBR-0005,beans,2026-02-23T00:00:00,26.489,49.62,2.927,62.639,23.0,30.8,237.7,2.489,26.287,78,0.516,742.9,1,13
UG-MBR-0005,beans,2026-02-24T00:00:00,26.507,43.92,1.967,61.19,22.9,30.6,237.6,2.507,20.587,79,0.548,789.0,1,11
UG-MBR-0005,beans,2026-02-25T00:00:00,26.463,42.2,2.021,61.904,22.8,30.5,237.6,2.463,18.867,80,0.619,891.4,1,10
UG-MBR-0005,beans,2026-02-26T00:00:00,26.406,41.49,0.564,61.271,22.7,30.7,237.4,2.406,18.157,81,0.601,865.8,1,8
UG-MBR-0005,beans,2026-02-27T00:00:00,26.483,37.05,0.601,60.744,22.7,30.6,237.6,2.483,13.717,82,0.638,918.7,1,7
UG-MBR-0005,beans,2026-02-28T00:00:00,26.299,35.81,0.582,60.104,22.7,30.5,237.5,2.299,12.477,83,0.618,889.5,1,5
UG-MBR-0005,beans,2026-03-01T00:00:00,26.229,34.61,0.584,59.106,22.6,30.5,237.1,2.229,11.277,84,0.729,1050.2,2,4
UG-MBR-0005,beans,2026-03-02T00:00:00,26.344,37.1,1.081,61.637,22.4,30.3,237.0,2.344,13.767,85,0.711,1024.3,2,4
UG-MBR-0005,beans,2026-03-03T00:00:00,26.29,42.91,0.711,62.497,22.3,30.3,236.6,2.29,19.577,86,0.572,823.9,1,4
UG-MBR-0005,beans,2026-03-04T00:00:00,26.431,45.81,1.176,62.414,22.3,30.2,236.2,2.431,22.477,87,0.602,867.0,1,3
UG-MBR-0005,beans,2026-03-05T00:00:00,26.397,45.06,1.161,63.826,22.3,30.0,236.3,2.397,21.727,88,0.568,818.5,1,2
UG-MBR-0005,beans,2026-03-06T00:00:00,26.249,45.18,1.597,64.291,22.4,30.0,235.6,2.249,21.847,89,0.617,888.2,1,1
UG-MBR-0005,beans,2026-03-07T00:00:00,26.099,42.19,1.71,64.097,22.2,29.8,235.3,2.099,18.857,90,0.602,867.6,1,0
UG-MBR-0005,beans,2026-03-08T00:00:00,26.154,39.72,1.687,65.77,22.1,29.9,235.5,2.154,16.387,91,0.615,885.0,1,0
UG-MBR-0005,beans,2026-03-09T00:00:00,25.956,35.77,1.517,63.387,22.2,30.0,235.7,1.956,12.437,92,0.573,825.6,1,0
UG-MBR-0005,beans,2026-03-10T00:00:00,25.721,33.31,1.37,62.837,22.2,29.9,235.6,1.721,9.977,93,0.646,930.0,1,0
UG-MBR-0005,beans,2026-03-11T00:00:00,25.429,31.81,1.267,62.227,22.1,29.8,235.5,1.429,8.477,94,0.69,993.0,1,0
UG-MBR-0005,beans,2026-03-12T00:00:00,25.371,32.41,1.442,60.603,22.0,29.9,235.0,1.371,9.077,95,0.689,991.7,1,0
UG-MBR-0005,beans,2026-03-13T00:00:00,25.426,32.88,1.357,62.637,21.9,29.9,234.9,1.426,9.547,96,0.642,924.3,1,0
UG-MBR-0005,beans,2026-03-14T00:00:00,25.24,30.81,1.29,63.776,21.6,30.0,234.6,1.24,7.477,97,0.675,972.4,1,0
UG-MBR-0005,beans,2026-03-15T00:00:00,25.18,29.24,1.387,63.471,21.7,29.9,234.4,1.18,5.907,98,0.726,1045.6,2,0
UG-MBR-0005,beans,2026-03-16T00:00:00,25.146,33.05,1.201,64.579,21.5,29.8,233.9,1.146,9.717,99,0.639,919.5,1,0
UG-MBR-0005,beans,2026-03-17T00:00:00,24.999,33.04,1.195,63.24,21.6,29.8,233.6,0.999,9.707,100,0.686,988.3,1,0
UG-MBR-0005,beans,2026-03-18T00:00:00,24.883,31.63,1.067,64.163,21.4,29.7,233.5,0.883,8.297,101,0.732,1054.5,2,0
UG-MBR-0005,beans,2026-03-19T00:00:00,24.656,32.98,0.693,64.663,21.4,29.6,233.6,0.656,9.647,102,0.703,1012.2,2,0
UG-MBR-0005,beans,2026-03-20T00:00:00,24.354,30.09,0.68,61.423,21.2,29.5,233.7,0.354,6.757,103,0.728,1048.1,2,0
UG-MBR-0005,beans,2026-03-21T00:00:00,24.326,34.32,0.86,60.304,21.2,29.3,233.6,0.326,10.987,104,0.621,894.5,1,0
UG-MBR-0005,beans,2026-03-22T00:00:00,24.057,39.91,0.435,58.864,21.0,29.4,233.6,0.057,16.577,105,0.621,894.1,1,0
UG-MBR-0005,beans,2026-03-23T00:00:00,23.899,38.39,0.433,58.303,20.9,29.3,233.4,0.101,15.057,106,0.718,1034.1,2,0
UG-MBR-0005,beans,2026-03-24T00:00:00,23.91,37.98,0.461,59.444,20.7,29.3,233.5,0.09,14.647,107,0.64,921.8,1,0
UG-MBR-0005,beans,2026-03-25T00:00:00,23.909,41.11,0.559,57.149,20.8,29.2,233.5,0.091,17.777,108,0.67,964.6,1,0
UG-MBR-0005,beans,2026-03-26T00:00:00,23.847,40.05,1.354,56.02,20.6,29.2,233.5,0.153,16.717,109,0.612,881.5,1,0
UG-MBR-0005,beans,2026-03-27T00:00:00,23.82,38.27,2.282,56.326,20.6,29.2,233.4,0.18,14.937,110,0.628,904.9,1,0
UG-MBR-0005,beans,2026-03-28T00:00:00,23.734,34.89,2.422,55.743,20.5,29.2,233.4,0.266,11.557,111,0.677,975.0,1,0
UG-MBR-0005,beans,2026-03-29T00:00:00,23.729,31.59,3.156,57.154,20.6,29.1,233.2,0.271,8.257,112,0.686,988.1,1,0
UG-MBR-0005,beans,2026-03-30T00:00:00,23.811,29.44,4.07,56.294,20.4,29.1,233.1,0.189,6.107,113,0.707,1018.4,2,0
UG-MBR-0005,beans,2026-03-31T00:00:00,23.563,26.72,4.3,56.067,20.5,29.1,232.9,0.437,3.387,114,0.689,991.6,1,0
UG-MBR-0005,beans,2026-04-01T00:00:00,23.481,23.26,4.8,56.046,20.4,29.1,232.2,0.519,0.073,115,0.701,1009.5,2,0
UG-MBR-0005,beans,2026-04-02T00:00:00,23.391,24.59,4.227,55.626,20.2,29.0,231.9,0.609,1.257,116,0.699,1006.7,1,0
UG-MBR-0005,beans,2026-04-03T00:00:00,23.22,21.96,2.793,55.254,20.2,29.0,231.8,0.78,1.373,117,0.714,1027.5,2,0
UG-MBR-0005,beans,2026-04-04T00:00:00,23.03,21.93,3.682,55.939,20.1,29.0,231.5,0.97,1.403,118,0.714,1028.2,2,0
UG-MBR-0005,beans,2026-04-05T00:00:00,22.91,21.76,2.828,54.959,20.0,28.9,231.4,1.09,1.573,119,0.753,1084.1,2,0
UG-MBR-0005,beans,2026-04-06T00:00:00,22.71,19.15,1.765,54.697,19.9,28.9,231.4,1.29,4.183,120,0.707,1018.1,2,0
UG-MBR-0005,beans,2026-04-07T00:00:00,22.517,16.21,1.805,52.903,19.8,28.8,231.3,1.483,7.123,121,0.691,994.9,1,0
UG-MBR-0005,beans,2026-04-08T00:00:00,22.213,11.99,1.334,53.236,19.6,28.8,231.5,1.787,11.343,122,0.646,929.5,1,0
UG-MBR-0005,beans,2026-04-09T00:00:00,22.017,6.59,1.404,52.454,19.6,28.7,231.2,1.983,16.743,123,0.56,807.1,1,0
UG-MBR-0005,beans,2026-04-10T00:00:00,21.909,7.1,1.605,53.599,19.4,28.6,230.9,2.091,16.233,124,0.594,855.3,1,0
UG-MBR-0005,beans,2026-04-11T00:00:00,21.749,6.91,0.475,52.704,19.4,28.4,230.5,2.251,16.423,125,0.604,869.4,1,0
UG-MBR-0005,beans,2026-04-12T00:00:00,21.577,5.43,0.48,51.437,19.2,28.4,229.9,2.423,17.903,126,0.607,873.8,1,0
UG-MBR-0005,beans,2026-04-13T00:00:00,21.507,6.67,0.487,50.887,19.1,28.3,229.5,2.493,16.663,127,0.56,805.7,1,0
UG-MBR-0005,beans,2026-04-14T00:00:00,21.437,6.9,0.518,51.804,19.2,28.2,229.3,2.563,16.433,128,0.531,764.3,1,0
UG-MBR-0005,beans,2026-04-15T00:00:00,21.403,10.09,0.874,51.476,19.1,28.0,229.0,2.597,13.243,129,0.617,888.8,1,0
UG-MBR-0005,beans,2026-04-16T00:00:00,21.283,10.61,1.051,52.926,19.1,28.1,229.2,2.717,12.723,130,0.623,897.3,1,0
UG-MBR-0005,beans,2026-04-17T00:00:00,21.106,10.26,1.044,50.65,19.1,28.1,229.2,2.894,13.073,131,0.602,866.4,1,0
UG-MBR-0005,beans,2026-04-18T00:00:00,21.209,8.17,1.611,51.103,19.0,28.1,229.2,2.791,15.163,132,0.588,846.2,1,0
UG-MBR-0005,beans,2026-04-19T00:00:00,21.016,6.48,1.648,50.277,19.0,28.1,229.5,2.984,16.853,133,0.596,858.7,1,0
UG-MBR-0005,beans,2026-04-20T00:00:00,20.626,5.65,2.125,50.744,18.8,28.1,229.0,3.374,17.683,134,0.539,776.5,1,0
UG-MBR-0005,beans,2026-04-21T00:00:00,20.581,6.86,2.025,49.641,18.7,28.1,228.7,3.419,16.473,135,0.553,796.9,1,0
UG-MBR-0005,beans,2026-04-22T00:00:00,20.526,5.93,1.968,49.12,18.6,28.1,228.6,3.474,17.403,136,0.556,800.5,1,0
UG-MBR-0005,beans,2026-04-23T00:00:00,20.307,8.91,1.024,48.266,18.6,28.0,228.4,3.693,14.423,137,0.545,784.3,1,0
UG-MBR-0005,beans,2026-04-24T00:00:00,20.197,11.16,1.14,48.196,18.6,28.0,228.3,3.803,12.173,138,0.592,852.6,1,0
UG-MBR-0005,beans,2026-04-25T00:00:00,19.799,11.66,0.951,46.977,18.6,27.9,228.1,4.201,11.673,139,0.594,855.6,1,0
UG-MBR-0005,beans,2026-04-26T00:00:00,19.78,14.9,0.574,47.139,18.5,27.8,227.7,4.22,8.433,140,0.674,970.3,1,0
UG-MBR-0005,beans,2026-04-27T00:00:00,19.736,14.49,0.339,46.259,18.5,27.7,228.0,4.264,8.843,141,0.615,885.6,1,0
UG-MBR-0005,beans,2026-04-28T00:00:00,19.643,12.83,0.664,46.711,18.3,27.6,228.1,4.357,10.503,142,0.609,877.5,1,0
UG-MBR-0005,beans,2026-04-29T00:00:00,19.47,10.57,1.166,46.12,18.3,27.7,228.2,4.53,12.763,143,0.605,871.7,1,0
UG-MBR-0005,beans,2026-04-30T00:00:00,19.466,7.07,2.008,46.453,18.3,27.6,228.1,4.534,16.263,144,0.517,745.1,1,0
UG-MBR-0005,beans,2026-05-01T00:00:00,19.357,6.37,2.289,46.559,18.2,27.6,227.7,4.643,16.963,145,0.574,826.6,1,0
UG-MBR-0005,beans,2026-05-02T00:00:00,19.381,7.69,3.585,46.21,18.1,27.5,227.5,4.619,15.643,146,0.588,846.3,1,0
UG-MBR-0005,beans,2026-05-03T00:00:00,19.343,5.51,3.578,45.6,18.1,27.4,227.3,4.657,17.823,147,0.516,742.6,1,0
UG-MBR-0005,beans,2026-05-04T00:00:00,19.453,6.93,3.848,45.364,18.1,27.3,227.1,4.547,16.403,148,0.512,737.4,1,0
UG-MBR-0005,beans,2026-05-05T00:00:00,19.357,8.04,4.406,44.52,18.2,27.3,226.8,4.643,15.293,149,0.582,837.6,1,0
UG-MBR-0005,beans,2026-05-06T00:00:00,19.27,8.81,3.576,44.847,18.1,27.1,226.2,4.73,14.523,150,0.564,812.4,1,0
UG-MBR-0005,beans,2026-05-07T00:00:00,19.207,9.98,3.843,42.73,17.9,27.1,226.1,4.793,13.353,151,0.549,790.0,1,0
UG-MBR-0005,beans,2026-05-08T00:00:00,19.09,8.89,3.381,43.709,17.8,27.0,226.2,4.91,14.443,152,0.58,835.8,1,0
UG-MBR-0005,beans,2026-05-09T00:00:00,18.936,8.97,2.443,43.394,17.8,26.9,226.3,5.064,14.363,153,0.581,836.3,1,0
UG-MBR-0005,beans,2026-05-10T00:00:00,18.859,7.91,2.405,43.826,17.7,27.0,225.9,5.141,15.423,154,0.521,750.5,1,0
UG-MBR-0005,beans,2026-05-11T00:00:00,18.72,6.49,1.855,43.206,17.5,27.0,225.7,5.28,16.843,155,0.528,760.0,1,0
UG-MBR-0005,beans,2026-05-12T00:00:00,18.7,5.38,1.101,44.367,17.4,27.0,225.5,5.3,17.953,156,0.534,769.1,1,0
UG-MBR-0005,beans,2026-05-13T00:00:00,18.74,5.59,1.042,44.236,17.3,26.9,225.4,5.26,17.743,157,0.52,748.5,1,0
UG-MBR-0005,beans,2026-05-14T00:00:00,18.651,4.42,0.623,45.423,17.3,26.9,224.9,5.349,18.913,158,0.47,677.5,1,0
UG-MBR-0005,beans,2026-05-15T00:00:00,18.646,4.01,0.698,44.694,17.2,26.7,224.6,5.354,19.323,159,0.479,689.2,1,0
UG-MBR-0005,beans,2026-05-16T00:00:00,18.721,2.24,1.4,45.147,17.2,26.7,224.2,5.279,21.093,160,0.446,642.0,1,0
UG-MBR-0005,beans,2026-05-17T00:00:00,18.799,2.28,2.686,43.896,17.1,26.7,224.0,5.201,21.053,161,0.493,710.1,1,0
UG-MBR-0005,beans,2026-05-18T00:00:00,18.636,2.28,5.364,45.994,17.1,26.6,224.0,5.364,21.053,162,0.427,614.2,1,0
UG-MBR-0005,beans,2026-05-19T00:00:00,18.731,2.28,5.615,45.827,17.1,26.6,223.9,5.269,21.053,163,0.468,674.1,1,0
UG-MBR-0005,beans,2026-05-20T00:00:00,18.866,1.93,5.688,46.059,17.0,26.6,224.1,5.134,21.403,164,0.516,742.8,1,0
UG-MBR-0005,beans,2026-05-21T00:00:00,19.036,2.98,5.57,46.359,16.9,26.5,224.2,4.964,20.353,165,0.515,741.1,1,0
UG-MBR-0005,beans,2026-05-22T00:00:00,19.261,1.92,6.516,46.0,16.8,26.5,224.1,4.739,21.413,166,0.407,586.0,1,0
UG-MBR-0005,beans,2026-05-23T00:00:00,19.443,1.72,7.02,46.541,16.7,26.5,224.4,4.557,21.613,167,0.423,608.6,1,0
UG-MBR-0005,beans,2026-05-24T00:00:00,19.376,1.68,6.586,47.886,16.7,26.5,224.4,4.624,21.653,168,0.438,630.1,1,0
UG-MBR-0005,beans,2026-05-25T00:00:00,19.566,3.14,3.989,47.046,16.6,26.4,224.1,4.434,20.193,169,0.451,649.1,1,0
UG-MBR-0005,beans,2026-05-26T00:00:00,19.527,4.06,5.241,47.227,16.4,26.4,224.0,4.473,19.273,170,0.436,627.9,1,0
UG-MBR-0005,beans,2026-05-27T00:00:00,19.383,3.43,5.234,46.489,16.4,26.3,223.7,4.617,19.903,171,0.478,688.2,1,0
UG-MBR-0005,beans,2026-05-28T00:00:00,19.277,2.79,5.119,46.997,16.4,26.2,223.4,4.723,20.543,172,0.493,709.3,1,0
UG-MBR-0005,beans,2026-05-29T00:00:00,19.177,2.79,4.41,46.896,16.4,26.2,223.1,4.823,20.543,173,0.502,722.3,1,0
UG-MBR-0005,beans,2026-05-30T00:00:00,19.019,2.79,4.298,47.187,16.3,26.1,222.9,4.981,20.543,174,0.456,657.0,1,0
UG-MBR-0005,beans,2026-05-31T00:00:00,19.061,2.79,4.136,48.139,16.3,25.9,222.4,4.939,20.543,175,0.463,666.7,1,0
UG-MBR-0005,beans,2026-06-01T00:00:00,19.044,1.33,4.258,47.236,16.3,26.0,222.1,4.956,22.003,176,0.469,675.5,1,0
UG-MBR-0005,beans,2026-06-02T00:00:00,18.98,2.02,3.217,46.789,16.3,25.9,221.7,5.02,21.313,177,0.465,669.0,1,0
UG-MBR-0005,beans,2026-06-03T00:00:00,18.966,4.26,3.446,47.487,16.2,25.9,221.8,5.034,19.073,178,0.508,731.3,1,0
UG-MBR-0005,beans,2026-06-04T00:00:00,19.076,3.85,3.241,45.864,16.1,25.9,221.3,4.924,19.483,179,0.495,713.2,1,0
UG-MBR-0006,beans,2025-12-13T00:00:00,20.131,11.9,1.131,45.649,30.0,34.8,249.4,3.869,11.433,6,0.666,533.1,1,83
UG-MBR-0006,beans,2025-12-14T00:00:00,20.417,13.05,1.667,47.029,29.8,34.8,249.3,3.583,10.283,7,0.63,503.9,1,82
UG-MBR-0006,beans,2025-12-15T00:00:00,20.609,13.81,1.484,49.02,29.6,34.7,249.7,3.391,9.523,8,0.74,591.9,2,81
UG-MBR-0006,beans,2025-12-16T00:00:00,20.711,11.71,1.913,50.944,29.5,34.6,249.7,3.289,11.623,9,0.655,523.9,1,80
UG-MBR-0006,beans,2025-12-17T00:00:00,20.799,13.24,1.659,50.98,29.4,34.7,249.4,3.201,10.093,10,0.701,560.8,2,79
UG-MBR-0006,beans,2025-12-18T00:00:00,21.02,12.05,1.626,52.256,29.2,34.7,249.3,2.98,11.283,11,0.626,500.5,1,78
UG-MBR-0006,beans,2025-12-19T00:00:00,20.913,10.8,2.179,50.754,29.2,34.6,249.0,3.087,12.533,12,0.667,533.4,1,77
UG-MBR-0006,beans,2025-12-20T00:00:00,21.089,10.8,2.114,51.787,29.0,34.5,248.7,2.911,12.533,13,0.672,537.6,1,76
UG-MBR-0006,beans,2025-12-21T00:00:00,21.18,12.23,2.054,51.896,28.9,34.4,248.5,2.82,11.103,14,0.685,548.3,1,75
UG-MBR-0006,beans,2025-12-22T00:00:00,21.211,13.45,3.511,51.241,28.8,34.5,248.0,2.789,9.883,15,0.772,617.9,2,74
UG-MBR-0006,beans,2025-12-23T00:00:00,21.137,16.46,3.428,50.086,28.7,34.4,247.8,2.863,6.873,16,0.685,548.2,1,72
UG-MBR-0006,beans,2025-12-24T00:00:00,21.323,14.28,5.352,51.72,28.6,34.3,247.5,2.677,9.053,17,0.704,563.5,2,72
UG-MBR-0006,beans,2025-12-25T00:00:00,21.616,14.16,7.649,52.399,28.6,34.3,247.0,2.384,9.173,18,0.689,551.2,1,71
UG-MBR-0006,beans,2025-12-26T00:00:00,21.729,15.35,6.174,53.086,28.3,34.3,247.4,2.271,7.983,19,0.669,535.0,1,70
UG-MBR-0006,beans,2025-12-27T00:00:00,21.873,15.35,6.557,53.527,28.3,34.3,247.2,2.127,7.983,20,0.714,570.8,2,69
UG-MBR-0006,beans,2025-12-28T00:00:00,21.919,17.57,6.828,51.68,28.2,34.2,246.6,2.081,5.763,21,0.701,560.6,2,68
UG-MBR-0006,beans,2025-12-29T00:00:00,21.954,18.11,5.974,53.641,28.1,33.9,246.4,2.046,5.223,22,0.739,591.1,2,66
UG-MBR-0006,beans,2025-12-30T00:00:00,21.941,18.97,6.254,54.777,28.1,33.8,246.3,2.059,4.363,23,0.776,621.2,2,65
UG-MBR-0006,beans,2025-12-31T00:00:00,22.003,22.73,3.245,54.271,27.9,33.7,246.6,1.997,0.603,24,0.766,612.8,2,63
UG-MBR-0006,beans,2026-01-01T00:00:00,21.987,24.34,2.181,54.379,27.9,33.6,246.5,2.013,1.007,25,0.755,604.3,2,62
UG-MBR-0006,beans,2026-01-02T00:00:00,22.147,26.92,2.177,54.701,27.8,33.4,246.3,1.853,3.587,26,0.776,620.6,2,61
UG-MBR-0006,beans,2026-01-03T00:00:00,22.39,32.32,1.356,54.757,27.6,33.4,246.2,1.61,8.987,27,0.752,601.6,2,61
UG-MBR-0006,beans,2026-01-04T00:00:00,22.677,30.97,1.314,56.593,27.6,33.4,246.4,1.323,7.637,28,0.699,559.1,1,59
UG-MBR-0006,beans,2026-01-05T00:00:00,23.06,32.07,1.291,55.574,27.4,33.5,246.2,0.94,8.737,29,0.708,566.7,2,58
UG-MBR-0006,beans,2026-01-06T00:00:00,23.343,34.07,0.653,55.993,27.3,33.5,246.1,0.657,10.737,30,0.736,588.8,2,57
UG-MBR-0006,beans,2026-01-07T00:00:00,23.52,36.52,1.019,56.61,27.1,33.4,245.8,0.48,13.187,31,0.69,551.8,1,57
UG-MBR-0006,beans,2026-01-08T00:00:00,23.521,37.22,1.209,56.67,27.0,33.4,245.6,0.479,13.887,32,0.657,525.4,1,56
UG-MBR-0006,beans,2026-01-09T00:00:00,23.864,35.77,2.114,57.091,27.0,33.5,245.7,0.136,12.437,33,0.712,569.3,2,55
UG-MBR-0006,beans,2026-01-10T00:00:00,23.761,34.24,2.054,58.291,26.9,33.4,245.5,0.239,10.907,34,0.726,580.9,2,54
UG-MBR-0006,beans,2026-01-11T00:00:00,23.736,33.89,1.935,58.549,26.8,33.4,245.5,0.264,10.557,35,0.698,558.7,1,53
UG-MBR-0006,beans,2026-01-12T00:00:00,23.614,32.65,1.883,58.149,26.8,33.2,245.2,0.386,9.317,36,0.718,574.3,2,51
UG-MBR-0006,beans,2026-01-13T00:00:00,23.663,29.6,1.764,57.311,26.6,33.2,244.9,0.337,6.267,37,0.724,578.9,2,50
UG-MBR-0006,beans,2026-01-14T00:00:00,23.859,27.38,1.706,57.316,26.5,33.0,244.7,0.141,4.047,38,0.728,582.5,2,48
UG-MBR-0006,beans,2026-01-15T00:00:00,23.904,27.89,1.734,57.737,26.3,33.0,244.9,0.096,4.557,39,0.741,592.9,2,47
UG-MBR-0006,beans,2026-01-16T00:00:00,23.713,27.82,1.952,58.51,26.2,32.9,244.0,0.287,4.487,40,0.753,602.4,2,47
UG-MBR-0006,beans,2026-01-17T00:00:00,23.84,26.32,1.494,57.451,26.1,32.8,243.6,0.16,2.987,41,0.723,578.3,2,45
UG-MBR-0006,beans,2026-01-18T00:00:00,23.981,27.14,1.124,57.053,25.9,32.8,243.0,0.019,3.807,42,0.752,601.4,2,44
UG-MBR-0006,beans,2026-01-19T00:00:00,24.284,28.8,1.627,57.967,25.7,32.7,243.2,0.284,5.467,43,0.744,595.5,2,44
UG-MBR-0006,beans,2026-01-20T00:00:00,24.64,29.59,1.408,59.701,25.6,32.7,242.9,0.64,6.257,44,0.767,613.6,2,43
UG-MBR-0006,beans,2026-01-21T00:00:00,24.646,34.18,1.404,60.604,25.7,32.6,242.8,0.646,10.847,45,0.685,548.1,1,43
UG-MBR-0006,beans,2026-01-22T00:00:00,25.014,36.49,2.379,60.086,25.6,32.6,242.7,1.014,13.157,46,0.625,500.2,1,42
UG-MBR-0006,beans,2026-01-23T00:00:00,25.343,36.58,2.086,61.75,25.4,32.5,242.7,1.343,13.247,47,0.651,521.1,1,42
UG-MBR-0006,beans,2026-01-24T00:00:00,25.527,36.8,2.085,62.204,25.2,32.4,242.8,1.527,13.467,48,0.635,507.9,1,41
UG-MBR-0006,beans,2026-01-25T00:00:00,25.6,34.75,2.554,64.879,25.1,32.3,242.7,1.6,11.417,49,0.68,543.8,1,39
UG-MBR-0006,beans,2026-01-26T00:00:00,25.604,36.08,1.352,65.067,25.0,32.3,242.6,1.604,12.747,50,0.651,520.5,1,38
UG-MBR-0006,beans,2026-01-27T00:00:00,25.513,36.8,1.529,64.216,25.0,32.3,242.4,1.513,13.467,51,0.573,458.6,1,37
UG-MBR-0006,beans,2026-01-28T00:00:00,25.703,36.91,1.553,63.767,24.8,32.2,242.0,1.703,13.577,52,0.76,607.9,2,37
UG-MBR-0006,beans,2026-01-29T00:00:00,25.779,39.41,1.364,64.726,24.8,32.1,241.7,1.779,16.077,53,0.634,506.9,1,36
UG-MBR-0006,beans,2026-01-30T00:00:00,25.95,38.36,1.643,63.69,24.9,31.9,241.6,1.95,15.027,54,0.635,508.2,1,35
UG-MBR-0006,beans,2026-01-31T00:00:00,26.009,41.24,3.836,64.5,24.8,32.1,241.4,2.009,17.907,55,0.549,439.1,1,35
UG-MBR-0006,beans,2026-02-01T00:00:00,26.204,42.92,3.363,63.801,24.9,32.0,241.3,2.204,19.587,56,0.537,429.9,1,34
UG-MBR-0006,beans,2026-02-02T00:00:00,26.146,42.75,3.233,64.151,24.9,31.9,241.1,2.146,19.417,57,0.581,465.0,1,33
UG-MBR-0006,beans,2026-02-03T00:00:00,26.14,42.72,3.08,63.814,24.8,31.9,240.6,2.14,19.387,58,0.594,475.6,1,32
UG-MBR-0006,beans,2026-02-04T00:00:00,26.163,44.5,3.195,63.867,24.7,31.9,240.7,2.163,21.167,59,0.59,471.6,1,32
UG-MBR-0006,beans,2026-02-05T00:00:00,26.073,38.0,2.954,64.277,24.7,31.9,240.4,2.073,14.667,60,0.63,504.1,1,29
UG-MBR-0006,beans,2026-02-06T00:00:00,26.09,40.56,3.022,64.047,24.6,31.9,240.1,2.09,17.227,61,0.566,452.6,1,29
UG-MBR-0006,beans,2026-02-07T00:00:00,26.044,41.35,1.642,63.346,24.4,31.8,240.1,2.044,18.017,62,0.528,422.6,1,28
UG-MBR-0006,beans,2026-02-08T00:00:00,26.151,37.44,1.599,63.344,24.3,31.7,240.2,2.151,14.107,63,0.63,503.7,1,26
UG-MBR-0006,beans,2026-02-09T00:00:00,26.453,37.17,1.615,63.804,24.2,31.6,240.1,2.453,13.837,64,0.613,490.7,1,25
UG-MBR-0006,beans,2026-02-10T00:00:00,26.497,39.71,2.275,64.506,24.2,31.5,240.5,2.497,16.377,65,0.565,452.0,1,25
UG-MBR-0006,beans,2026-02-11T00:00:00,26.691,38.4,2.174,65.05,24.2,31.5,240.1,2.691,15.067,66,0.636,508.9,1,23
UG-MBR-0006,beans,2026-02-12T00:00:00,26.821,43.54,2.351,63.95,23.8,31.4,239.8,2.821,20.207,67,0.517,414.0,1,23
UG-MBR-0006,beans,2026-02-13T00:00:00,26.674,42.41,1.511,64.45,23.8,31.4,239.8,2.674,19.077,68,0.6,480.1,1,22
UG-MBR-0006,beans,2026-02-14T00:00:00,26.974,42.34,3.956,63.861,23.9,31.1,239.4,2.974,19.007,69,0.519,415.6,1,22
UG-MBR-0006,beans,2026-02-15T00:00:00,26.971,49.38,4.219,63.714,23.8,31.1,238.9,2.971,26.047,70,0.508,406.1,1,22
UG-MBR-0006,beans,2026-02-16T00:00:00,26.907,49.34,4.177,63.223,23.6,31.1,238.6,2.907,26.007,71,0.532,425.4,1,21
UG-MBR-0006,beans,2026-02-17T00:00:00,26.931,45.96,3.671,63.606,23.6,31.1,238.4,2.931,22.627,72,0.523,418.3,1,19
UG-MBR-0006,beans,2026-02-18T00:00:00,26.694,40.72,3.737,63.301,23.4,31.0,238.2,2.694,17.387,73,0.627,502.0,1,17
UG-MBR-0006,beans,2026-02-19T00:00:00,26.629,41.12,3.176,63.7,23.5,31.0,238.4,2.629,17.787,74,0.636,508.5,1,16
UG-MBR-0006,beans,2026-02-20T00:00:00,26.736,45.05,3.142,63.634,23.4,30.9,238.1,2.736,21.717,75,0.551,440.8,1,16
UG-MBR-0006,beans,2026-02-21T00:00:00,26.697,42.21,2.204,65.354,23.3,30.8,238.0,2.697,18.877,76,0.589,471.1,1,14
UG-MBR-0006,beans,2026-02-22T00:00:00,26.506,39.47,1.541,64.854,23.2,30.8,237.9,2.506,16.137,77,0.633,506.5,1,12
UG-MBR-0006,beans,2026-02-23T00:00:00,26.491,40.52,1.504,65.09,23.3,30.7,237.5,2.491,17.187,78,0.61,488.0,1,12
UG-MBR-0006,beans,2026-02-24T00:00:00,26.349,44.07,3.115,65.537,23.2,30.5,237.3,2.349,20.737,79,0.569,454.9,1,12
UG-MBR-0006,beans,2026-02-25T00:00:00,26.386,47.28,2.874,65.114,23.3,30.6,237.1,2.386,23.947,80,0.516,412.5,1,11
UG-MBR-0006,beans,2026-02-26T00:00:00,26.286,45.73,2.554,65.914,23.2,30.5,236.6,2.286,22.397,81,0.495,396.2,1,10
UG-MBR-0006,beans,2026-02-27T00:00:00,26.281,46.55,2.514,64.164,23.2,30.4,236.3,2.281,23.217,82,0.497,397.9,1,9
UG-MBR-0006,beans,2026-02-28T00:00:00,26.01,46.71,1.678,62.616,23.0,30.5,236.2,2.01,23.377,83,0.619,494.8,1,7
UG-MBR-0006,beans,2026-03-01T00:00:00,26.057,47.46,3.058,63.159,23.0,30.3,236.0,2.057,24.127,84,0.54,432.1,1,7
UG-MBR-0006,beans,2026-03-02T00:00:00,25.907,46.64,3.055,61.821,22.7,30.4,236.1,1.907,23.307,85,0.53,424.4,1,6
UG-MBR-0006,beans,2026-03-03T00:00:00,25.977,44.21,1.094,61.579,22.5,30.4,235.7,1.977,20.877,86,0.607,485.7,1,4
UG-MBR-0006,beans,2026-03-04T00:00:00,25.929,41.49,1.313,62.614,22.3,30.3,235.6,1.929,18.157,87,0.566,452.5,1,2
UG-MBR-0006,beans,2026-03-05T00:00:00,25.974,43.2,1.166,61.854,22.3,30.2,236.0,1.974,19.867,88,0.593,474.1,1,2
UG-MBR-0006,beans,2026-03-06T00:00:00,25.924,38.71,1.028,63.479,22.1,30.2,236.1,1.924,15.377,89,0.614,491.3,1,0
UG-MBR-0006,beans,2026-03-07T00:00:00,26.157,40.44,1.373,64.284,22.0,30.1,236.0,2.157,17.107,90,0.604,483.5,1,0
UG-MBR-0006,beans,2026-03-08T00:00:00,26.086,41.18,1.011,64.089,21.9,30.2,235.9,2.086,17.847,91,0.579,463.0,1,0
UG-MBR-0006,beans,2026-03-09T00:00:00,26.1,39.94,1.361,65.35,21.9,30.1,235.8,2.1,16.607,92,0.566,452.7,1,0
UG-MBR-0006,beans,2026-03-10T00:00:00,26.086,39.99,2.864,64.566,21.8,30.1,236.1,2.086,16.657,93,0.559,447.2,1,0
UG-MBR-0006,beans,2026-03-11T00:00:00,26.047,39.96,3.063,64.111,21.8,30.0,235.9,2.047,16.627,94,0.559,447.6,1,0
UG-MBR-0006,beans,2026-03-12T00:00:00,25.917,37.16,4.348,62.981,21.8,29.9,234.8,1.917,13.827,95,0.6,479.6,1,0
UG-MBR-0006,beans,2026-03-13T00:00:00,25.834,37.72,4.624,61.109,21.7,29.9,234.6,1.834,14.387,96,0.548,438.6,1,0
UG-MBR-0006,beans,2026-03-14T00:00:00,25.757,38.04,4.173,61.679,21.6,30.0,234.4,1.757,14.707,97,0.558,446.3,1,0
UG-MBR-0006,beans,2026-03-15T00:00:00,25.709,37.27,3.903,60.566,21.5,29.9,234.4,1.709,13.937,98,0.606,485.1,1,0
UG-MBR-0006,beans,2026-03-16T00:00:00,25.601,33.78,3.759,60.279,21.4,29.8,234.3,1.601,10.447,99,0.628,502.1,1,0
UG-MBR-0006,beans,2026-03-17T00:00:00,25.403,33.15,2.64,59.84,21.2,29.6,233.6,1.403,9.817,100,0.65,519.8,1,0
UG-MBR-0006,beans,2026-03-18T00:00:00,25.086,30.96,1.833,59.016,21.1,29.5,233.6,1.086,7.627,101,0.669,535.4,1,0
UG-MBR-0006,beans,2026-03-19T00:00:00,24.864,30.01,1.212,59.944,21.0,29.6,234.0,0.864,6.677,102,0.762,609.7,2,0
UG-MBR-0006,beans,2026-03-20T00:00:00,24.65,26.06,0.856,60.744,20.9,29.6,233.6,0.65,2.727,103,0.728,582.4,2,0
UG-MBR-0006,beans,2026-03-21T00:00:00,24.431,23.16,0.722,59.976,20.7,29.5,233.2,0.431,0.173,104,0.737,589.3,2,0
UG-MBR-0006,beans,2026-03-22T00:00:00,24.454,21.4,0.502,59.801,20.8,29.3,232.8,0.454,1.933,105,0.739,591.2,2,0
UG-MBR-0006,beans,2026-03-23T00:00:00,24.346,26.04,0.503,60.276,20.8,29.3,232.1,0.346,2.707,106,0.762,609.7,2,0
UG-MBR-0006,beans,2026-03-24T00:00:00,24.347,25.2,0.271,59.039,20.9,29.3,232.1,0.347,1.867,107,0.741,592.5,2,0
UG-MBR-0006,beans,2026-03-25T00:00:00,24.449,29.25,0.316,58.303,20.8,29.2,232.1,0.449,5.917,108,0.727,581.8,2,0
UG-MBR-0006,beans,2026-03-26T00:00:00,24.559,28.01,0.816,56.487,20.7,29.1,232.0,0.559,4.677,109,0.719,575.2,2,0
UG-MBR-0006,beans,2026-03-27T00:00:00,24.274,32.33,0.734,56.344,20.6,28.9,232.0,0.274,8.997,110,0.668,534.2,1,0
UG-MBR-0006,beans,2026-03-28T00:00:00,23.89,38.18,0.675,54.487,20.5,28.9,232.2,0.11,14.847,111,0.636,508.9,1,0
UG-MBR-0006,beans,2026-03-29T00:00:00,23.549,35.06,0.697,54.106,20.5,29.0,231.9,0.451,11.727,112,0.7,560.0,1,0
UG-MBR-0006,beans,2026-03-30T00:00:00,23.351,32.63,0.61,53.481,20.4,28.9,232.3,0.649,9.297,113,0.676,541.0,1,0
UG-MBR-0006,beans,2026-03-31T00:00:00,23.097,32.09,1.391,53.411,20.3,28.9,232.2,0.903,8.757,114,0.631,505.2,1,0
UG-MBR-0006,beans,2026-04-01T00:00:00,22.809,26.97,1.342,53.321,20.1,29.0,231.7,1.191,3.637,115,0.688,550.1,1,0
UG-MBR-0006,beans,2026-04-02T00:00:00,22.591,28.93,1.305,54.759,20.1,28.9,231.3,1.409,5.597,116,0.615,491.7,1,0
UG-MBR-0006,beans,2026-04-03T00:00:00,22.507,27.21,0.974,54.119,20.2,29.0,231.1,1.493,3.877,117,0.698,558.7,1,0
UG-MBR-0006,beans,2026-04-04T00:00:00,22.573,20.93,1.022,54.534,20.2,28.9,230.8,1.427,2.403,118,0.746,596.4,2,0
UG-MBR-0006,beans,2026-04-05T00:00:00,22.366,20.51,1.379,54.707,20.2,28.8,230.8,1.634,2.823,119,0.655,524.4,1,0
UG-MBR-0006,beans,2026-04-06T00:00:00,22.269,19.36,0.949,53.849,20.0,28.8,230.5,1.731,3.973,120,0.693,554.2,1,0
UG-MBR-0006,beans,2026-04-07T00:00:00,22.189,19.16,0.74,55.273,20.0,28.6,230.2,1.811,4.173,121,0.717,573.4,2,0
UG-MBR-0006,beans,2026-04-08T00:00:00,22.073,20.41,0.558,55.65,20.0,28.6,230.3,1.927,2.923,122,0.73,584.3,2,0
UG-MBR-0006,beans,2026-04-09T00:00:00,21.834,19.01,0.586,53.379,19.8,28.6,230.5,2.166,4.323,123,0.72,575.7,2,0
UG-MBR-0006,beans,2026-04-10T00:00:00,21.954,18.92,0.219,53.04,19.6,28.5,230.4,2.046,4.413,124,0.631,504.4,1,0
UG-MBR-0006,beans,2026-04-11T00:00:00,21.914,16.69,0.208,52.016,19.4,28.3,230.1,2.086,6.643,125,0.682,545.6,1,0
UG-MBR-0006,beans,2026-04-12T00:00:00,21.893,19.99,0.31,52.209,19.2,28.2,230.1,2.107,3.343,126,0.645,515.7,1,0
UG-MBR-0006,beans,2026-04-13T00:00:00,21.74,18.99,0.623,51.226,19.3,28.2,230.1,2.26,4.343,127,0.645,516.0,1,0
UG-MBR-0006,beans,2026-04-14T00:00:00,21.641,16.6,0.62,51.329,19.2,28.3,230.0,2.359,6.733,128,0.679,542.9,1,0
UG-MBR-0006,beans,2026-04-15T00:00:00,21.687,15.55,0.907,51.744,19.1,28.2,229.8,2.313,7.783,129,0.647,517.9,1,0
UG-MBR-0006,beans,2026-04-16T00:00:00,21.591,11.97,0.864,53.156,19.2,28.2,229.6,2.409,11.363,130,0.635,507.9,1,0
UG-MBR-0006,beans,2026-04-17T00:00:00,21.34,11.09,2.291,52.03,19.3,28.0,229.5,2.66,12.243,131,0.563,450.1,1,0
UG-MBR-0006,beans,2026-04-18T00:00:00,21.183,11.79,2.1,52.8,19.2,28.1,229.3,2.817,11.543,132,0.639,511.2,1,0
UG-MBR-0006,beans,2026-04-19T00:00:00,21.03,8.7,2.17,51.331,19.2,28.0,228.7,2.97,14.633,133,0.587,469.9,1,0
UG-MBR-0006,beans,2026-04-20T00:00:00,20.873,10.88,3.544,53.386,19.2,27.9,228.5,3.127,12.453,134,0.6,479.7,1,0
UG-MBR-0006,beans,2026-04-21T00:00:00,20.739,11.92,3.528,53.704,19.0,27.8,228.6,3.261,11.413,135,0.546,436.5,1,0
UG-MBR-0006,beans,2026-04-22T00:00:00,20.419,13.77,2.768,52.593,18.9,27.7,228.3,3.581,9.563,136,0.626,501.2,1,0
UG-MBR-0006,beans,2026-04-23T00:00:00,20.311,13.77,2.624,52.751,18.8,27.6,227.7,3.689,9.563,137,0.58,464.2,1,0
UG-MBR-0006,beans,2026-04-24T00:00:00,20.05,12.91,2.284,51.759,18.8,27.7,227.5,3.95,10.423,138,0.563,450.1,1,0
UG-MBR-0006,beans,2026-04-25T00:00:00,19.907,12.21,1.718,51.934,18.6,27.6,227.6,4.093,11.123,139,0.594,475.6,1,0
UG-MBR-0006,beans,2026-04-26T00:00:00,19.774,13.65,1.64,51.101,18.5,27.6,227.7,4.226,9.683,140,0.603,482.4,1,0
UG-MBR-0006,beans,2026-04-27T00:00:00,19.84,11.47,1.34,49.071,18.4,27.7,227.7,4.16,11.863,141,0.546,436.5,1,0
UG-MBR-0006,beans,2026-04-28T00:00:00,19.83,13.54,2.319,46.837,18.4,27.7,227.4,4.17,9.793,142,0.642,513.7,1,0
UG-MBR-0006,beans,2026-04-29T00:00:00,19.864,11.85,2.34,46.441,18.4,27.6,227.4,4.136,11.483,143,0.621,496.8,1,0
UG-MBR-0006,beans,2026-04-30T00:00:00,20.019,11.85,2.392,45.009,18.4,27.5,227.2,3.981,11.483,144,0.586,469.1,1,0
UG-MBR-0006,beans,2026-05-01T00:00:00,19.92,9.19,3.239,45.436,18.3,27.5,227.1,4.08,14.143,145,0.553,442.3,1,0
UG-MBR-0006,beans,2026-05-02T00:00:00,19.657,9.19,3.198,44.523,18.6,27.5,226.8,4.343,14.143,146,0.548,438.0,1,0
UG-MBR-0006,beans,2026-05-03T00:00:00,19.691,6.77,2.02,46.439,18.5,27.4,226.7,4.309,16.563,147,0.479,382.8,1,0
UG-MBR-0006,beans,2026-05-04T00:00:00,19.391,5.07,2.2,46.77,18.4,27.3,226.9,4.609,18.263,148,0.508,406.7,1,0
UG-MBR-0006,beans,2026-05-05T00:00:00,19.167,4.34,2.254,48.137,18.3,27.2,226.9,4.833,18.993,149,0.497,397.9,1,0
UG-MBR-0006,beans,2026-05-06T00:00:00,19.006,2.76,2.429,47.09,18.2,27.1,226.7,4.994,20.573,150,0.46,368.4,1,0
UG-MBR-0006,beans,2026-05-07T00:00:00,18.86,3.13,2.566,47.259,18.1,27.1,226.8,5.14,20.203,151,0.468,374.1,1,0
UG-MBR-0006,beans,2026-05-08T00:00:00,19.007,4.28,1.315,47.363,17.9,27.0,226.7,4.993,19.053,152,0.425,339.6,1,0
UG-MBR-0006,beans,2026-05-09T00:00:00,19.247,4.28,1.375,47.807,17.7,26.9,226.3,4.753,19.053,153,0.464,371.4,1,0
UG-MBR-0006,beans,2026-05-10T00:00:00,19.229,4.43,2.007,45.794,17.7,26.8,226.1,4.771,18.903,154,0.521,416.9,1,0
UG-MBR-0006,beans,2026-05-11T00:00:00,19.276,4.68,1.943,45.18,17.6,26.7,225.4,4.724,18.653,155,0.547,437.7,1,0
UG-MBR-0006,beans,2026-05-12T00:00:00,19.386,1.92,1.316,42.813,17.4,26.7,225.0,4.614,21.413,156,0.45,360.0,1,0
UG-MBR-0006,beans,2026-05-13T00:00:00,19.327,1.92,1.158,43.884,17.3,26.6,224.9,4.673,21.413,157,0.483,386.6,1,0
UG-MBR-0006,beans,2026-05-14T00:00:00,19.39,2.7,2.164,43.589,17.2,26.6,224.7,4.61,20.633,158,0.51,407.7,1,0
UG-MBR-0006,beans,2026-05-15T00:00:00,19.36,1.55,2.107,43.269,17.2,26.6,224.7,4.64,21.783,159,0.452,361.3,1,0
UG-MBR-0006,beans,2026-05-16T00:00:00,19.234,1.55,2.081,42.734,17.1,26.6,225.0,4.766,21.783,160,0.485,388.2,1,0
UG-MBR-0006,beans,2026-05-17T00:00:00,19.069,4.8,1.483,43.953,16.9,26.5,224.8,4.931,18.533,161,0.491,392.8,1,0
UG-MBR-0006,beans,2026-05-18T00:00:00,18.993,4.55,1.509,44.009,17.0,26.6,224.8,5.007,18.783,162,0.525,420.0,1,0
UG-MBR-0006,beans,2026-05-19T00:00:00,18.961,5.63,2.045,45.103,17.1,26.6,224.9,5.039,17.703,163,0.455,364.3,1,0
UG-MBR-0006,beans,2026-05-20T00:00:00,18.923,5.63,2.278,45.003,17.1,26.6,224.7,5.077,17.703,164,0.459,366.9,1,0
UG-MBR-0006,beans,2026-05-21T00:00:00,18.744,8.26,1.189,44.486,17.0,26.6,224.5,5.256,15.073,165,0.526,420.8,1,0
UG-MBR-0006,beans,2026-05-22T00:00:00,18.694,8.26,1.569,44.933,16.8,26.4,224.8,5.306,15.073,166,0.515,412.2,1,0
UG-MBR-0006,beans,2026-05-23T00:00:00,18.739,8.33,1.703,45.677,16.7,26.5,224.2,5.261,15.003,167,0.51,408.2,1,0
UG-MBR-0006,beans,2026-05-24T00:00:00,18.744,5.82,1.27,45.197,16.6,26.5,224.3,5.256,17.513,168,0.512,409.5,1,0
UG-MBR-0006,beans,2026-05-25T00:00:00,18.784,5.82,1.496,45.203,16.5,26.3,224.4,5.216,17.513,169,0.465,371.9,1,0
UG-MBR-0006,beans,2026-05-26T00:00:00,18.97,4.74,0.434,44.611,16.5,26.4,224.2,5.03,18.593,170,0.457,365.8,1,0
UG-MBR-0006,beans,2026-05-27T00:00:00,19.094,4.99,0.433,43.699,16.5,26.4,223.9,4.906,18.343,171,0.487,389.6,1,0
UG-MBR-0006,beans,2026-05-28T00:00:00,19.003,3.51,0.569,43.601,16.5,26.3,224.0,4.997,19.823,172,0.475,379.9,1,0
UG-MBR-0006,beans,2026-05-29T00:00:00,18.967,3.62,0.509,43.459,16.6,26.2,223.3,5.033,19.713,173,0.479,383.2,1,0
UG-MBR-0006,beans,2026-05-30T00:00:00,18.984,3.55,2.435,41.357,16.7,26.1,223.2,5.016,19.783,174,0.509,407.0,1,0
UG-MBR-0006,beans,2026-05-31T00:00:00,19.191,3.71,2.579,41.439,16.8,26.1,223.0,4.809,19.623,175,0.497,397.7,1,0
UG-MBR-0006,beans,2026-06-01T00:00:00,19.281,3.71,2.039,39.927,16.6,26.0,222.8,4.719,19.623,176,0.494,395.1,1,0
UG-MBR-0006,beans,2026-06-02T00:00:00,19.117,5.73,2.005,39.961,16.5,25.9,222.3,4.883,17.603,177,0.497,397.8,1,0
UG-MBR-0006,beans,2026-06-03T00:00:00,19.083,7.56,1.59,40.829,16.3,25.8,222.3,4.917,15.773,178,0.493,394.5,1,0
UG-MBR-0006,beans,2026-06-04T00:00:00,19.334,5.26,2.257,41.516,16.2,25.7,222.0,4.666,18.073,179,0.46,368.2,1,0
